,Account,Id,Ref,Qty,filled,Type,Action,Aux,Lmt,TrailStop,AlgoStrategy,RTH,TIF,,
KREF,DU3053535,3397,,51,1.79769313486232E+308,LMT,BUY,0,19.69,20.69,,True,GTC,,,20201228 09:30:00 EST, 274859321≥+19.3, 274859321≥+70655,margin ≥+20
KRG,DU3053535,3396,,61,1.79769313486232E+308,TRAIL,SELL,1.16,0,15.06,,False,GTC,,
KRG,DU3053535,3395,,61,1.79769313486232E+308,LMT,SELL,0,19.11,20.11,,True,GTC,,
KRG,DU3053535,3394,,61,1.79769313486232E+308,LMT,BUY,0,16.54,17.54,,True,GTC,,,20201228 09:30:00 EST, 161703135≥+16.22, 161703135≥+237764,margin ≥+20
KRNY,DU3053535,3393,,89,1.79769313486232E+308,TRAIL,SELL,0.66,0,10.54,,False,GTC,,
KRNY,DU3053535,3392,,89,1.79769313486232E+308,LMT,SELL,0,12.85,13.85,,True,GTC,,
KRNY,DU3053535,3391,,89,1.79769313486232E+308,LMT,BUY,0,11.42,12.42,,True,GTC,,,20201228 09:30:00 EST, 195014109≥+11.2, 195014109≥+195000,margin ≥+20
KRO,DU3053535,3390,,63,1.79769313486232E+308,TRAIL,SELL,0.8,0,14.84,,False,GTC,,
KN,DU3053535,3405,,53,1.79769313486232E+308,TRAIL,SELL,0.9,0,17.84,,False,GTC,,
KN,DU3053535,3404,,53,1.79769313486232E+308,LMT,SELL,0,21,22,,True,GTC,,
KN,DU3053535,3403,,53,1.79769313486232E+308,LMT,BUY,0,19.12,20.12,,True,GTC,,,20201228 09:30:00 EST, 143926983≥+18.74, 143926983≥+500909,margin ≥+20
KNL,DU3053535,3402,,65,1.79769313486232E+308,TRAIL,SELL,1.2,0,14.17,,False,GTC,,
KNL,DU3053535,3401,,65,1.79769313486232E+308,LMT,SELL,0,18.38,19.38,,True,GTC,,
KNL,DU3053535,3400,,65,1.79769313486232E+308,LMT,BUY,0,15.68,16.68,,True,GTC,,,20201228 09:30:00 EST, 32606999≥+15.37, 32606999≥+157182,margin ≥+20
KREF,DU3053535,3399,,51,1.79769313486232E+308,TRAIL,SELL,0.94,0,18.36,,False,GTC,,
KREF,DU3053535,3398,,51,1.79769313486232E+308,LMT,SELL,0,21.66,22.66,,True,GTC,,
KMDA,DU3053535,3413,,144,1.79769313486232E+308,LMT,SELL,0,8.08,9.08,,True,GTC,,
KMDA,DU3053535,3412,,144,1.79769313486232E+308,LMT,BUY,0,7.06,8.06,,True,GTC,,,20201228 09:30:00 EST, 128636953≥+6.92, 128636953≥+124636,margin ≥+20
KMF,DU3053535,3411,,165,1.79769313486232E+308,TRAIL,SELL,0.34,0,5.71,,False,GTC,,
KMF,DU3053535,3410,,165,1.79769313486232E+308,LMT,SELL,0,6.92,7.92,,True,GTC,,
KMF,DU3053535,3409,,165,1.79769313486232E+308,LMT,BUY,0,6.18,7.18,,True,GTC,,,20201228 09:30:00 EST, 81330131≥+6.06, 81330131≥+51291,margin ≥+20
KMI,DU3053535,3408,,65,1.79769313486232E+308,TRAIL,SELL,0.87,0,14.3,,False,GTC,,
KMI,DU3053535,3407,,65,1.79769313486232E+308,LMT,SELL,0,17.34,18.34,,True,GTC,,
KMI,DU3053535,3406,,65,1.79769313486232E+308,LMT,BUY,0,15.47,16.47,,True,GTC,,,20201228 09:30:00 EST, 83975037≥+15.17, 83975037≥+5470509,margin ≥+20
KEY,DU3053535,3421,,58,1.79769313486232E+308,LMT,BUY,0,17.3,18.3,,True,GTC,,,20201228 09:30:00 EST, 8809≥+16.96, 8809≥+1668855,margin ≥+20
KGC,DU3053535,3420,,125,1.79769313486232E+308,TRAIL,SELL,0.69,0,7.31,,False,GTC,,
KGC,DU3053535,3419,,125,1.79769313486232E+308,LMT,SELL,0,9.73,10.73,,True,GTC,,
KGC,DU3053535,3418,,125,1.79769313486232E+308,LMT,BUY,0,8.16,9.16,,True,GTC,,,20201228 09:30:00 EST, 8823≥+8, 8823≥+7402600,margin ≥+20
KIM,DU3053535,3417,,62,1.79769313486232E+308,TRAIL,SELL,1.17,0,14.75,,False,GTC,,
KIM,DU3053535,3416,,62,1.79769313486232E+308,LMT,SELL,0,18.83,19.83,,True,GTC,,
KIM,DU3053535,3415,,62,1.79769313486232E+308,LMT,BUY,0,16.23,17.23,,True,GTC,,,20201228 09:30:00 EST, 8845≥+15.92, 8845≥+1437909,margin ≥+20
KMDA,DU3053535,3414,,144,1.79769313486232E+308,TRAIL,SELL,0.46,0,6.46,,False,GTC,,
LCI,DU3053535,3365,,138,1.79769313486232E+308,LMT,SELL,0,8.85,9.85,,True,GTC,,
LCI,DU3053535,3364,,138,1.79769313486232E+308,LMT,BUY,0,7.37,8.37,,True,GTC,,,20201228 09:30:00 EST, 15354309≥+7.23, 15354309≥+114745,margin ≥+20
LCY,DU3053535,3363,,92,1.79769313486232E+308,TRAIL,SELL,0.66,0,10.18,,False,GTC,,
LCY,DU3053535,3362,,92,1.79769313486232E+308,LMT,SELL,0,12.49,13.49,,True,GTC,,
LCY,DU3053535,3361,,92,1.79769313486232E+308,LMT,BUY,0,11.06,12.06,,True,GTC,,,20201228 09:30:00 EST, 457630868≥+10.84, 457630868≥+58182,margin ≥+20
LFAC,DU3053535,3360,,89,1.79769313486232E+308,TRAIL,SELL,0.48,0,10.64,,False,GTC,,
LFAC,DU3053535,3359,,89,1.79769313486232E+308,LMT,SELL,0,12.33,13.33,,True,GTC,,
LFAC,DU3053535,3358,,89,1.79769313486232E+308,LMT,BUY,0,11.35,12.35,,True,GTC,,,20201228 09:30:00 EST, 323805593≥+11.13, 323805593≥+274273,margin ≥+20
LAND,DU3053535,3373,,63,1.79769313486232E+308,LMT,BUY,0,16.06,17.06,,True,GTC,,,20201228 09:30:00 EST, 121560173≥+15.75, 121560173≥+114127,margin ≥+20
LAUR,DU3053535,3372,,62,1.79769313486232E+308,TRAIL,SELL,0.88,0,15.08,,False,GTC,,
LAUR,DU3053535,3371,,62,1.79769313486232E+308,LMT,SELL,0,18.15,19.15,,True,GTC,,
LAUR,DU3053535,3370,,62,1.79769313486232E+308,LMT,BUY,0,16.28,17.28,,True,GTC,,,20201228 09:30:00 EST, 264485686≥+15.96, 264485686≥+216073,margin ≥+20
LBAI,DU3053535,3369,,74,1.79769313486232E+308,TRAIL,SELL,0.82,0,12.59,,False,GTC,,
LBAI,DU3053535,3368,,74,1.79769313486232E+308,LMT,SELL,0,15.47,16.47,,True,GTC,,
LBAI,DU3053535,3367,,74,1.79769313486232E+308,LMT,BUY,0,13.68,14.68,,True,GTC,,,20201228 09:30:00 EST, 14487955≥+13.41, 14487955≥+79145,margin ≥+20
LCI,DU3053535,3366,,138,1.79769313486232E+308,TRAIL,SELL,0.65,0,6.58,,False,GTC,,
KYN,DU3053535,3381,,147,1.79769313486232E+308,TRAIL,SELL,0.56,0,6.2,,False,GTC,,
KYN,DU3053535,3380,,147,1.79769313486232E+308,LMT,SELL,0,8.16,9.16,,True,GTC,,
KYN,DU3053535,3379,,147,1.79769313486232E+308,LMT,BUY,0,6.9,7.9,,True,GTC,,,20201228 09:30:00 EST, 31250966≥+6.76, 31250966≥+28400,margin ≥+20
LADR,DU3053535,3378,,96,1.79769313486232E+308,TRAIL,SELL,0.66,0,9.69,,False,GTC,,
LADR,DU3053535,3377,,96,1.79769313486232E+308,LMT,SELL,0,12.01,13.01,,True,GTC,,
LADR,DU3053535,3376,,96,1.79769313486232E+308,LMT,BUY,0,10.56,11.56,,True,GTC,,,20201228 09:30:00 EST, 143731062≥+10.35, 143731062≥+209709,margin ≥+20
LAND,DU3053535,3375,,63,1.79769313486232E+308,TRAIL,SELL,0.95,0,14.8,,False,GTC,,
LAND,DU3053535,3374,,63,1.79769313486232E+308,LMT,SELL,0,18.12,19.12,,True,GTC,,
KRO,DU3053535,3389,,63,1.79769313486232E+308,LMT,SELL,0,17.64,18.64,,True,GTC,,
KRO,DU3053535,3388,,63,1.79769313486232E+308,LMT,BUY,0,15.95,16.95,,True,GTC,,,20201228 09:30:00 EST, 26976201≥+15.64, 26976201≥+69255,margin ≥+20
KT,DU3053535,3387,,85,1.79769313486232E+308,TRAIL,SELL,0.35,0,11.28,,False,GTC,,
KT,DU3053535,3386,,85,1.79769313486232E+308,LMT,SELL,0,12.5,13.5,,True,GTC,,
KT,DU3053535,3385,,85,1.79769313486232E+308,LMT,BUY,0,11.86,12.86,,True,GTC,,,20201228 09:30:00 EST, 6608089≥+11.63, 6608089≥+157273,margin ≥+20
KW,DU3053535,3384,,54,1.79769313486232E+308,TRAIL,SELL,0.87,0,17.49,,False,GTC,,
KW,DU3053535,3383,,54,1.79769313486232E+308,LMT,SELL,0,20.55,21.55,,True,GTC,,
KW,DU3053535,3382,,54,1.79769313486232E+308,LMT,BUY,0,18.73,19.73,,True,GTC,,,20201228 09:30:00 EST, 70298853≥+18.36, 70298853≥+381109,margin ≥+20
INVA,DU3053535,3461,,77,1.79769313486232E+308,LMT,SELL,0,15.54,16.54,,True,GTC,,
INVA,DU3053535,3460,,77,1.79769313486232E+308,LMT,BUY,0,13.14,14.14,,True,GTC,,,20201228 09:30:00 EST, 218462822≥+12.88, 218462822≥+479055,margin ≥+20
IRT,DU3053535,3459,,70,1.79769313486232E+308,TRAIL,SELL,0.8,0,13.41,,False,GTC,,
IRT,DU3053535,3458,,70,1.79769313486232E+308,LMT,SELL,0,16.21,17.21,,True,GTC,,
IRT,DU3053535,3457,,70,1.79769313486232E+308,LMT,BUY,0,14.5,15.5,,True,GTC,,,20201228 09:30:00 EST, 132629528≥+14.21, 132629528≥+309691,margin ≥+20
IRWD,DU3053535,3456,,78,1.79769313486232E+308,TRAIL,SELL,0.76,0,11.98,,False,GTC,,
IRWD,DU3053535,3455,,78,1.79769313486232E+308,LMT,SELL,0,14.63,15.63,,True,GTC,,
IRWD,DU3053535,3454,,78,1.79769313486232E+308,LMT,BUY,0,12.99,13.99,,True,GTC,,,20201228 09:30:00 EST, 72384253≥+12.74, 72384253≥+743618,margin ≥+20
INFY,DU3053535,3469,,59,1.79769313486232E+308,LMT,BUY,0,17.19,18.19,,True,GTC,,,20201228 09:30:00 EST, 4813460≥+16.86, 4813460≥+861000,margin ≥+20
ING,DU3053535,3468,,97,1.79769313486232E+308,TRAIL,SELL,0.69,0,9.57,,False,GTC,,
ING,DU3053535,3467,,97,1.79769313486232E+308,LMT,SELL,0,11.97,12.97,,True,GTC,,
ING,DU3053535,3466,,97,1.79769313486232E+308,LMT,BUY,0,10.46,11.46,,True,GTC,,,20201228 09:30:00 EST, 2865956≥+10.25, 2865956≥+192073,margin ≥+20
INOV,DU3053535,3465,,48,1.79769313486232E+308,TRAIL,SELL,1.49,0,18.99,,False,GTC,,
INOV,DU3053535,3464,,48,1.79769313486232E+308,LMT,SELL,0,24.21,25.21,,True,GTC,,
INOV,DU3053535,3463,,48,1.79769313486232E+308,LMT,BUY,0,20.89,21.89,,True,GTC,,,20201228 09:30:00 EST, 183623073≥+20.48, 183623073≥+207327,margin ≥+20
INVA,DU3053535,3462,,77,1.79769313486232E+308,TRAIL,SELL,1.06,0,11.82,,False,GTC,,
IMO,DU3053535,3477,,48,1.79769313486232E+308,TRAIL,SELL,1.41,0,19.18,,False,GTC,,
IMO,DU3053535,3476,,48,1.79769313486232E+308,LMT,SELL,0,24.13,25.13,,True,GTC,,
IMO,DU3053535,3475,,48,1.79769313486232E+308,LMT,BUY,0,21.01,22.01,,True,GTC,,,20201228 09:30:00 EST, 5800707≥+20.6, 5800707≥+26473,margin ≥+20
IMPX,DU3053535,3474,,92,1.79769313486232E+308,TRAIL,SELL,0.58,0,10.22,,False,GTC,,
IMPX,DU3053535,3473,,92,1.79769313486232E+308,LMT,SELL,0,12.27,13.27,,True,GTC,,
IMPX,DU3053535,3472,,92,1.79769313486232E+308,LMT,BUY,0,11.03,12.03,,True,GTC,,,20201228 09:30:00 EST, 455575421≥+10.81, 455575421≥+33309,margin ≥+20
INFY,DU3053535,3471,,59,1.79769313486232E+308,TRAIL,SELL,0.82,0,16.04,,False,GTC,,
INFY,DU3053535,3470,,59,1.79769313486232E+308,LMT,SELL,0,18.9,19.9,,True,GTC,,
III,DU3053535,3485,,289,1.79769313486232E+308,LMT,SELL,0,4.23,5.23,,True,GTC,,
III,DU3053535,3484,,289,1.79769313486232E+308,LMT,BUY,0,3.52,4.52,,True,GTC,,,20201228 09:30:00 EST, 42870941≥+3.45, 42870941≥+67818,margin ≥+20
IMAX,DU3053535,3483,,57,1.79769313486232E+308,TRAIL,SELL,1.67,0,15.73,,False,GTC,,
IMAX,DU3053535,3482,,57,1.79769313486232E+308,LMT,SELL,0,21.59,22.59,,True,GTC,,
IMAX,DU3053535,3481,,57,1.79769313486232E+308,LMT,BUY,0,17.76,18.76,,True,GTC,,,20201228 09:30:00 EST, 4813359≥+17.41, 4813359≥+136364,margin ≥+20
IMMR,DU3053535,3480,,102,1.79769313486232E+308,TRAIL,SELL,0.84,0,8.89,,False,GTC,,
IMMR,DU3053535,3479,,102,1.79769313486232E+308,LMT,SELL,0,11.84,12.84,,True,GTC,,
IMMR,DU3053535,3478,,102,1.79769313486232E+308,LMT,BUY,0,9.93,10.93,,True,GTC,,,20201228 09:30:00 EST, 6278574≥+9.73, 6278574≥+78800,margin ≥+20
KELYA,DU3053535,3429,,43,1.79769313486232E+308,TRAIL,SELL,1.8,0,21.01,,False,GTC,,
KELYA,DU3053535,3428,,43,1.79769313486232E+308,LMT,SELL,0,27.3,28.3,,True,GTC,,
KELYA,DU3053535,3427,,43,1.79769313486232E+308,LMT,BUY,0,23.26,24.26,,True,GTC,,,20201228 09:30:00 EST, 270939≥+22.81, 270939≥+97327,margin ≥+20
KEP,DU3053535,3426,,80,1.79769313486232E+308,TRAIL,SELL,0.78,0,11.59,,False,GTC,,
KEP,DU3053535,3425,,80,1.79769313486232E+308,LMT,SELL,0,14.31,15.31,,True,GTC,,
KEP,DU3053535,3424,,80,1.79769313486232E+308,LMT,BUY,0,12.61,13.61,,True,GTC,,,20201228 09:30:00 EST, 8803≥+12.37, 8803≥+26745,margin ≥+20
KEY,DU3053535,3423,,58,1.79769313486232E+308,TRAIL,SELL,1.12,0,15.85,,False,GTC,,
KEY,DU3053535,3422,,58,1.79769313486232E+308,LMT,SELL,0,19.75,20.75,,True,GTC,,
JQC,DU3053535,3437,,156,1.79769313486232E+308,LMT,SELL,0,6.79,7.79,,True,GTC,,
JQC,DU3053535,3436,,156,1.79769313486232E+308,LMT,BUY,0,6.53,7.53,,True,GTC,,,20201228 09:30:00 EST, 18832912≥+6.4, 18832912≥+70055,margin ≥+20
KAR,DU3053535,3435,,49,1.79769313486232E+308,TRAIL,SELL,1.41,0,18.6,,False,GTC,,
KAR,DU3053535,3434,,49,1.79769313486232E+308,LMT,SELL,0,23.54,24.54,,True,GTC,,
KAR,DU3053535,3433,,49,1.79769313486232E+308,LMT,BUY,0,20.41,21.41,,True,GTC,,,20201228 09:30:00 EST, 70907405≥+20.01, 70907405≥+458109,margin ≥+20
KBAL,DU3053535,3432,,75,1.79769313486232E+308,TRAIL,SELL,0.98,0,12.2,,False,GTC,,
KBAL,DU3053535,3431,,75,1.79769313486232E+308,LMT,SELL,0,15.65,16.65,,True,GTC,,
KBAL,DU3053535,3430,,75,1.79769313486232E+308,LMT,BUY,0,13.45,14.45,,True,GTC,,,20201228 09:30:00 EST, 270927≥+13.19, 270927≥+98964,margin ≥+20
ITUB,DU3053535,3445,,150,1.79769313486232E+308,LMT,BUY,0,6.76,7.76,,True,GTC,,,20201228 09:30:00 EST, 58996617≥+6.63, 58996617≥+1768164,margin ≥+20
IVC,DU3053535,3444,,104,1.79769313486232E+308,TRAIL,SELL,0.85,0,8.7,,False,GTC,,
IVC,DU3053535,3443,,104,1.79769313486232E+308,LMT,SELL,0,11.67,12.67,,True,GTC,,
IVC,DU3053535,3442,,104,1.79769313486232E+308,LMT,BUY,0,9.74,10.74,,True,GTC,,,20201228 09:30:00 EST, 270777≥+9.55, 270777≥+77109,margin ≥+20
IVZ,DU3053535,3441,,53,1.79769313486232E+308,TRAIL,SELL,1.22,0,17.43,,False,GTC,,
IVZ,DU3053535,3440,,53,1.79769313486232E+308,LMT,SELL,0,21.71,22.71,,True,GTC,,
IVZ,DU3053535,3439,,53,1.79769313486232E+308,LMT,BUY,0,19.03,20.03,,True,GTC,,,20201228 09:30:00 EST, 47550606≥+18.65, 47550606≥+4042582,margin ≥+20
JQC,DU3053535,3438,,156,1.79769313486232E+308,TRAIL,SELL,0.16,0,6.25,,False,GTC,,
ISBC,DU3053535,3453,,92,1.79769313486232E+308,TRAIL,SELL,0.6,0,10.26,,False,GTC,,
ISBC,DU3053535,3452,,92,1.79769313486232E+308,LMT,SELL,0,12.38,13.38,,True,GTC,,
ISBC,DU3053535,3451,,92,1.79769313486232E+308,LMT,BUY,0,11.08,12.08,,True,GTC,,,20201228 09:30:00 EST, 150700033≥+10.86, 150700033≥+760455,margin ≥+20
ITI,DU3053535,3450,,158,1.79769313486232E+308,TRAIL,SELL,0.54,0,5.76,,False,GTC,,
ITI,DU3053535,3449,,158,1.79769313486232E+308,LMT,SELL,0,7.66,8.66,,True,GTC,,
ITI,DU3053535,3448,,158,1.79769313486232E+308,LMT,BUY,0,6.43,7.43,,True,GTC,,,20201228 09:30:00 EST, 272660≥+6.3, 272660≥+40418,margin ≥+20
ITUB,DU3053535,3447,,150,1.79769313486232E+308,TRAIL,SELL,0.45,0,6.18,,False,GTC,,
ITUB,DU3053535,3446,,150,1.79769313486232E+308,LMT,SELL,0,7.75,8.75,,True,GTC,,
MRTN,DU3053535,3269,,54,1.79769313486232E+308,LMT,SELL,0,20.99,21.99,,True,GTC,,
MRTN,DU3053535,3268,,54,1.79769313486232E+308,LMT,BUY,0,18.82,19.82,,True,GTC,,,20201228 09:30:00 EST, 272052≥+18.45, 272052≥+194564,margin ≥+20
MTG,DU3053535,3267,,76,1.79769313486232E+308,TRAIL,SELL,0.75,0,12.39,,False,GTC,,
MTG,DU3053535,3266,,76,1.79769313486232E+308,LMT,SELL,0,15.03,16.03,,True,GTC,,
MTG,DU3053535,3265,,76,1.79769313486232E+308,LMT,BUY,0,13.41,14.41,,True,GTC,,,20201228 09:30:00 EST, 9902≥+13.14, 9902≥+1425327,margin ≥+20
MTW,DU3053535,3264,,70,1.79769313486232E+308,TRAIL,SELL,1.07,0,13.2,,False,GTC,,
MTW,DU3053535,3263,,70,1.79769313486232E+308,LMT,SELL,0,16.94,17.94,,True,GTC,,
MTW,DU3053535,3262,,70,1.79769313486232E+308,LMT,BUY,0,14.55,15.55,,True,GTC,,,20201228 09:30:00 EST, 296448092≥+14.27, 296448092≥+195200,margin ≥+20
MOD,DU3053535,3277,,74,1.79769313486232E+308,LMT,BUY,0,13.62,14.62,,True,GTC,,,20201228 09:30:00 EST, 271952≥+13.35, 271952≥+123927,margin ≥+20
MOMO,DU3053535,3276,,68,1.79769313486232E+308,TRAIL,SELL,1.28,0,13.4,,False,GTC,,
MOMO,DU3053535,3275,,68,1.79769313486232E+308,LMT,SELL,0,17.87,18.87,,True,GTC,,
MOMO,DU3053535,3274,,68,1.79769313486232E+308,LMT,BUY,0,14.97,15.97,,True,GTC,,,20201228 09:30:00 EST, 176573143≥+14.68, 176573143≥+778109,margin ≥+20
MRC,DU3053535,3273,,136,1.79769313486232E+308,TRAIL,SELL,0.65,0,6.65,,False,GTC,,
MRC,DU3053535,3272,,136,1.79769313486232E+308,LMT,SELL,0,8.93,9.93,,True,GTC,,
MRC,DU3053535,3271,,136,1.79769313486232E+308,LMT,BUY,0,7.45,8.45,,True,GTC,,,20201228 09:30:00 EST, 105719985≥+7.3, 105719985≥+168055,margin ≥+20
MRTN,DU3053535,3270,,54,1.79769313486232E+308,TRAIL,SELL,1.02,0,17.43,,False,GTC,,
MNR,DU3053535,3285,,55,1.79769313486232E+308,TRAIL,SELL,1.13,0,16.76,,False,GTC,,
MNR,DU3053535,3284,,55,1.79769313486232E+308,LMT,SELL,0,20.7,21.7,,True,GTC,,
MNR,DU3053535,3283,,55,1.79769313486232E+308,LMT,BUY,0,18.24,19.24,,True,GTC,,,20201228 09:30:00 EST, 4815006≥+17.89, 4815006≥+348218,margin ≥+20
MNRL,DU3053535,3282,,81,1.79769313486232E+308,TRAIL,SELL,1.07,0,11.22,,False,GTC,,
MNRL,DU3053535,3281,,81,1.79769313486232E+308,LMT,SELL,0,14.98,15.98,,True,GTC,,
MNRL,DU3053535,3280,,81,1.79769313486232E+308,LMT,BUY,0,12.54,13.54,,True,GTC,,,20201228 09:30:00 EST, 360978693≥+12.29, 360978693≥+226982,margin ≥+20
MOD,DU3053535,3279,,74,1.79769313486232E+308,TRAIL,SELL,1.08,0,12.27,,False,GTC,,
MOD,DU3053535,3278,,74,1.79769313486232E+308,LMT,SELL,0,16.04,17.04,,True,GTC,,
MLCO,DU3053535,3293,,50,1.79769313486232E+308,LMT,SELL,0,22.58,23.58,,True,GTC,,
MLCO,DU3053535,3292,,50,1.79769313486232E+308,LMT,BUY,0,20.08,21.08,,True,GTC,,,20201228 09:30:00 EST, 41951960≥+19.69, 41951960≥+295818,margin ≥+20
MMX,DU3053535,3291,,180,1.79769313486232E+308,TRAIL,SELL,0.49,0,5.06,,False,GTC,,
MMX,DU3053535,3290,,180,1.79769313486232E+308,LMT,SELL,0,6.78,7.78,,True,GTC,,
MMX,DU3053535,3289,,180,1.79769313486232E+308,LMT,BUY,0,5.66,6.66,,True,GTC,,,20201228 09:30:00 EST, 367529075≥+5.55, 367529075≥+28364,margin ≥+20
MNOV,DU3053535,3288,,153,1.79769313486232E+308,TRAIL,SELL,0.56,0,5.94,,False,GTC,,
MNOV,DU3053535,3287,,153,1.79769313486232E+308,LMT,SELL,0,7.9,8.9,,True,GTC,,
MNOV,DU3053535,3286,,153,1.79769313486232E+308,LMT,BUY,0,6.63,7.63,,True,GTC,,,20201228 09:30:00 EST, 41950716≥+6.5, 41950716≥+151600,margin ≥+20
NEWT,DU3053535,3237,,51,1.79769313486232E+308,TRAIL,SELL,1.15,0,18.3,,False,GTC,,
NEWT,DU3053535,3236,,51,1.79769313486232E+308,LMT,SELL,0,22.34,23.34,,True,GTC,,
NEWT,DU3053535,3235,,51,1.79769313486232E+308,LMT,BUY,0,19.84,20.84,,True,GTC,,,20201228 09:30:00 EST, 171642734≥+19.45, 171642734≥+23345,margin ≥+20
NFBK,DU3053535,3234,,77,1.79769313486232E+308,TRAIL,SELL,0.75,0,12.16,,False,GTC,,
NFBK,DU3053535,3233,,77,1.79769313486232E+308,LMT,SELL,0,14.77,15.77,,True,GTC,,
NFBK,DU3053535,3232,,77,1.79769313486232E+308,LMT,BUY,0,13.16,14.16,,True,GTC,,,20201228 09:30:00 EST, 121467854≥+12.91, 121467854≥+182636,margin ≥+20
NG,DU3053535,3231,,89,1.79769313486232E+308,TRAIL,SELL,0.95,0,10.27,,False,GTC,,
NG,DU3053535,3230,,89,1.79769313486232E+308,LMT,SELL,0,13.58,14.58,,True,GTC,,
NAVI,DU3053535,3245,,97,1.79769313486232E+308,LMT,SELL,0,12.2,13.2,,True,GTC,,
NAVI,DU3053535,3244,,97,1.79769313486232E+308,LMT,BUY,0,10.45,11.45,,True,GTC,,,20201228 09:30:00 EST, 148782986≥+10.25, 148782986≥+938509,margin ≥+20
NCZ,DU3053535,3243,,193,1.79769313486232E+308,TRAIL,SELL,0.17,0,4.99,,False,GTC,,
NCZ,DU3053535,3242,,193,1.79769313486232E+308,LMT,SELL,0,5.58,6.58,,True,GTC,,
NCZ,DU3053535,3241,,193,1.79769313486232E+308,LMT,BUY,0,5.26,6.26,,True,GTC,,,20201228 09:30:00 EST, 120699430≥+5.16, 120699430≥+44291,margin ≥+20
NEA,DU3053535,3240,,66,1.79769313486232E+308,TRAIL,SELL,0.26,0,14.84,,False,GTC,,
NEA,DU3053535,3239,,66,1.79769313486232E+308,LMT,SELL,0,15.75,16.75,,True,GTC,,
NEA,DU3053535,3238,,66,1.79769313486232E+308,LMT,BUY,0,15.4,16.4,,True,GTC,,,20201228 09:30:00 EST, 17085357≥+15.1, 17085357≥+104145,margin ≥+20
MX,DU3053535,3253,,71,1.79769313486232E+308,LMT,BUY,0,14.27,15.27,,True,GTC,,,20201228 09:30:00 EST, 85258864≥+13.99, 85258864≥+44127,margin ≥+20
MYE,DU3053535,3252,,48,1.79769313486232E+308,TRAIL,SELL,1.59,0,19.08,,False,GTC,,
MYE,DU3053535,3251,,48,1.79769313486232E+308,LMT,SELL,0,24.63,25.63,,True,GTC,,
MYE,DU3053535,3250,,48,1.79769313486232E+308,LMT,BUY,0,21.08,22.08,,True,GTC,,,20201228 09:30:00 EST, 755768≥+20.67, 755768≥+125327,margin ≥+20
NAD,DU3053535,3249,,65,1.79769313486232E+308,TRAIL,SELL,0.21,0,15.05,,False,GTC,,
NAD,DU3053535,3248,,65,1.79769313486232E+308,LMT,SELL,0,15.8,16.8,,True,GTC,,
NAD,DU3053535,3247,,65,1.79769313486232E+308,LMT,BUY,0,15.57,16.57,,True,GTC,,,20201228 09:30:00 EST, 6608344≥+15.26, 6608344≥+88545,margin ≥+20
NAVI,DU3053535,3246,,97,1.79769313486232E+308,TRAIL,SELL,0.78,0,9.47,,False,GTC,,
MUFG,DU3053535,3261,,222,1.79769313486232E+308,TRAIL,SELL,0.15,0,4.33,,False,GTC,,
MUFG,DU3053535,3260,,222,1.79769313486232E+308,LMT,SELL,0,4.87,5.87,,True,GTC,,
MUFG,DU3053535,3259,,222,1.79769313486232E+308,LMT,BUY,0,4.58,5.58,,True,GTC,,,20201228 09:30:00 EST, 9394≥+4.49, 9394≥+80418,margin ≥+20
MWA,DU3053535,3258,,78,1.79769313486232E+308,TRAIL,SELL,0.6,0,12.08,,False,GTC,,
MWA,DU3053535,3257,,78,1.79769313486232E+308,LMT,SELL,0,14.19,15.19,,True,GTC,,
MWA,DU3053535,3256,,78,1.79769313486232E+308,LMT,BUY,0,12.94,13.94,,True,GTC,,,20201228 09:30:00 EST, 39429639≥+12.69, 39429639≥+309236,margin ≥+20
MX,DU3053535,3255,,71,1.79769313486232E+308,TRAIL,SELL,0.84,0,13.14,,False,GTC,,
MX,DU3053535,3254,,71,1.79769313486232E+308,LMT,SELL,0,16.09,17.09,,True,GTC,,
LUMN,DU3053535,3333,,92,1.79769313486232E+308,TRAIL,SELL,0.71,0,10.15,,False,GTC,,
LUMN,DU3053535,3332,,92,1.79769313486232E+308,LMT,SELL,0,12.64,13.64,,True,GTC,,
LUMN,DU3053535,3331,,92,1.79769313486232E+308,LMT,BUY,0,11.08,12.08,,True,GTC,,,20201228 09:30:00 EST, 6180≥+10.86, 6180≥+5466818,margin ≥+20
LXP,DU3053535,3330,,87,1.79769313486232E+308,TRAIL,SELL,0.54,0,10.84,,False,GTC,,
LXP,DU3053535,3329,,87,1.79769313486232E+308,LMT,SELL,0,12.72,13.72,,True,GTC,,
LXP,DU3053535,3328,,87,1.79769313486232E+308,LMT,BUY,0,11.6,12.6,,True,GTC,,,20201228 09:30:00 EST, 9293≥+11.38, 9293≥+1155927,margin ≥+20
LYTS,DU3053535,3327,,109,1.79769313486232E+308,TRAIL,SELL,0.78,0,8.32,,False,GTC,,
LYTS,DU3053535,3326,,109,1.79769313486232E+308,LMT,SELL,0,11.03,12.03,,True,GTC,,
LOCO,DU3053535,3341,,51,1.79769313486232E+308,LMT,SELL,0,22.46,23.46,,True,GTC,,
LOCO,DU3053535,3340,,51,1.79769313486232E+308,LMT,BUY,0,19.7,20.7,,True,GTC,,,20201228 09:30:00 EST, 162104095≥+19.32, 162104095≥+68309,margin ≥+20
LPG,DU3053535,3339,,78,1.79769313486232E+308,TRAIL,SELL,1.07,0,11.63,,False,GTC,,
LPG,DU3053535,3338,,78,1.79769313486232E+308,LMT,SELL,0,15.36,16.36,,True,GTC,,
LPG,DU3053535,3337,,78,1.79769313486232E+308,LMT,BUY,0,12.95,13.95,,True,GTC,,,20201228 09:30:00 EST, 150632114≥+12.69, 150632114≥+143891,margin ≥+20
LPL,DU3053535,3336,,113,1.79769313486232E+308,TRAIL,SELL,0.78,0,8.05,,False,GTC,,
LPL,DU3053535,3335,,113,1.79769313486232E+308,LMT,SELL,0,10.77,11.77,,True,GTC,,
LPL,DU3053535,3334,,113,1.79769313486232E+308,LMT,BUY,0,9,10,,True,GTC,,,20201228 09:30:00 EST, 29914393≥+8.83, 29914393≥+41600,margin ≥+20
LLNW,DU3053535,3349,,219,1.79769313486232E+308,LMT,BUY,0,4.64,5.64,,True,GTC,,,20201228 09:30:00 EST, 44496663≥+4.55, 44496663≥+597818,margin ≥+20
LNDC,DU3053535,3348,,84,1.79769313486232E+308,TRAIL,SELL,0.81,0,10.96,,False,GTC,,
LNDC,DU3053535,3347,,84,1.79769313486232E+308,LMT,SELL,0,13.8,14.8,,True,GTC,,
LNDC,DU3053535,3346,,84,1.79769313486232E+308,LMT,BUY,0,12.01,13.01,,True,GTC,,,20201228 09:30:00 EST, 4814301≥+11.77, 4814301≥+90182,margin ≥+20
LNTH,DU3053535,3345,,62,1.79769313486232E+308,TRAIL,SELL,1.4,0,14.67,,False,GTC,,
LNTH,DU3053535,3344,,62,1.79769313486232E+308,LMT,SELL,0,19.57,20.57,,True,GTC,,
LNTH,DU3053535,3343,,62,1.79769313486232E+308,LMT,BUY,0,16.39,17.39,,True,GTC,,,20201228 09:30:00 EST, 198250080≥+16.07, 198250080≥+791218,margin ≥+20
LOCO,DU3053535,3342,,51,1.79769313486232E+308,TRAIL,SELL,1.26,0,18.06,,False,GTC,,
LFC,DU3053535,3357,,88,1.79769313486232E+308,TRAIL,SELL,0.37,0,10.91,,False,GTC,,
LFC,DU3053535,3356,,88,1.79769313486232E+308,LMT,SELL,0,12.2,13.2,,True,GTC,,
LFC,DU3053535,3355,,88,1.79769313486232E+308,LMT,BUY,0,11.51,12.51,,True,GTC,,,20201228 09:30:00 EST, 27049618≥+11.28, 27049618≥+42000,margin ≥+20
LILAK,DU3053535,3354,,80,1.79769313486232E+308,TRAIL,SELL,0.97,0,11.45,,False,GTC,,
LILAK,DU3053535,3353,,80,1.79769313486232E+308,LMT,SELL,0,14.84,15.84,,True,GTC,,
LILAK,DU3053535,3352,,80,1.79769313486232E+308,LMT,BUY,0,12.67,13.67,,True,GTC,,,20201228 09:30:00 EST, 301303327≥+12.42, 301303327≥+267836,margin ≥+20
LLNW,DU3053535,3351,,219,1.79769313486232E+308,TRAIL,SELL,0.41,0,4.14,,False,GTC,,
LLNW,DU3053535,3350,,219,1.79769313486232E+308,LMT,SELL,0,5.57,6.57,,True,GTC,,
MERC,DU3053535,3301,,91,1.79769313486232E+308,LMT,BUY,0,11.18,12.18,,True,GTC,,,20201228 09:30:00 EST, 271712≥+10.96, 271712≥+176927,margin ≥+20
MFA,DU3053535,3300,,238,1.79769313486232E+308,TRAIL,SELL,0.29,0,3.89,,False,GTC,,
MFA,DU3053535,3299,,238,1.79769313486232E+308,LMT,SELL,0,4.91,5.91,,True,GTC,,
MFA,DU3053535,3298,,238,1.79769313486232E+308,LMT,BUY,0,4.27,5.27,,True,GTC,,,20201228 09:30:00 EST, 6227125≥+4.18, 6227125≥+952564,margin ≥+20
MFC,DU3053535,3297,,54,1.79769313486232E+308,TRAIL,SELL,0.84,0,17.6,,False,GTC,,
MFC,DU3053535,3296,,54,1.79769313486232E+308,LMT,SELL,0,20.55,21.55,,True,GTC,,
MFC,DU3053535,3295,,54,1.79769313486232E+308,LMT,BUY,0,18.81,19.81,,True,GTC,,,20201228 09:30:00 EST, 1447100≥+18.44, 1447100≥+269764,margin ≥+20
MLCO,DU3053535,3294,,50,1.79769313486232E+308,TRAIL,SELL,1.16,0,18.53,,False,GTC,,
MDP,DU3053535,3309,,47,1.79769313486232E+308,TRAIL,SELL,1.84,0,19.39,,False,GTC,,
MDP,DU3053535,3308,,47,1.79769313486232E+308,LMT,SELL,0,25.85,26.85,,True,GTC,,
MDP,DU3053535,3307,,47,1.79769313486232E+308,LMT,BUY,0,21.66,22.66,,True,GTC,,,20201228 09:30:00 EST, 9474≥+21.24, 9474≥+88655,margin ≥+20
MDRX,DU3053535,3306,,65,1.79769313486232E+308,TRAIL,SELL,1.13,0,14.14,,False,GTC,,
MDRX,DU3053535,3305,,65,1.79769313486232E+308,LMT,SELL,0,18.09,19.09,,True,GTC,,
MDRX,DU3053535,3304,,65,1.79769313486232E+308,LMT,BUY,0,15.57,16.57,,True,GTC,,,20201228 09:30:00 EST, 6857738≥+15.27, 6857738≥+1339927,margin ≥+20
MERC,DU3053535,3303,,91,1.79769313486232E+308,TRAIL,SELL,0.95,0,10.01,,False,GTC,,
MERC,DU3053535,3302,,91,1.79769313486232E+308,LMT,SELL,0,13.34,14.34,,True,GTC,,
MBI,DU3053535,3317,,127,1.79769313486232E+308,LMT,SELL,0,9.52,10.52,,True,GTC,,
MBI,DU3053535,3316,,127,1.79769313486232E+308,LMT,BUY,0,7.97,8.97,,True,GTC,,,20201228 09:30:00 EST, 9388≥+7.82, 9388≥+495800,margin ≥+20
MBT,DU3053535,3315,,108,1.79769313486232E+308,TRAIL,SELL,0.42,0,8.79,,False,GTC,,
MBT,DU3053535,3314,,108,1.79769313486232E+308,LMT,SELL,0,10.25,11.25,,True,GTC,,
MBT,DU3053535,3313,,108,1.79769313486232E+308,LMT,BUY,0,9.39,10.39,,True,GTC,,,20201228 09:30:00 EST, 9541728≥+9.2, 9541728≥+644982,margin ≥+20
MCBC,DU3053535,3312,,113,1.79769313486232E+308,TRAIL,SELL,0.57,0,8.26,,False,GTC,,
MCBC,DU3053535,3311,,113,1.79769313486232E+308,LMT,SELL,0,10.25,11.25,,True,GTC,,
MCBC,DU3053535,3310,,113,1.79769313486232E+308,LMT,BUY,0,9.01,10.01,,True,GTC,,,20201228 09:30:00 EST, 14487961≥+8.83, 14487961≥+52309,margin ≥+20
LYTS,DU3053535,3325,,109,1.79769313486232E+308,LMT,BUY,0,9.27,10.27,,True,GTC,,,20201228 09:30:00 EST, 271419≥+9.09, 271419≥+77691,margin ≥+20
MAG,DU3053535,3324,,52,1.79769313486232E+308,TRAIL,SELL,1.83,0,17.32,,False,GTC,,
MAG,DU3053535,3323,,52,1.79769313486232E+308,LMT,SELL,0,23.73,24.73,,True,GTC,,
MAG,DU3053535,3322,,52,1.79769313486232E+308,LMT,BUY,0,19.53,20.53,,True,GTC,,,20201228 09:30:00 EST, 39924463≥+19.15, 39924463≥+96327,margin ≥+20
MAT,DU3053535,3321,,53,1.79769313486232E+308,TRAIL,SELL,1.41,0,17.21,,False,GTC,,
MAT,DU3053535,3320,,53,1.79769313486232E+308,LMT,SELL,0,22.16,23.16,,True,GTC,,
MAT,DU3053535,3319,,53,1.79769313486232E+308,LMT,BUY,0,19,20,,True,GTC,,,20201228 09:30:00 EST, 9365≥+18.63, 9365≥+856818,margin ≥+20
MBI,DU3053535,3318,,127,1.79769313486232E+308,TRAIL,SELL,0.68,0,7.14,,False,GTC,,
ORCC,DU3053535,3141,,72,1.79769313486232E+308,TRAIL,SELL,0.77,0,13.06,,False,GTC,,
ORCC,DU3053535,3140,,72,1.79769313486232E+308,LMT,SELL,0,15.74,16.74,,True,GTC,,
ORCC,DU3053535,3139,,72,1.79769313486232E+308,LMT,BUY,0,14.1,15.1,,True,GTC,,,20201228 09:30:00 EST, 374690034≥+13.83, 374690034≥+176800,margin ≥+20
ORI,DU3053535,3138,,50,1.79769313486232E+308,TRAIL,SELL,0.97,0,18.95,,False,GTC,,
ORI,DU3053535,3137,,50,1.79769313486232E+308,LMT,SELL,0,22.33,23.33,,True,GTC,,
ORI,DU3053535,3136,,50,1.79769313486232E+308,LMT,BUY,0,20.32,21.32,,True,GTC,,,20201228 09:30:00 EST, 10840≥+19.92, 10840≥+698964,margin ≥+20
OUT,DU3053535,3135,,47,1.79769313486232E+308,TRAIL,SELL,1.46,0,19.6,,False,GTC,,
OUT,DU3053535,3134,,47,1.79769313486232E+308,LMT,SELL,0,24.7,25.7,,True,GTC,,
OR,DU3053535,3149,,77,1.79769313486232E+308,LMT,SELL,0,15.08,16.08,,True,GTC,,
OR,DU3053535,3148,,77,1.79769313486232E+308,LMT,BUY,0,13.13,14.13,,True,GTC,,,20201228 09:30:00 EST, 156955487≥+12.87, 156955487≥+89218,margin ≥+20
ORAN,DU3053535,3147,,79,1.79769313486232E+308,TRAIL,SELL,0.55,0,12,,False,GTC,,
ORAN,DU3053535,3146,,79,1.79769313486232E+308,LMT,SELL,0,13.91,14.91,,True,GTC,,
ORAN,DU3053535,3145,,79,1.79769313486232E+308,LMT,BUY,0,12.8,13.8,,True,GTC,,,20201228 09:30:00 EST, 130427419≥+12.55, 130427419≥+41691,margin ≥+20
ORC,DU3053535,3144,,178,1.79769313486232E+308,TRAIL,SELL,0.24,0,5.37,,False,GTC,,
ORC,DU3053535,3143,,178,1.79769313486232E+308,LMT,SELL,0,6.22,7.22,,True,GTC,,
ORC,DU3053535,3142,,178,1.79769313486232E+308,LMT,BUY,0,5.72,6.72,,True,GTC,,,20201228 09:30:00 EST, 91641417≥+5.61, 91641417≥+289036,margin ≥+20
ONB,DU3053535,3157,,57,1.79769313486232E+308,LMT,BUY,0,17.62,18.62,,True,GTC,,,20201228 09:30:00 EST, 272708≥+17.28, 272708≥+470473,margin ≥+20
OOMA,DU3053535,3156,,59,1.79769313486232E+308,TRAIL,SELL,1.32,0,15.45,,False,GTC,,
OOMA,DU3053535,3155,,59,1.79769313486232E+308,LMT,SELL,0,20.07,21.07,,True,GTC,,
OOMA,DU3053535,3154,,59,1.79769313486232E+308,LMT,BUY,0,17.1,18.1,,True,GTC,,,20201228 09:30:00 EST, 199914955≥+16.77, 199914955≥+36236,margin ≥+20
OPCH,DU3053535,3153,,60,1.79769313486232E+308,TRAIL,SELL,1.54,0,14.89,,False,GTC,,
OPCH,DU3053535,3152,,60,1.79769313486232E+308,LMT,SELL,0,20.29,21.29,,True,GTC,,
OPCH,DU3053535,3151,,60,1.79769313486232E+308,LMT,BUY,0,16.76,17.76,,True,GTC,,,20201228 09:30:00 EST, 402333216≥+16.43, 402333216≥+219855,margin ≥+20
OR,DU3053535,3150,,77,1.79769313486232E+308,TRAIL,SELL,0.88,0,11.98,,False,GTC,,
OEC,DU3053535,3165,,58,1.79769313486232E+308,TRAIL,SELL,1.3,0,15.79,,False,GTC,,
OEC,DU3053535,3164,,58,1.79769313486232E+308,LMT,SELL,0,20.34,21.34,,True,GTC,,
OEC,DU3053535,3163,,58,1.79769313486232E+308,LMT,BUY,0,17.43,18.43,,True,GTC,,,20201228 09:30:00 EST, 161846820≥+17.09, 161846820≥+124491,margin ≥+20
OI,DU3053535,3162,,78,1.79769313486232E+308,TRAIL,SELL,1.1,0,11.6,,False,GTC,,
OI,DU3053535,3161,,78,1.79769313486232E+308,LMT,SELL,0,15.45,16.45,,True,GTC,,
OI,DU3053535,3160,,78,1.79769313486232E+308,LMT,BUY,0,12.96,13.96,,True,GTC,,,20201228 09:30:00 EST, 396135117≥+12.7, 396135117≥+378600,margin ≥+20
ONB,DU3053535,3159,,57,1.79769313486232E+308,TRAIL,SELL,0.86,0,16.42,,False,GTC,,
ONB,DU3053535,3158,,57,1.79769313486232E+308,LMT,SELL,0,19.42,20.42,,True,GTC,,
PE,DU3053535,3109,,64,1.79769313486232E+308,LMT,BUY,0,15.88,16.88,,True,GTC,,,20201228 09:30:00 EST, 152388753≥+15.57, 152388753≥+1090964,margin ≥+20
PFLT,DU3053535,3108,,90,1.79769313486232E+308,TRAIL,SELL,0.54,0,10.54,,False,GTC,,
PFLT,DU3053535,3107,,90,1.79769313486232E+308,LMT,SELL,0,12.45,13.45,,True,GTC,,
PFLT,DU3053535,3106,,90,1.79769313486232E+308,LMT,BUY,0,11.31,12.31,,True,GTC,,,20201228 09:30:00 EST, 86635186≥+11.09, 86635186≥+39127,margin ≥+20
PFS,DU3053535,3105,,54,1.79769313486232E+308,TRAIL,SELL,0.92,0,17.53,,False,GTC,,
PFS,DU3053535,3104,,54,1.79769313486232E+308,LMT,SELL,0,20.73,21.73,,True,GTC,,
PFS,DU3053535,3103,,54,1.79769313486232E+308,LMT,BUY,0,18.81,19.81,,True,GTC,,,20201228 09:30:00 EST, 16884706≥+18.44, 16884706≥+226018,margin ≥+20
PGRE,DU3053535,3102,,101,1.79769313486232E+308,TRAIL,SELL,0.73,0,9.14,,False,GTC,,
PCPL,DU3053535,3117,,86,1.79769313486232E+308,TRAIL,SELL,0.96,0,10.59,,False,GTC,,
PCPL,DU3053535,3116,,86,1.79769313486232E+308,LMT,SELL,0,13.94,14.94,,True,GTC,,
PCPL,DU3053535,3115,,86,1.79769313486232E+308,LMT,BUY,0,11.78,12.78,,True,GTC,,,20201228 09:30:00 EST, 426098313≥+11.55, 426098313≥+245818,margin ≥+20
PDM,DU3053535,3114,,58,1.79769313486232E+308,TRAIL,SELL,0.98,0,16.23,,False,GTC,,
PDM,DU3053535,3113,,58,1.79769313486232E+308,LMT,SELL,0,19.65,20.65,,True,GTC,,
PDM,DU3053535,3112,,58,1.79769313486232E+308,LMT,BUY,0,17.55,18.55,,True,GTC,,,20201228 09:30:00 EST, 72529754≥+17.21, 72529754≥+279018,margin ≥+20
PE,DU3053535,3111,,64,1.79769313486232E+308,TRAIL,SELL,1.37,0,14.21,,False,GTC,,
PE,DU3053535,3110,,64,1.79769313486232E+308,LMT,SELL,0,18.99,19.99,,True,GTC,,
PBFX,DU3053535,3125,,97,1.79769313486232E+308,LMT,SELL,0,12.29,13.29,,True,GTC,,
PBFX,DU3053535,3124,,97,1.79769313486232E+308,LMT,BUY,0,10.46,11.46,,True,GTC,,,20201228 09:30:00 EST, 150700058≥+10.26, 150700058≥+99745,margin ≥+20
PBR,DU3053535,3123,,83,1.79769313486232E+308,TRAIL,SELL,0.81,0,11.1,,False,GTC,,
PBR,DU3053535,3122,,83,1.79769313486232E+308,LMT,SELL,0,13.92,14.92,,True,GTC,,
PBR,DU3053535,3121,,83,1.79769313486232E+308,LMT,BUY,0,12.14,13.14,,True,GTC,,,20201228 09:30:00 EST, 10828168≥+11.91, 10828168≥+1424818,margin ≥+20
PCG,DU3053535,3120,,77,1.79769313486232E+308,TRAIL,SELL,0.75,0,12.16,,False,GTC,,
PCG,DU3053535,3119,,77,1.79769313486232E+308,LMT,SELL,0,14.79,15.79,,True,GTC,,
PCG,DU3053535,3118,,77,1.79769313486232E+308,LMT,BUY,0,13.17,14.17,,True,GTC,,,20201228 09:30:00 EST, 2586035≥+12.91, 2586035≥+10251636,margin ≥+20
OUT,DU3053535,3133,,47,1.79769313486232E+308,LMT,BUY,0,21.48,22.48,,True,GTC,,,20201228 09:30:00 EST, 173949742≥+21.06, 173949742≥+461600,margin ≥+20
PAHC,DU3053535,3132,,49,1.79769313486232E+308,TRAIL,SELL,1.48,0,18.88,,False,GTC,,
PAHC,DU3053535,3131,,49,1.79769313486232E+308,LMT,SELL,0,24.05,25.05,,True,GTC,,
PAHC,DU3053535,3130,,49,1.79769313486232E+308,LMT,BUY,0,20.77,21.77,,True,GTC,,,20201228 09:30:00 EST, 148443229≥+20.36, 148443229≥+94618,margin ≥+20
PBCT,DU3053535,3129,,72,1.79769313486232E+308,TRAIL,SELL,0.79,0,12.96,,False,GTC,,
PBCT,DU3053535,3128,,72,1.79769313486232E+308,LMT,SELL,0,15.73,16.73,,True,GTC,,
PBCT,DU3053535,3127,,72,1.79769313486232E+308,LMT,BUY,0,14.03,15.03,,True,GTC,,,20201228 09:30:00 EST, 43670008≥+13.75, 43670008≥+1517091,margin ≥+20
PBFX,DU3053535,3126,,97,1.79769313486232E+308,TRAIL,SELL,0.81,0,9.45,,False,GTC,,
NRZ,DU3053535,3205,,95,1.79769313486232E+308,LMT,BUY,0,10.72,11.72,,True,GTC,,,20201228 09:30:00 EST, 169688387≥+10.51, 169688387≥+1203818,margin ≥+20
NTCO,DU3053535,3204,,48,1.79769313486232E+308,TRAIL,SELL,1.27,0,19.45,,False,GTC,,
NTCO,DU3053535,3203,,48,1.79769313486232E+308,LMT,SELL,0,23.91,24.91,,True,GTC,,
NTCO,DU3053535,3202,,48,1.79769313486232E+308,LMT,BUY,0,21.14,22.14,,True,GTC,,,20201228 09:30:00 EST, 397680854≥+20.73, 397680854≥+32582,margin ≥+20
NTST,DU3053535,3201,,50,1.79769313486232E+308,TRAIL,SELL,1.42,0,18.47,,False,GTC,,
NTST,DU3053535,3200,,50,1.79769313486232E+308,LMT,SELL,0,23.42,24.42,,True,GTC,,
NTST,DU3053535,3199,,50,1.79769313486232E+308,LMT,BUY,0,20.28,21.28,,True,GTC,,,20201228 09:30:00 EST, 439236281≥+19.88, 439236281≥+218418,margin ≥+20
NTUS,DU3053535,3198,,45,1.79769313486232E+308,TRAIL,SELL,1.5,0,20.39,,False,GTC,,
NOK,DU3053535,3213,,236,1.79769313486232E+308,TRAIL,SELL,0.23,0,3.99,,False,GTC,,
NOK,DU3053535,3212,,236,1.79769313486232E+308,LMT,SELL,0,4.81,5.81,,True,GTC,,
NOK,DU3053535,3211,,236,1.79769313486232E+308,LMT,BUY,0,4.31,5.31,,True,GTC,,,20201228 09:30:00 EST, 661513≥+4.23, 661513≥+2327964,margin ≥+20
NPTN,DU3053535,3210,,103,1.79769313486232E+308,TRAIL,SELL,0.76,0,8.86,,False,GTC,,
NPTN,DU3053535,3209,,103,1.79769313486232E+308,LMT,SELL,0,11.52,12.52,,True,GTC,,
NPTN,DU3053535,3208,,103,1.79769313486232E+308,LMT,BUY,0,9.81,10.81,,True,GTC,,,20201228 09:30:00 EST, 83635906≥+9.62, 83635906≥+201945,margin ≥+20
NRZ,DU3053535,3207,,95,1.79769313486232E+308,TRAIL,SELL,0.7,0,9.81,,False,GTC,,
NRZ,DU3053535,3206,,95,1.79769313486232E+308,LMT,SELL,0,12.27,13.27,,True,GTC,,
NLY,DU3053535,3221,,114,1.79769313486232E+308,LMT,SELL,0,9.53,10.53,,True,GTC,,
NLY,DU3053535,3220,,114,1.79769313486232E+308,LMT,BUY,0,8.87,9.87,,True,GTC,,,20201228 09:30:00 EST, 6278576≥+8.7, 6278576≥+2953691,margin ≥+20
NMFC,DU3053535,3219,,81,1.79769313486232E+308,TRAIL,SELL,0.6,0,11.61,,False,GTC,,
NMFC,DU3053535,3218,,81,1.79769313486232E+308,LMT,SELL,0,13.71,14.71,,True,GTC,,
NMFC,DU3053535,3217,,81,1.79769313486232E+308,LMT,BUY,0,12.46,13.46,,True,GTC,,,20201228 09:30:00 EST, 88292757≥+12.21, 88292757≥+154709,margin ≥+20
NMRK,DU3053535,3216,,124,1.79769313486232E+308,TRAIL,SELL,0.63,0,7.42,,False,GTC,,
NMRK,DU3053535,3215,,124,1.79769313486232E+308,LMT,SELL,0,9.62,10.62,,True,GTC,,
NMRK,DU3053535,3214,,124,1.79769313486232E+308,LMT,BUY,0,8.21,9.21,,True,GTC,,,20201228 09:30:00 EST, 299532605≥+8.05, 299532605≥+424982,margin ≥+20
NG,DU3053535,3229,,89,1.79769313486232E+308,LMT,BUY,0,11.44,12.44,,True,GTC,,,20201228 09:30:00 EST, 26957459≥+11.21, 26957459≥+351145,margin ≥+20
NKTR,DU3053535,3228,,50,1.79769313486232E+308,TRAIL,SELL,1.64,0,18.13,,False,GTC,,
NKTR,DU3053535,3227,,50,1.79769313486232E+308,LMT,SELL,0,23.87,24.87,,True,GTC,,
NKTR,DU3053535,3226,,50,1.79769313486232E+308,LMT,BUY,0,20.17,21.17,,True,GTC,,,20201228 09:30:00 EST, 4813467≥+19.77, 4813467≥+474618,margin ≥+20
NLSN,DU3053535,3225,,47,1.79769313486232E+308,TRAIL,SELL,1.32,0,19.64,,False,GTC,,
NLSN,DU3053535,3224,,47,1.79769313486232E+308,LMT,SELL,0,24.25,25.25,,True,GTC,,
NLSN,DU3053535,3223,,47,1.79769313486232E+308,LMT,BUY,0,21.38,22.38,,True,GTC,,,20201228 09:30:00 EST, 204429726≥+20.96, 204429726≥+2184418,margin ≥+20
NLY,DU3053535,3222,,114,1.79769313486232E+308,TRAIL,SELL,0.33,0,8.37,,False,GTC,,
OACB,DU3053535,3173,,89,1.79769313486232E+308,LMT,SELL,0,12.98,13.98,,True,GTC,,
OACB,DU3053535,3172,,89,1.79769313486232E+308,LMT,BUY,0,11.36,12.36,,True,GTC,,,20201228 09:30:00 EST, 453281777≥+11.13, 453281777≥+46182,margin ≥+20
OCFC,DU3053535,3171,,51,1.79769313486232E+308,TRAIL,SELL,1.23,0,18.13,,False,GTC,,
OCFC,DU3053535,3170,,51,1.79769313486232E+308,LMT,SELL,0,22.45,23.45,,True,GTC,,
OCFC,DU3053535,3169,,51,1.79769313486232E+308,LMT,BUY,0,19.75,20.75,,True,GTC,,,20201228 09:30:00 EST, 3655782≥+19.37, 3655782≥+116364,margin ≥+20
OCSL,DU3053535,3168,,174,1.79769313486232E+308,TRAIL,SELL,0.21,0,5.52,,False,GTC,,
OCSL,DU3053535,3167,,174,1.79769313486232E+308,LMT,SELL,0,6.27,7.27,,True,GTC,,
OCSL,DU3053535,3166,,174,1.79769313486232E+308,LMT,BUY,0,5.85,6.85,,True,GTC,,,20201228 09:30:00 EST, 292731218≥+5.74, 292731218≥+92945,margin ≥+20
NYCB,DU3053535,3181,,92,1.79769313486232E+308,LMT,BUY,0,11.02,12.02,,True,GTC,,,20201228 09:30:00 EST, 3655833≥+10.8, 3655833≥+1439200,margin ≥+20
NYMT,DU3053535,3180,,248,1.79769313486232E+308,TRAIL,SELL,0.29,0,3.73,,False,GTC,,
NYMT,DU3053535,3179,,248,1.79769313486232E+308,LMT,SELL,0,4.74,5.74,,True,GTC,,
NYMT,DU3053535,3178,,248,1.79769313486232E+308,LMT,BUY,0,4.1,5.1,,True,GTC,,,20201228 09:30:00 EST, 51635660≥+4.02, 51635660≥+543091,margin ≥+20
NZF,DU3053535,3177,,62,1.79769313486232E+308,TRAIL,SELL,0.25,0,15.8,,False,GTC,,
NZF,DU3053535,3176,,62,1.79769313486232E+308,LMT,SELL,0,16.66,17.66,,True,GTC,,
NZF,DU3053535,3175,,62,1.79769313486232E+308,LMT,BUY,0,16.37,17.37,,True,GTC,,,20201228 09:30:00 EST, 15548118≥+16.05, 15548118≥+42000,margin ≥+20
OACB,DU3053535,3174,,89,1.79769313486232E+308,TRAIL,SELL,0.74,0,10.4,,False,GTC,,
NWSA,DU3053535,3189,,50,1.79769313486232E+308,TRAIL,SELL,1.61,0,18.11,,False,GTC,,
NWSA,DU3053535,3188,,50,1.79769313486232E+308,LMT,SELL,0,23.73,24.73,,True,GTC,,
NWSA,DU3053535,3187,,50,1.79769313486232E+308,LMT,BUY,0,20.11,21.11,,True,GTC,,,20201228 09:30:00 EST, 129348126≥+19.72, 129348126≥+2531545,margin ≥+20
NXGN,DU3053535,3186,,51,1.79769313486232E+308,TRAIL,SELL,1.35,0,18.21,,False,GTC,,
NXGN,DU3053535,3185,,51,1.79769313486232E+308,LMT,SELL,0,22.94,23.94,,True,GTC,,
NXGN,DU3053535,3184,,51,1.79769313486232E+308,LMT,BUY,0,19.95,20.95,,True,GTC,,,20201228 09:30:00 EST, 332783336≥+19.56, 332783336≥+152455,margin ≥+20
NYCB,DU3053535,3183,,92,1.79769313486232E+308,TRAIL,SELL,0.55,0,10.25,,False,GTC,,
NYCB,DU3053535,3182,,92,1.79769313486232E+308,LMT,SELL,0,12.19,13.19,,True,GTC,,
NTUS,DU3053535,3197,,45,1.79769313486232E+308,LMT,SELL,0,25.63,26.63,,True,GTC,,
NTUS,DU3053535,3196,,45,1.79769313486232E+308,LMT,BUY,0,22.32,23.32,,True,GTC,,,20201228 09:30:00 EST, 12689270≥+21.89, 12689270≥+139509,margin ≥+20
NWBI,DU3053535,3195,,77,1.79769313486232E+308,TRAIL,SELL,0.59,0,12.37,,False,GTC,,
NWBI,DU3053535,3194,,77,1.79769313486232E+308,LMT,SELL,0,14.44,15.44,,True,GTC,,
NWBI,DU3053535,3193,,77,1.79769313486232E+308,LMT,BUY,0,13.22,14.22,,True,GTC,,,20201228 09:30:00 EST, 70985860≥+12.96, 70985860≥+413600,margin ≥+20
NWG,DU3053535,3192,,214,1.79769313486232E+308,TRAIL,SELL,0.42,0,4.25,,False,GTC,,
NWG,DU3053535,3191,,214,1.79769313486232E+308,LMT,SELL,0,5.72,6.72,,True,GTC,,
NWG,DU3053535,3190,,214,1.79769313486232E+308,LMT,BUY,0,4.76,5.76,,True,GTC,,,20201228 09:30:00 EST, 435247507≥+4.67, 435247507≥+115200,margin ≥+20
RPT,DU3053535,3013,,108,1.79769313486232E+308,LMT,BUY,0,9.42,10.42,,True,GTC,,,20201228 09:30:00 EST, 340045498≥+9.24, 340045498≥+356255,margin ≥+20
RTP,DU3053535,3012,,80,1.79769313486232E+308,TRAIL,SELL,1.04,0,11.34,,False,GTC,,
RTP,DU3053535,3011,,80,1.79769313486232E+308,LMT,SELL,0,14.98,15.98,,True,GTC,,
RTP,DU3053535,3010,,80,1.79769313486232E+308,LMT,BUY,0,12.63,13.63,,True,GTC,,,20201228 09:30:00 EST, 453281780≥+12.38, 453281780≥+27345,margin ≥+20
RUTH,DU3053535,3009,,54,1.79769313486232E+308,TRAIL,SELL,1.61,0,16.79,,False,GTC,,
RUTH,DU3053535,3008,,54,1.79769313486232E+308,LMT,SELL,0,22.44,23.44,,True,GTC,,
RUTH,DU3053535,3007,,54,1.79769313486232E+308,LMT,BUY,0,18.77,19.77,,True,GTC,,,20201228 09:30:00 EST, 35449496≥+18.4, 35449496≥+141109,margin ≥+20
RVI,DU3053535,3006,,65,1.79769313486232E+308,TRAIL,SELL,1.33,0,13.98,,False,GTC,,
RMNI,DU3053535,3021,,195,1.79769313486232E+308,TRAIL,SELL,0.41,0,4.71,,False,GTC,,
RMNI,DU3053535,3020,,195,1.79769313486232E+308,LMT,SELL,0,6.15,7.15,,True,GTC,,
RMNI,DU3053535,3019,,195,1.79769313486232E+308,LMT,BUY,0,5.22,6.22,,True,GTC,,,20201228 09:30:00 EST, 292080071≥+5.12, 292080071≥+33273,margin ≥+20
RPAI,DU3053535,3018,,104,1.79769313486232E+308,TRAIL,SELL,0.72,0,8.82,,False,GTC,,
RPAI,DU3053535,3017,,104,1.79769313486232E+308,LMT,SELL,0,11.34,12.34,,True,GTC,,
RPAI,DU3053535,3016,,104,1.79769313486232E+308,LMT,BUY,0,9.73,10.73,,True,GTC,,,20201228 09:30:00 EST, 105435072≥+9.54, 105435072≥+865164,margin ≥+20
RPT,DU3053535,3015,,108,1.79769313486232E+308,TRAIL,SELL,0.79,0,8.44,,False,GTC,,
RPT,DU3053535,3014,,108,1.79769313486232E+308,LMT,SELL,0,11.22,12.22,,True,GTC,,
RLGT,DU3053535,3029,,159,1.79769313486232E+308,LMT,SELL,0,7.35,8.35,,True,GTC,,
RLGT,DU3053535,3028,,159,1.79769313486232E+308,LMT,BUY,0,6.4,7.4,,True,GTC,,,20201228 09:30:00 EST, 33182828≥+6.28, 33182828≥+51436,margin ≥+20
RMBS,DU3053535,3027,,53,1.79769313486232E+308,TRAIL,SELL,1.07,0,17.79,,False,GTC,,
RMBS,DU3053535,3026,,53,1.79769313486232E+308,LMT,SELL,0,21.54,22.54,,True,GTC,,
RMBS,DU3053535,3025,,53,1.79769313486232E+308,LMT,BUY,0,19.24,20.24,,True,GTC,,,20201228 09:30:00 EST, 4031477≥+18.86, 4031477≥+295291,margin ≥+20
RMGBU,DU3053535,3024,,88,1.79769313486232E+308,TRAIL,SELL,0.65,0,10.61,,False,GTC,,
RMGBU,DU3053535,3023,,88,1.79769313486232E+308,LMT,SELL,0,12.89,13.89,,True,GTC,,
RMGBU,DU3053535,3022,,88,1.79769313486232E+308,LMT,BUY,0,11.49,12.49,,True,GTC,,,20201228 09:30:00 EST, 459553839≥+11.26, 459553839≥+82164,margin ≥+20
RESI,DU3053535,3037,,60,1.79769313486232E+308,LMT,BUY,0,16.73,17.73,,True,GTC,,,20201228 09:30:00 EST, 306890204≥+16.4, 306890204≥+976455,margin ≥+20
RF,DU3053535,3036,,59,1.79769313486232E+308,TRAIL,SELL,1.1,0,15.65,,False,GTC,,
RF,DU3053535,3035,,59,1.79769313486232E+308,LMT,SELL,0,19.5,20.5,,True,GTC,,
RF,DU3053535,3034,,59,1.79769313486232E+308,LMT,BUY,0,17.08,18.08,,True,GTC,,,20201228 09:30:00 EST, 273815≥+16.75, 273815≥+3575236,margin ≥+20
RFP,DU3053535,3033,,146,1.79769313486232E+308,TRAIL,SELL,0.54,0,6.29,,False,GTC,,
RFP,DU3053535,3032,,146,1.79769313486232E+308,LMT,SELL,0,8.19,9.19,,True,GTC,,
RFP,DU3053535,3031,,146,1.79769313486232E+308,LMT,BUY,0,6.97,7.97,,True,GTC,,,20201228 09:30:00 EST, 107381127≥+6.83, 107381127≥+79182,margin ≥+20
RLGT,DU3053535,3030,,159,1.79769313486232E+308,TRAIL,SELL,0.43,0,5.85,,False,GTC,,
SCOAU,DU3053535,2981,,95,1.79769313486232E+308,LMT,SELL,0,11.14,12.14,,True,GTC,,
SCOAU,DU3053535,2980,,95,1.79769313486232E+308,LMT,BUY,0,10.73,11.73,,True,GTC,,,20201228 09:30:00 EST, 460642060≥+10.52, 460642060≥+161367,margin ≥+20
SCPL,DU3053535,2979,,62,1.79769313486232E+308,TRAIL,SELL,1.41,0,14.53,,False,GTC,,
SCPL,DU3053535,2978,,62,1.79769313486232E+308,LMT,SELL,0,19.46,20.46,,True,GTC,,
SCPL,DU3053535,2977,,62,1.79769313486232E+308,LMT,BUY,0,16.26,17.26,,True,GTC,,,20201228 09:30:00 EST, 364374754≥+15.94, 364374754≥+37927,margin ≥+20
SEAH,DU3053535,2976,,94,1.79769313486232E+308,TRAIL,SELL,0.46,0,10.15,,False,GTC,,
SEAH,DU3053535,2975,,94,1.79769313486232E+308,LMT,SELL,0,11.76,12.76,,True,GTC,,
SEAH,DU3053535,2974,,94,1.79769313486232E+308,LMT,BUY,0,10.82,11.82,,True,GTC,,,20201228 09:30:00 EST, 455575432≥+10.61, 455575432≥+108836,margin ≥+20
SBH,DU3053535,2989,,74,1.79769313486232E+308,LMT,BUY,0,13.62,14.62,,True,GTC,,,20201228 09:30:00 EST, 41621276≥+13.35, 41621276≥+408145,margin ≥+20
SBRA,DU3053535,2988,,53,1.79769313486232E+308,TRAIL,SELL,1.06,0,17.61,,False,GTC,,
SBRA,DU3053535,2987,,53,1.79769313486232E+308,LMT,SELL,0,21.32,22.32,,True,GTC,,
SBRA,DU3053535,2986,,53,1.79769313486232E+308,LMT,BUY,0,19.04,20.04,,True,GTC,,,20201228 09:30:00 EST, 80712681≥+18.67, 80712681≥+600000,margin ≥+20
SBS,DU3053535,2985,,105,1.79769313486232E+308,TRAIL,SELL,0.65,0,8.84,,False,GTC,,
SBS,DU3053535,2984,,105,1.79769313486232E+308,LMT,SELL,0,11.12,12.12,,True,GTC,,
SBS,DU3053535,2983,,105,1.79769313486232E+308,LMT,BUY,0,9.68,10.68,,True,GTC,,,20201228 09:30:00 EST, 14996978≥+9.49, 14996978≥+348491,margin ≥+20
SCOAU,DU3053535,2982,,95,1.79769313486232E+308,TRAIL,SELL,0.25,0,10.27,,False,GTC,,
SAN,DU3053535,2997,,294,1.79769313486232E+308,TRAIL,SELL,0.26,0,3.14,,False,GTC,,
SAN,DU3053535,2996,,294,1.79769313486232E+308,LMT,SELL,0,4.05,5.05,,True,GTC,,
SAN,DU3053535,2995,,294,1.79769313486232E+308,LMT,BUY,0,3.47,4.47,,True,GTC,,,20201228 09:30:00 EST, 12442≥+3.4, 12442≥+624764,margin ≥+20
SAND,DU3053535,2994,,126,1.79769313486232E+308,TRAIL,SELL,0.61,0,7.31,,False,GTC,,
SAND,DU3053535,2993,,126,1.79769313486232E+308,LMT,SELL,0,9.45,10.45,,True,GTC,,
SAND,DU3053535,2992,,126,1.79769313486232E+308,LMT,BUY,0,8.08,9.08,,True,GTC,,,20201228 09:30:00 EST, 112166068≥+7.92, 112166068≥+192218,margin ≥+20
SBH,DU3053535,2991,,74,1.79769313486232E+308,TRAIL,SELL,1.12,0,12.23,,False,GTC,,
SBH,DU3053535,2990,,74,1.79769313486232E+308,LMT,SELL,0,16.16,17.16,,True,GTC,,
RVI,DU3053535,3005,,65,1.79769313486232E+308,LMT,SELL,0,18.63,19.63,,True,GTC,,
RVI,DU3053535,3004,,65,1.79769313486232E+308,LMT,BUY,0,15.61,16.61,,True,GTC,,,20201228 09:30:00 EST, 322300722≥+15.31, 322300722≥+34473,margin ≥+20
RWT,DU3053535,3003,,106,1.79769313486232E+308,TRAIL,SELL,0.62,0,8.79,,False,GTC,,
RWT,DU3053535,3002,,106,1.79769313486232E+308,LMT,SELL,0,10.96,11.96,,True,GTC,,
RWT,DU3053535,3001,,106,1.79769313486232E+308,LMT,BUY,0,9.6,10.6,,True,GTC,,,20201228 09:30:00 EST, 6478023≥+9.41, 6478023≥+889418,margin ≥+20
RXT,DU3053535,3000,,45,1.79769313486232E+308,TRAIL,SELL,1.91,0,20.13,,False,GTC,,
RXT,DU3053535,2999,,45,1.79769313486232E+308,LMT,SELL,0,26.83,27.83,,True,GTC,,
RXT,DU3053535,2998,,45,1.79769313486232E+308,LMT,BUY,0,22.48,23.48,,True,GTC,,,20201228 09:30:00 EST, 438220546≥+22.04, 438220546≥+214455,margin ≥+20
PRMW,DU3053535,3077,,59,1.79769313486232E+308,LMT,SELL,0,18.75,19.75,,True,GTC,,
PRMW,DU3053535,3076,,59,1.79769313486232E+308,LMT,BUY,0,17.08,18.08,,True,GTC,,,20201228 09:30:00 EST, 407149876≥+16.75, 407149876≥+202473,margin ≥+20
PSEC,DU3053535,3075,,174,1.79769313486232E+308,TRAIL,SELL,0.21,0,5.51,,False,GTC,,
PSEC,DU3053535,3074,,174,1.79769313486232E+308,LMT,SELL,0,6.24,7.24,,True,GTC,,
PSEC,DU3053535,3073,,174,1.79769313486232E+308,LMT,BUY,0,5.83,6.83,,True,GTC,,,20201228 09:30:00 EST, 30188658≥+5.71, 30188658≥+241127,margin ≥+20
PSO,DU3053535,3072,,105,1.79769313486232E+308,TRAIL,SELL,0.46,0,8.97,,False,GTC,,
PSO,DU3053535,3071,,105,1.79769313486232E+308,LMT,SELL,0,10.59,11.59,,True,GTC,,
PSO,DU3053535,3070,,105,1.79769313486232E+308,LMT,BUY,0,9.62,10.62,,True,GTC,,,20201228 09:30:00 EST, 756247≥+9.43, 756247≥+25873,margin ≥+20
PPC,DU3053535,3085,,47,1.79769313486232E+308,LMT,BUY,0,21.57,22.57,,True,GTC,,,20201228 09:30:00 EST, 71395583≥+21.14, 71395583≥+241618,margin ≥+20
PRA,DU3053535,3084,,50,1.79769313486232E+308,TRAIL,SELL,1.51,0,18.14,,False,GTC,,
PRA,DU3053535,3083,,50,1.79769313486232E+308,LMT,SELL,0,23.41,24.41,,True,GTC,,
PRA,DU3053535,3082,,50,1.79769313486232E+308,LMT,BUY,0,20.04,21.04,,True,GTC,,,20201228 09:30:00 EST, 2585343≥+19.64, 2585343≥+207018,margin ≥+20
PRDO,DU3053535,3081,,72,1.79769313486232E+308,TRAIL,SELL,0.98,0,12.73,,False,GTC,,
PRDO,DU3053535,3080,,72,1.79769313486232E+308,LMT,SELL,0,16.15,17.15,,True,GTC,,
PRDO,DU3053535,3079,,72,1.79769313486232E+308,LMT,BUY,0,13.98,14.98,,True,GTC,,,20201228 09:30:00 EST, 397813613≥+13.7, 397813613≥+230291,margin ≥+20
PRMW,DU3053535,3078,,59,1.79769313486232E+308,TRAIL,SELL,0.8,0,15.94,,False,GTC,,
PMT,DU3053535,3093,,53,1.79769313486232E+308,TRAIL,SELL,1.01,0,17.82,,False,GTC,,
PMT,DU3053535,3092,,53,1.79769313486232E+308,LMT,SELL,0,21.37,22.37,,True,GTC,,
PMT,DU3053535,3091,,53,1.79769313486232E+308,LMT,BUY,0,19.21,20.21,,True,GTC,,,20201228 09:30:00 EST, 64759614≥+18.84, 64759614≥+659927,margin ≥+20
PNNT,DU3053535,3090,,205,1.79769313486232E+308,TRAIL,SELL,0.35,0,4.52,,False,GTC,,
PNNT,DU3053535,3089,,205,1.79769313486232E+308,LMT,SELL,0,5.73,6.73,,True,GTC,,
PNNT,DU3053535,3088,,205,1.79769313486232E+308,LMT,BUY,0,4.96,5.96,,True,GTC,,,20201228 09:30:00 EST, 43708737≥+4.87, 43708737≥+413945,margin ≥+20
PPC,DU3053535,3087,,47,1.79769313486232E+308,TRAIL,SELL,1.23,0,19.91,,False,GTC,,
PPC,DU3053535,3086,,47,1.79769313486232E+308,LMT,SELL,0,24.22,25.22,,True,GTC,,
PGRE,DU3053535,3101,,101,1.79769313486232E+308,LMT,SELL,0,11.68,12.68,,True,GTC,,
PGRE,DU3053535,3100,,101,1.79769313486232E+308,LMT,BUY,0,10.06,11.06,,True,GTC,,,20201228 09:30:00 EST, 173803851≥+9.87, 173803851≥+949127,margin ≥+20
PLAB,DU3053535,3099,,81,1.79769313486232E+308,TRAIL,SELL,1.09,0,11.18,,False,GTC,,
PLAB,DU3053535,3098,,81,1.79769313486232E+308,LMT,SELL,0,15.01,16.01,,True,GTC,,
PLAB,DU3053535,3097,,81,1.79769313486232E+308,LMT,BUY,0,12.52,13.52,,True,GTC,,,20201228 09:30:00 EST, 273165≥+12.27, 273165≥+300364,margin ≥+20
PLYM,DU3053535,3096,,65,1.79769313486232E+308,TRAIL,SELL,1.13,0,14.2,,False,GTC,,
PLYM,DU3053535,3095,,65,1.79769313486232E+308,LMT,SELL,0,18.15,19.15,,True,GTC,,
PLYM,DU3053535,3094,,65,1.79769313486232E+308,LMT,BUY,0,15.63,16.63,,True,GTC,,,20201228 09:30:00 EST, 278545614≥+15.33, 278545614≥+306527,margin ≥+20
RDN,DU3053535,3045,,46,1.79769313486232E+308,TRAIL,SELL,1.26,0,20.12,,False,GTC,,
RDN,DU3053535,3044,,46,1.79769313486232E+308,LMT,SELL,0,24.51,25.51,,True,GTC,,
RDN,DU3053535,3043,,46,1.79769313486232E+308,LMT,BUY,0,21.8,22.8,,True,GTC,,,20201228 09:30:00 EST, 6478015≥+21.37, 6478015≥+489945,margin ≥+20
RDNT,DU3053535,3042,,49,1.79769313486232E+308,TRAIL,SELL,1.6,0,18.59,,False,GTC,,
RDNT,DU3053535,3041,,49,1.79769313486232E+308,LMT,SELL,0,24.2,25.2,,True,GTC,,
RDNT,DU3053535,3040,,49,1.79769313486232E+308,LMT,BUY,0,20.59,21.59,,True,GTC,,,20201228 09:30:00 EST, 41888859≥+20.19, 41888859≥+173109,margin ≥+20
RESI,DU3053535,3039,,60,1.79769313486232E+308,TRAIL,SELL,0.25,0,16.15,,False,GTC,,
RESI,DU3053535,3038,,60,1.79769313486232E+308,LMT,SELL,0,17.02,18.02,,True,GTC,,
RBAC,DU3053535,3053,,85,1.79769313486232E+308,LMT,SELL,0,13.62,14.62,,True,GTC,,
RBAC,DU3053535,3052,,85,1.79769313486232E+308,LMT,BUY,0,11.94,12.94,,True,GTC,,,20201228 09:30:00 EST, 447955224≥+11.71, 447955224≥+45909,margin ≥+20
RC,DU3053535,3051,,74,1.79769313486232E+308,TRAIL,SELL,1.1,0,12.36,,False,GTC,,
RC,DU3053535,3050,,74,1.79769313486232E+308,LMT,SELL,0,16.23,17.23,,True,GTC,,
RC,DU3053535,3049,,74,1.79769313486232E+308,LMT,BUY,0,13.74,14.74,,True,GTC,,,20201228 09:30:00 EST, 335049701≥+13.47, 335049701≥+143491,margin ≥+20
RCEL,DU3053535,3048,,48,1.79769313486232E+308,TRAIL,SELL,1.89,0,18.73,,False,GTC,,
RCEL,DU3053535,3047,,48,1.79769313486232E+308,LMT,SELL,0,25.35,26.35,,True,GTC,,
RCEL,DU3053535,3046,,48,1.79769313486232E+308,LMT,BUY,0,21.03,22.03,,True,GTC,,,20201228 09:30:00 EST, 430625907≥+20.62, 430625907≥+74891,margin ≥+20
QRTEA,DU3053535,3061,,85,1.79769313486232E+308,LMT,BUY,0,11.89,12.89,,True,GTC,,,20201228 09:30:00 EST, 313673851≥+11.66, 313673851≥+1238727,margin ≥+20
QUOT,DU3053535,3060,,101,1.79769313486232E+308,TRAIL,SELL,0.64,0,9.23,,False,GTC,,
QUOT,DU3053535,3059,,101,1.79769313486232E+308,LMT,SELL,0,11.46,12.46,,True,GTC,,
QUOT,DU3053535,3058,,101,1.79769313486232E+308,LMT,BUY,0,10.06,11.06,,True,GTC,,,20201228 09:30:00 EST, 209048238≥+9.87, 209048238≥+171364,margin ≥+20
RA,DU3053535,3057,,54,1.79769313486232E+308,TRAIL,SELL,0.45,0,17.91,,False,GTC,,
RA,DU3053535,3056,,54,1.79769313486232E+308,LMT,SELL,0,19.48,20.48,,True,GTC,,
RA,DU3053535,3055,,54,1.79769313486232E+308,LMT,BUY,0,18.73,19.73,,True,GTC,,,20201228 09:30:00 EST, 257298774≥+18.36, 257298774≥+20218,margin ≥+20
RBAC,DU3053535,3054,,85,1.79769313486232E+308,TRAIL,SELL,0.76,0,10.94,,False,GTC,,
PVG,DU3053535,3069,,80,1.79769313486232E+308,TRAIL,SELL,1,0,11.36,,False,GTC,,
PVG,DU3053535,3068,,80,1.79769313486232E+308,LMT,SELL,0,14.86,15.86,,True,GTC,,
PVG,DU3053535,3067,,80,1.79769313486232E+308,LMT,BUY,0,12.61,13.61,,True,GTC,,,20201228 09:30:00 EST, 100250917≥+12.36, 100250917≥+190473,margin ≥+20
PWFL,DU3053535,3066,,127,1.79769313486232E+308,TRAIL,SELL,0.75,0,7.11,,False,GTC,,
PWFL,DU3053535,3065,,127,1.79769313486232E+308,LMT,SELL,0,9.72,10.72,,True,GTC,,
PWFL,DU3053535,3064,,127,1.79769313486232E+308,LMT,BUY,0,8.01,9.01,,True,GTC,,,20201228 09:30:00 EST, 385818294≥+7.86, 385818294≥+30909,margin ≥+20
QRTEA,DU3053535,3063,,85,1.79769313486232E+308,TRAIL,SELL,1.09,0,10.57,,False,GTC,,
QRTEA,DU3053535,3062,,85,1.79769313486232E+308,LMT,SELL,0,14.38,15.38,,True,GTC,,
CFB,DU3053535,3909,,89,1.79769313486232E+308,TRAIL,SELL,0.87,0,10.32,,False,GTC,,
CFB,DU3053535,3908,,89,1.79769313486232E+308,LMT,SELL,0,13.38,14.38,,True,GTC,,
CFB,DU3053535,3907,,89,1.79769313486232E+308,LMT,BUY,0,11.42,12.42,,True,GTC,,,20201228 09:30:00 EST, 379034087≥+11.19, 379034087≥+46327,margin ≥+20
CFFN,DU3053535,3906,,77,1.79769313486232E+308,TRAIL,SELL,0.58,0,12.26,,False,GTC,,
CFFN,DU3053535,3905,,77,1.79769313486232E+308,LMT,SELL,0,14.3,15.3,,True,GTC,,
CFFN,DU3053535,3904,,77,1.79769313486232E+308,LMT,BUY,0,13.1,14.1,,True,GTC,,,20201228 09:30:00 EST, 82340077≥+12.84, 82340077≥+516509,margin ≥+20
CFII,DU3053535,3903,,82,1.79769313486232E+308,TRAIL,SELL,1.18,0,11,,False,GTC,,
CFII,DU3053535,3902,,82,1.79769313486232E+308,LMT,SELL,0,15.14,16.14,,True,GTC,,
CDR,DU3053535,3917,,95,1.79769313486232E+308,LMT,SELL,0,12.87,13.87,,True,GTC,,
CDR,DU3053535,3916,,95,1.79769313486232E+308,LMT,BUY,0,10.7,11.7,,True,GTC,,,20201228 09:30:00 EST, 455759817≥+10.49, 455759817≥+34545,margin ≥+20
CDZI,DU3053535,3915,,91,1.79769313486232E+308,TRAIL,SELL,0.82,0,10.14,,False,GTC,,
CDZI,DU3053535,3914,,91,1.79769313486232E+308,LMT,SELL,0,13.01,14.01,,True,GTC,,
CDZI,DU3053535,3913,,91,1.79769313486232E+308,LMT,BUY,0,11.18,12.18,,True,GTC,,,20201228 09:30:00 EST, 4728102≥+10.96, 4728102≥+86200,margin ≥+20
CEQP,DU3053535,3912,,45,1.79769313486232E+308,TRAIL,SELL,1.97,0,19.91,,False,GTC,,
CEQP,DU3053535,3911,,45,1.79769313486232E+308,LMT,SELL,0,26.79,27.79,,True,GTC,,
CEQP,DU3053535,3910,,45,1.79769313486232E+308,LMT,BUY,0,22.31,23.31,,True,GTC,,,20201228 09:30:00 EST, 212921422≥+21.87, 212921422≥+37418,margin ≥+20
CCAC,DU3053535,3925,,87,1.79769313486232E+308,LMT,BUY,0,11.66,12.66,,True,GTC,,,20201228 09:30:00 EST, 414273851≥+11.43, 414273851≥+37418,margin ≥+20
CCIV,DU3053535,3924,,95,1.79769313486232E+308,TRAIL,SELL,0.4,0,10.03,,False,GTC,,
CCIV,DU3053535,3923,,95,1.79769313486232E+308,LMT,SELL,0,11.42,12.42,,True,GTC,,
CCIV,DU3053535,3922,,95,1.79769313486232E+308,LMT,BUY,0,10.63,11.63,,True,GTC,,,20201228 09:30:00 EST, 445423538≥+10.43, 445423538≥+306018,margin ≥+20
CCX,DU3053535,3921,,94,1.79769313486232E+308,TRAIL,SELL,0.35,0,10.28,,False,GTC,,
CCX,DU3053535,3920,,94,1.79769313486232E+308,LMT,SELL,0,11.51,12.51,,True,GTC,,
CCX,DU3053535,3919,,94,1.79769313486232E+308,LMT,BUY,0,10.85,11.85,,True,GTC,,,20201228 09:30:00 EST, 375796340≥+10.63, 375796340≥+46673,margin ≥+20
CDR,DU3053535,3918,,95,1.79769313486232E+308,TRAIL,SELL,0.95,0,9.53,,False,GTC,,
CBB,DU3053535,3933,,64,1.79769313486232E+308,TRAIL,SELL,0.15,0,15.26,,False,GTC,,
CBB,DU3053535,3932,,64,1.79769313486232E+308,LMT,SELL,0,15.8,16.8,,True,GTC,,
CBB,DU3053535,3931,,64,1.79769313486232E+308,LMT,BUY,0,15.72,16.72,,True,GTC,,,20201228 09:30:00 EST, 249167943≥+15.42, 249167943≥+474636,margin ≥+20
CBD,DU3053535,3930,,66,1.79769313486232E+308,TRAIL,SELL,0.85,0,14.24,,False,GTC,,
CBD,DU3053535,3929,,66,1.79769313486232E+308,LMT,SELL,0,17.23,18.23,,True,GTC,,
CBD,DU3053535,3928,,66,1.79769313486232E+308,LMT,BUY,0,15.4,16.4,,True,GTC,,,20201228 09:30:00 EST, 405511539≥+15.1, 405511539≥+29436,margin ≥+20
CCAC,DU3053535,3927,,87,1.79769313486232E+308,TRAIL,SELL,0.92,0,10.51,,False,GTC,,
CCAC,DU3053535,3926,,87,1.79769313486232E+308,LMT,SELL,0,13.74,14.74,,True,GTC,,
CIO,DU3053535,3877,,97,1.79769313486232E+308,LMT,BUY,0,10.46,11.46,,True,GTC,,,20201228 09:30:00 EST, 148163100≥+10.26, 148163100≥+147855,margin ≥+20
CLAR,DU3053535,3876,,60,1.79769313486232E+308,TRAIL,SELL,1.14,0,15.33,,False,GTC,,
CLAR,DU3053535,3875,,60,1.79769313486232E+308,LMT,SELL,0,19.31,20.31,,True,GTC,,
CLAR,DU3053535,3874,,60,1.79769313486232E+308,LMT,BUY,0,16.8,17.8,,True,GTC,,,20201228 09:30:00 EST, 285675114≥+16.47, 285675114≥+77945,margin ≥+20
CLBK,DU3053535,3873,,62,1.79769313486232E+308,TRAIL,SELL,0.69,0,15.2,,False,GTC,,
CLBK,DU3053535,3872,,62,1.79769313486232E+308,LMT,SELL,0,17.63,18.63,,True,GTC,,
CLBK,DU3053535,3871,,62,1.79769313486232E+308,LMT,BUY,0,16.21,17.21,,True,GTC,,,20201228 09:30:00 EST, 314734931≥+15.89, 314734931≥+102618,margin ≥+20
CLDT,DU3053535,3870,,79,1.79769313486232E+308,TRAIL,SELL,1.06,0,11.49,,False,GTC,,
CIG,DU3053535,3885,,333,1.79769313486232E+308,TRAIL,SELL,0.24,0,2.76,,False,GTC,,
CIG,DU3053535,3884,,333,1.79769313486232E+308,LMT,SELL,0,3.61,4.61,,True,GTC,,
CIG,DU3053535,3883,,333,1.79769313486232E+308,LMT,BUY,0,3.06,4.06,,True,GTC,,,20201228 09:30:00 EST, 2006842≥+3, 2006842≥+1267291,margin ≥+20
CIM,DU3053535,3882,,88,1.79769313486232E+308,TRAIL,SELL,0.69,0,10.61,,False,GTC,,
CIM,DU3053535,3881,,88,1.79769313486232E+308,LMT,SELL,0,13.01,14.01,,True,GTC,,
CIM,DU3053535,3880,,88,1.79769313486232E+308,LMT,BUY,0,11.52,12.52,,True,GTC,,,20201228 09:30:00 EST, 187296614≥+11.3, 187296614≥+669400,margin ≥+20
CIO,DU3053535,3879,,97,1.79769313486232E+308,TRAIL,SELL,0.69,0,9.57,,False,GTC,,
CIO,DU3053535,3878,,97,1.79769313486232E+308,LMT,SELL,0,11.97,12.97,,True,GTC,,
CHNG,DU3053535,3893,,50,1.79769313486232E+308,LMT,SELL,0,23.01,24.01,,True,GTC,,
CHNG,DU3053535,3892,,50,1.79769313486232E+308,LMT,BUY,0,20.14,21.14,,True,GTC,,,20201228 09:30:00 EST, 372849726≥+19.74, 372849726≥+819600,margin ≥+20
CHRS,DU3053535,3891,,52,1.79769313486232E+308,TRAIL,SELL,1.38,0,17.56,,False,GTC,,
CHRS,DU3053535,3890,,52,1.79769313486232E+308,LMT,SELL,0,22.4,23.4,,True,GTC,,
CHRS,DU3053535,3889,,52,1.79769313486232E+308,LMT,BUY,0,19.32,20.32,,True,GTC,,,20201228 09:30:00 EST, 172938783≥+18.94, 172938783≥+396345,margin ≥+20
CHU,DU3053535,3888,,168,1.79769313486232E+308,TRAIL,SELL,0.28,0,5.66,,False,GTC,,
CHU,DU3053535,3887,,168,1.79769313486232E+308,LMT,SELL,0,6.65,7.65,,True,GTC,,
CHU,DU3053535,3886,,168,1.79769313486232E+308,LMT,BUY,0,6.06,7.06,,True,GTC,,,20201228 09:30:00 EST, 9541641≥+5.94, 9541641≥+31182,margin ≥+20
CFII,DU3053535,3901,,82,1.79769313486232E+308,LMT,BUY,0,12.42,13.42,,True,GTC,,,20201228 09:30:00 EST, 450042704≥+12.18, 450042704≥+195382,margin ≥+20
CGBD,DU3053535,3900,,86,1.79769313486232E+308,TRAIL,SELL,0.61,0,10.99,,False,GTC,,
CGBD,DU3053535,3899,,86,1.79769313486232E+308,LMT,SELL,0,13.14,14.14,,True,GTC,,
CGBD,DU3053535,3898,,86,1.79769313486232E+308,LMT,BUY,0,11.84,12.84,,True,GTC,,,20201228 09:30:00 EST, 279166957≥+11.61, 279166957≥+99909,margin ≥+20
CHMI,DU3053535,3897,,99,1.79769313486232E+308,TRAIL,SELL,0.57,0,9.52,,False,GTC,,
CHMI,DU3053535,3896,,99,1.79769313486232E+308,LMT,SELL,0,11.52,12.52,,True,GTC,,
CHMI,DU3053535,3895,,99,1.79769313486232E+308,LMT,BUY,0,10.29,11.29,,True,GTC,,,20201228 09:30:00 EST, 135748067≥+10.09, 135748067≥+33400,margin ≥+20
CHNG,DU3053535,3894,,50,1.79769313486232E+308,TRAIL,SELL,1.31,0,18.44,,False,GTC,,
BRFS,DU3053535,3973,,212,1.79769313486232E+308,LMT,BUY,0,4.8,5.8,,True,GTC,,,20201228 09:30:00 EST, 61596951≥+4.71, 61596951≥+130000,margin ≥+20
BRKL,DU3053535,3972,,78,1.79769313486232E+308,TRAIL,SELL,0.88,0,11.81,,False,GTC,,
BRKL,DU3053535,3971,,78,1.79769313486232E+308,LMT,SELL,0,14.9,15.9,,True,GTC,,
BRKL,DU3053535,3970,,78,1.79769313486232E+308,LMT,BUY,0,12.95,13.95,,True,GTC,,,20201228 09:30:00 EST, 4727407≥+12.69, 4727407≥+373273,margin ≥+20
BRMK,DU3053535,3969,,93,1.79769313486232E+308,TRAIL,SELL,0.4,0,10.33,,False,GTC,,
BRMK,DU3053535,3968,,93,1.79769313486232E+308,LMT,SELL,0,11.74,12.74,,True,GTC,,
BRMK,DU3053535,3967,,93,1.79769313486232E+308,LMT,BUY,0,10.95,11.95,,True,GTC,,,20201228 09:30:00 EST, 391418397≥+10.73, 391418397≥+202273,margin ≥+20
BRX,DU3053535,3966,,57,1.79769313486232E+308,TRAIL,SELL,1.19,0,16.23,,False,GTC,,
BPY,DU3053535,3981,,61,1.79769313486232E+308,TRAIL,SELL,1.09,0,15.28,,False,GTC,,
BPY,DU3053535,3980,,61,1.79769313486232E+308,LMT,SELL,0,19.09,20.09,,True,GTC,,
BPY,DU3053535,3979,,61,1.79769313486232E+308,LMT,BUY,0,16.69,17.69,,True,GTC,,,20201228 09:30:00 EST, 124725612≥+16.37, 124725612≥+171127,margin ≥+20
BPYU,DU3053535,3978,,59,1.79769313486232E+308,TRAIL,SELL,1.21,0,15.6,,False,GTC,,
BPYU,DU3053535,3977,,59,1.79769313486232E+308,LMT,SELL,0,19.85,20.85,,True,GTC,,
BPYU,DU3053535,3976,,59,1.79769313486232E+308,LMT,BUY,0,17.15,18.15,,True,GTC,,,20201228 09:30:00 EST, 331454538≥+16.81, 331454538≥+325036,margin ≥+20
BRFS,DU3053535,3975,,212,1.79769313486232E+308,TRAIL,SELL,0.36,0,4.34,,False,GTC,,
BRFS,DU3053535,3974,,212,1.79769313486232E+308,LMT,SELL,0,5.62,6.62,,True,GTC,,
BOX,DU3053535,3989,,49,1.79769313486232E+308,LMT,SELL,0,24.4,25.4,,True,GTC,,
BOX,DU3053535,3988,,49,1.79769313486232E+308,LMT,BUY,0,20.77,21.77,,True,GTC,,,20201228 09:30:00 EST, 181158987≥+20.37, 181158987≥+662236,margin ≥+20
BPFH,DU3053535,3987,,117,1.79769313486232E+308,TRAIL,SELL,0.51,0,8.02,,False,GTC,,
BPFH,DU3053535,3986,,117,1.79769313486232E+308,LMT,SELL,0,9.8,10.8,,True,GTC,,
BPFH,DU3053535,3985,,117,1.79769313486232E+308,LMT,BUY,0,8.7,9.7,,True,GTC,,,20201228 09:30:00 EST, 4727359≥+8.53, 4727359≥+459436,margin ≥+20
BPMP,DU3053535,3984,,86,1.79769313486232E+308,TRAIL,SELL,0.75,0,10.77,,False,GTC,,
BPMP,DU3053535,3983,,86,1.79769313486232E+308,LMT,SELL,0,13.39,14.39,,True,GTC,,
BPMP,DU3053535,3982,,86,1.79769313486232E+308,LMT,BUY,0,11.75,12.75,,True,GTC,,,20201228 09:30:00 EST, 293692432≥+11.52, 293692432≥+37418,margin ≥+20
BLMN,DU3053535,3997,,50,1.79769313486232E+308,LMT,BUY,0,20.39,21.39,,True,GTC,,,20201228 09:30:00 EST, 111837984≥+19.99, 111837984≥+471727,margin ≥+20
BNFT,DU3053535,3996,,66,1.79769313486232E+308,TRAIL,SELL,1.28,0,13.84,,False,GTC,,
BNFT,DU3053535,3995,,66,1.79769313486232E+308,LMT,SELL,0,18.32,19.32,,True,GTC,,
BNFT,DU3053535,3994,,66,1.79769313486232E+308,LMT,BUY,0,15.42,16.42,,True,GTC,,,20201228 09:30:00 EST, 134581271≥+15.12, 134581271≥+62564,margin ≥+20
BNL,DU3053535,3993,,49,1.79769313486232E+308,TRAIL,SELL,1.02,0,19.31,,False,GTC,,
BNL,DU3053535,3992,,49,1.79769313486232E+308,LMT,SELL,0,22.88,23.88,,True,GTC,,
BNL,DU3053535,3991,,49,1.79769313486232E+308,LMT,BUY,0,20.74,21.74,,True,GTC,,,20201228 09:30:00 EST, 445194068≥+20.33, 445194068≥+974091,margin ≥+20
BOX,DU3053535,3990,,49,1.79769313486232E+308,TRAIL,SELL,1.61,0,18.75,,False,GTC,,
CADE,DU3053535,3941,,60,1.79769313486232E+308,LMT,SELL,0,19.55,20.55,,True,GTC,,
CADE,DU3053535,3940,,60,1.79769313486232E+308,LMT,BUY,0,16.95,17.95,,True,GTC,,,20201228 09:30:00 EST, 272562038≥+16.62, 272562038≥+520800,margin ≥+20
CAJ,DU3053535,3939,,48,1.79769313486232E+308,TRAIL,SELL,0.71,0,19.79,,False,GTC,,
CAJ,DU3053535,3938,,48,1.79769313486232E+308,LMT,SELL,0,22.27,23.27,,True,GTC,,
CAJ,DU3053535,3937,,48,1.79769313486232E+308,LMT,BUY,0,20.91,21.91,,True,GTC,,,20201228 09:30:00 EST, 12340038≥+20.5, 12340038≥+83073,margin ≥+20
CARA,DU3053535,3936,,61,1.79769313486232E+308,TRAIL,SELL,1.17,0,15.1,,False,GTC,,
CARA,DU3053535,3935,,61,1.79769313486232E+308,LMT,SELL,0,19.18,20.18,,True,GTC,,
CARA,DU3053535,3934,,61,1.79769313486232E+308,LMT,BUY,0,16.59,17.59,,True,GTC,,,20201228 09:30:00 EST, 143541499≥+16.26, 143541499≥+117073,margin ≥+20
BSMX,DU3053535,3949,,177,1.79769313486232E+308,LMT,BUY,0,5.74,6.74,,True,GTC,,,20201228 09:30:00 EST, 304013727≥+5.63, 304013727≥+33218,margin ≥+20
BVN,DU3053535,3948,,74,1.79769313486232E+308,TRAIL,SELL,1.01,0,12.46,,False,GTC,,
BVN,DU3053535,3947,,74,1.79769313486232E+308,LMT,SELL,0,16,17,,True,GTC,,
BVN,DU3053535,3946,,74,1.79769313486232E+308,LMT,BUY,0,13.74,14.74,,True,GTC,,,20201228 09:30:00 EST, 1715014≥+13.47, 1715014≥+456909,margin ≥+20
BZH,DU3053535,3945,,59,1.79769313486232E+308,TRAIL,SELL,1.35,0,15.58,,False,GTC,,
BZH,DU3053535,3944,,59,1.79769313486232E+308,LMT,SELL,0,20.31,21.31,,True,GTC,,
BZH,DU3053535,3943,,59,1.79769313486232E+308,LMT,BUY,0,17.27,18.27,,True,GTC,,,20201228 09:30:00 EST, 114945521≥+16.93, 114945521≥+64073,margin ≥+20
CADE,DU3053535,3942,,60,1.79769313486232E+308,TRAIL,SELL,1.17,0,15.45,,False,GTC,,
BSIG,DU3053535,3957,,50,1.79769313486232E+308,TRAIL,SELL,1.12,0,18.87,,False,GTC,,
BSIG,DU3053535,3956,,50,1.79769313486232E+308,LMT,SELL,0,22.79,23.79,,True,GTC,,
BSIG,DU3053535,3955,,50,1.79769313486232E+308,LMT,BUY,0,20.39,21.39,,True,GTC,,,20201228 09:30:00 EST, 374293788≥+19.99, 374293788≥+356491,margin ≥+20
BSM,DU3053535,3954,,133,1.79769313486232E+308,TRAIL,SELL,0.48,0,7.04,,False,GTC,,
BSM,DU3053535,3953,,133,1.79769313486232E+308,LMT,SELL,0,8.7,9.7,,True,GTC,,
BSM,DU3053535,3952,,133,1.79769313486232E+308,LMT,BUY,0,7.66,8.66,,True,GTC,,,20201228 09:30:00 EST, 192496059≥+7.51, 192496059≥+68618,margin ≥+20
BSMX,DU3053535,3951,,177,1.79769313486232E+308,TRAIL,SELL,0.38,0,5.25,,False,GTC,,
BSMX,DU3053535,3950,,177,1.79769313486232E+308,LMT,SELL,0,6.57,7.57,,True,GTC,,
BRX,DU3053535,3965,,57,1.79769313486232E+308,LMT,SELL,0,20.38,21.38,,True,GTC,,
BRX,DU3053535,3964,,57,1.79769313486232E+308,LMT,BUY,0,17.76,18.76,,True,GTC,,,20201228 09:30:00 EST, 137494497≥+17.42, 137494497≥+1029564,margin ≥+20
BSAC,DU3053535,3963,,49,1.79769313486232E+308,TRAIL,SELL,1.05,0,19.35,,False,GTC,,
BSAC,DU3053535,3962,,49,1.79769313486232E+308,LMT,SELL,0,23.04,24.04,,True,GTC,,
BSAC,DU3053535,3961,,49,1.79769313486232E+308,LMT,BUY,0,20.81,21.81,,True,GTC,,,20201228 09:30:00 EST, 2586083≥+20.41, 2586083≥+34655,margin ≥+20
BSBR,DU3053535,3960,,108,1.79769313486232E+308,TRAIL,SELL,0.58,0,8.64,,False,GTC,,
BSBR,DU3053535,3959,,108,1.79769313486232E+308,LMT,SELL,0,10.67,11.67,,True,GTC,,
BSBR,DU3053535,3958,,108,1.79769313486232E+308,LMT,BUY,0,9.41,10.41,,True,GTC,,,20201228 09:30:00 EST, 69293560≥+9.22, 69293560≥+76073,margin ≥+20
DHT,DU3053535,3781,,171,1.79769313486232E+308,LMT,BUY,0,5.95,6.95,,True,GTC,,,20201228 09:30:00 EST, 110322264≥+5.84, 110322264≥+226127,margin ≥+20
DOC,DU3053535,3780,,53,1.79769313486232E+308,TRAIL,SELL,0.8,0,18.01,,False,GTC,,
DOC,DU3053535,3779,,53,1.79769313486232E+308,LMT,SELL,0,20.8,21.8,,True,GTC,,
DOC,DU3053535,3778,,53,1.79769313486232E+308,LMT,BUY,0,19.18,20.18,,True,GTC,,,20201228 09:30:00 EST, 131219462≥+18.81, 131219462≥+799255,margin ≥+20
DX,DU3053535,3777,,53,1.79769313486232E+308,TRAIL,SELL,0.74,0,17.99,,False,GTC,,
DX,DU3053535,3776,,53,1.79769313486232E+308,LMT,SELL,0,20.57,21.57,,True,GTC,,
DX,DU3053535,3775,,53,1.79769313486232E+308,LMT,BUY,0,19.1,20.1,,True,GTC,,,20201228 09:30:00 EST, 370528221≥+18.73, 370528221≥+156873,margin ≥+20
EB,DU3053535,3774,,50,1.79769313486232E+308,TRAIL,SELL,1.62,0,18.34,,False,GTC,,
DENN,DU3053535,3789,,65,1.79769313486232E+308,TRAIL,SELL,1.29,0,13.92,,False,GTC,,
DENN,DU3053535,3788,,65,1.79769313486232E+308,LMT,SELL,0,18.45,19.45,,True,GTC,,
DENN,DU3053535,3787,,65,1.79769313486232E+308,LMT,BUY,0,15.52,16.52,,True,GTC,,,20201228 09:30:00 EST, 14270526≥+15.22, 14270526≥+187236,margin ≥+20
DGII,DU3053535,3786,,47,1.79769313486232E+308,TRAIL,SELL,1.87,0,19.06,,False,GTC,,
DGII,DU3053535,3785,,47,1.79769313486232E+308,LMT,SELL,0,25.62,26.62,,True,GTC,,
DGII,DU3053535,3784,,47,1.79769313486232E+308,LMT,BUY,0,21.35,22.35,,True,GTC,,,20201228 09:30:00 EST, 268443≥+20.93, 268443≥+99727,margin ≥+20
DHT,DU3053535,3783,,171,1.79769313486232E+308,TRAIL,SELL,0.42,0,5.41,,False,GTC,,
DHT,DU3053535,3782,,171,1.79769313486232E+308,LMT,SELL,0,6.9,7.9,,True,GTC,,
CXP,DU3053535,3797,,65,1.79769313486232E+308,LMT,SELL,0,17.66,18.66,,True,GTC,,
CXP,DU3053535,3796,,65,1.79769313486232E+308,LMT,BUY,0,15.55,16.55,,True,GTC,,,20201228 09:30:00 EST, 135975631≥+15.25, 135975631≥+341218,margin ≥+20
DAN,DU3053535,3795,,46,1.79769313486232E+308,TRAIL,SELL,1.67,0,19.64,,False,GTC,,
DAN,DU3053535,3794,,46,1.79769313486232E+308,LMT,SELL,0,25.47,26.47,,True,GTC,,
DAN,DU3053535,3793,,46,1.79769313486232E+308,LMT,BUY,0,21.74,22.74,,True,GTC,,,20201228 09:30:00 EST, 49260419≥+21.31, 49260419≥+391673,margin ≥+20
DB,DU3053535,3792,,85,1.79769313486232E+308,TRAIL,SELL,0.81,0,10.86,,False,GTC,,
DB,DU3053535,3791,,85,1.79769313486232E+308,LMT,SELL,0,13.72,14.72,,True,GTC,,
DB,DU3053535,3790,,85,1.79769313486232E+308,LMT,BUY,0,11.91,12.91,,True,GTC,,,20201228 09:30:00 EST, 13435352≥+11.68, 13435352≥+237109,margin ≥+20
CUBI,DU3053535,3805,,50,1.79769313486232E+308,LMT,BUY,0,20.06,21.06,,True,GTC,,,20201228 09:30:00 EST, 99757340≥+19.67, 99757340≥+96945,margin ≥+20
CVA,DU3053535,3804,,72,1.79769313486232E+308,TRAIL,SELL,0.83,0,13.03,,False,GTC,,
CVA,DU3053535,3803,,72,1.79769313486232E+308,LMT,SELL,0,15.94,16.94,,True,GTC,,
CVA,DU3053535,3802,,72,1.79769313486232E+308,LMT,BUY,0,14.14,15.14,,True,GTC,,,20201228 09:30:00 EST, 754347≥+13.86, 754347≥+356345,margin ≥+20
CVBF,DU3053535,3801,,48,1.79769313486232E+308,TRAIL,SELL,1.17,0,19.62,,False,GTC,,
CVBF,DU3053535,3800,,48,1.79769313486232E+308,LMT,SELL,0,23.73,24.73,,True,GTC,,
CVBF,DU3053535,3799,,48,1.79769313486232E+308,LMT,BUY,0,21.21,22.21,,True,GTC,,,20201228 09:30:00 EST, 754270≥+20.8, 754270≥+292436,margin ≥+20
CXP,DU3053535,3798,,65,1.79769313486232E+308,TRAIL,SELL,0.96,0,14.29,,False,GTC,,
EGO,DU3053535,3749,,70,1.79769313486232E+308,LMT,SELL,0,17.51,18.51,,True,GTC,,
EGO,DU3053535,3748,,70,1.79769313486232E+308,LMT,BUY,0,14.57,15.57,,True,GTC,,,20201228 09:30:00 EST, 346219259≥+14.28, 346219259≥+107509,margin ≥+20
EIGI,DU3053535,3747,,104,1.79769313486232E+308,TRAIL,SELL,0.13,0,9.46,,False,GTC,,
EIGI,DU3053535,3746,,104,1.79769313486232E+308,LMT,SELL,0,9.9,10.9,,True,GTC,,
EIGI,DU3053535,3745,,104,1.79769313486232E+308,LMT,BUY,0,9.77,10.77,,True,GTC,,,20201228 09:30:00 EST, 137407032≥+9.58, 137407032≥+147927,margin ≥+20
ELP,DU3053535,3744,,66,1.79769313486232E+308,TRAIL,SELL,0.93,0,14.18,,False,GTC,,
ELP,DU3053535,3743,,66,1.79769313486232E+308,LMT,SELL,0,17.45,18.45,,True,GTC,,
ELP,DU3053535,3742,,66,1.79769313486232E+308,LMT,BUY,0,15.42,16.42,,True,GTC,,,20201228 09:30:00 EST, 5021359≥+15.12, 5021359≥+129527,margin ≥+20
EDD,DU3053535,3757,,154,1.79769313486232E+308,LMT,BUY,0,6.61,7.61,,True,GTC,,,20201228 09:30:00 EST, 43980336≥+6.48, 43980336≥+37164,margin ≥+20
EFC,DU3053535,3756,,63,1.79769313486232E+308,TRAIL,SELL,0.67,0,15.09,,False,GTC,,
EFC,DU3053535,3755,,63,1.79769313486232E+308,LMT,SELL,0,17.43,18.43,,True,GTC,,
EFC,DU3053535,3754,,63,1.79769313486232E+308,LMT,BUY,0,16.08,17.08,,True,GTC,,,20201228 09:30:00 EST, 355090937≥+15.76, 355090937≥+76600,margin ≥+20
EGAN,DU3053535,3753,,77,1.79769313486232E+308,TRAIL,SELL,1.21,0,11.75,,False,GTC,,
EGAN,DU3053535,3752,,77,1.79769313486232E+308,LMT,SELL,0,16,17,,True,GTC,,
EGAN,DU3053535,3751,,77,1.79769313486232E+308,LMT,BUY,0,13.23,14.23,,True,GTC,,,20201228 09:30:00 EST, 21875414≥+12.97, 21875414≥+99200,margin ≥+20
EGO,DU3053535,3750,,70,1.79769313486232E+308,TRAIL,SELL,1.29,0,12.99,,False,GTC,,
EBR,DU3053535,3765,,127,1.79769313486232E+308,TRAIL,SELL,0.58,0,7.28,,False,GTC,,
EBR,DU3053535,3764,,127,1.79769313486232E+308,LMT,SELL,0,9.33,10.33,,True,GTC,,
EBR,DU3053535,3763,,127,1.79769313486232E+308,LMT,BUY,0,8.02,9.02,,True,GTC,,,20201228 09:30:00 EST, 38988979≥+7.87, 38988979≥+29982,margin ≥+20
EC,DU3053535,3762,,70,1.79769313486232E+308,TRAIL,SELL,0.85,0,13.38,,False,GTC,,
EC,DU3053535,3761,,70,1.79769313486232E+308,LMT,SELL,0,16.33,17.33,,True,GTC,,
EC,DU3053535,3760,,70,1.79769313486232E+308,LMT,BUY,0,14.51,15.51,,True,GTC,,,20201228 09:30:00 EST, 53855090≥+14.22, 53855090≥+76000,margin ≥+20
EDD,DU3053535,3759,,154,1.79769313486232E+308,TRAIL,SELL,0.15,0,6.33,,False,GTC,,
EDD,DU3053535,3758,,154,1.79769313486232E+308,LMT,SELL,0,6.86,7.86,,True,GTC,,
EB,DU3053535,3773,,50,1.79769313486232E+308,LMT,SELL,0,24.03,25.03,,True,GTC,,
EB,DU3053535,3772,,50,1.79769313486232E+308,LMT,BUY,0,20.37,21.37,,True,GTC,,,20201228 09:30:00 EST, 333847811≥+19.97, 333847811≥+204909,margin ≥+20
EBC,DU3053535,3771,,58,1.79769313486232E+308,TRAIL,SELL,1.01,0,16.14,,False,GTC,,
EBC,DU3053535,3770,,58,1.79769313486232E+308,LMT,SELL,0,19.68,20.68,,True,GTC,,
EBC,DU3053535,3769,,58,1.79769313486232E+308,LMT,BUY,0,17.49,18.49,,True,GTC,,,20201228 09:30:00 EST, 450042709≥+17.15, 450042709≥+4385927,margin ≥+20
EBF,DU3053535,3768,,54,1.79769313486232E+308,TRAIL,SELL,1.13,0,17.21,,False,GTC,,
EBF,DU3053535,3767,,54,1.79769313486232E+308,LMT,SELL,0,21.16,22.16,,True,GTC,,
EBF,DU3053535,3766,,54,1.79769313486232E+308,LMT,BUY,0,18.71,19.71,,True,GTC,,,20201228 09:30:00 EST, 6648≥+18.34, 6648≥+55055,margin ≥+20
CNSL,DU3053535,3845,,183,1.79769313486232E+308,LMT,SELL,0,6.57,7.57,,True,GTC,,
CNSL,DU3053535,3844,,183,1.79769313486232E+308,LMT,BUY,0,5.57,6.57,,True,GTC,,,20201228 09:30:00 EST, 35128548≥+5.46, 35128548≥+237018,margin ≥+20
CNX,DU3053535,3843,,81,1.79769313486232E+308,TRAIL,SELL,1.15,0,11.1,,False,GTC,,
CNX,DU3053535,3842,,81,1.79769313486232E+308,LMT,SELL,0,15.13,16.13,,True,GTC,,
CNX,DU3053535,3841,,81,1.79769313486232E+308,LMT,BUY,0,12.5,13.5,,True,GTC,,,20201228 09:30:00 EST, 295296295≥+12.25, 295296295≥+1700091,margin ≥+20
CODI,DU3053535,3840,,46,1.79769313486232E+308,TRAIL,SELL,1.25,0,20.08,,False,GTC,,
CODI,DU3053535,3839,,46,1.79769313486232E+308,LMT,SELL,0,24.44,25.44,,True,GTC,,
CODI,DU3053535,3838,,46,1.79769313486232E+308,LMT,BUY,0,21.75,22.75,,True,GTC,,,20201228 09:30:00 EST, 39126011≥+21.33, 39126011≥+37709,margin ≥+20
CMO,DU3053535,3853,,158,1.79769313486232E+308,LMT,BUY,0,6.46,7.46,,True,GTC,,,20201228 09:30:00 EST, 5835≥+6.33, 5835≥+496927,margin ≥+20
CMRE,DU3053535,3852,,115,1.79769313486232E+308,TRAIL,SELL,0.75,0,7.88,,False,GTC,,
CMRE,DU3053535,3851,,115,1.79769313486232E+308,LMT,SELL,0,10.5,11.5,,True,GTC,,
CMRE,DU3053535,3850,,115,1.79769313486232E+308,LMT,BUY,0,8.8,9.8,,True,GTC,,,20201228 09:30:00 EST, 80627441≥+8.63, 80627441≥+84600,margin ≥+20
CNR,DU3053535,3849,,97,1.79769313486232E+308,TRAIL,SELL,0.79,0,9.49,,False,GTC,,
CNR,DU3053535,3848,,97,1.79769313486232E+308,LMT,SELL,0,12.26,13.26,,True,GTC,,
CNR,DU3053535,3847,,97,1.79769313486232E+308,LMT,BUY,0,10.49,11.49,,True,GTC,,,20201228 09:30:00 EST, 366245770≥+10.29, 366245770≥+155200,margin ≥+20
CNSL,DU3053535,3846,,183,1.79769313486232E+308,TRAIL,SELL,0.44,0,5.02,,False,GTC,,
CLS,DU3053535,3861,,117,1.79769313486232E+308,TRAIL,SELL,0.51,0,7.97,,False,GTC,,
CLS,DU3053535,3860,,117,1.79769313486232E+308,LMT,SELL,0,9.74,10.74,,True,GTC,,
CLS,DU3053535,3859,,117,1.79769313486232E+308,LMT,BUY,0,8.65,9.65,,True,GTC,,,20201228 09:30:00 EST, 6477672≥+8.48, 6477672≥+21473,margin ≥+20
CMC,DU3053535,3858,,46,1.79769313486232E+308,TRAIL,SELL,1.35,0,20.25,,False,GTC,,
CMC,DU3053535,3857,,46,1.79769313486232E+308,LMT,SELL,0,24.98,25.98,,True,GTC,,
CMC,DU3053535,3856,,46,1.79769313486232E+308,LMT,BUY,0,22.03,23.03,,True,GTC,,,20201228 09:30:00 EST, 5811≥+21.6, 5811≥+542836,margin ≥+20
CMO,DU3053535,3855,,158,1.79769313486232E+308,TRAIL,SELL,0.42,0,5.91,,False,GTC,,
CMO,DU3053535,3854,,158,1.79769313486232E+308,LMT,SELL,0,7.37,8.37,,True,GTC,,
CLDT,DU3053535,3869,,79,1.79769313486232E+308,LMT,SELL,0,15.21,16.21,,True,GTC,,
CLDT,DU3053535,3868,,79,1.79769313486232E+308,LMT,BUY,0,12.81,13.81,,True,GTC,,,20201228 09:30:00 EST, 74264310≥+12.56, 74264310≥+138600,margin ≥+20
CLI,DU3053535,3867,,69,1.79769313486232E+308,TRAIL,SELL,1.24,0,13.12,,False,GTC,,
CLI,DU3053535,3866,,69,1.79769313486232E+308,LMT,SELL,0,17.46,18.46,,True,GTC,,
CLI,DU3053535,3865,,69,1.79769313486232E+308,LMT,BUY,0,14.65,15.65,,True,GTC,,,20201228 09:30:00 EST, 5775≥+14.36, 5775≥+319618,margin ≥+20
CLNC,DU3053535,3864,,119,1.79769313486232E+308,TRAIL,SELL,0.71,0,7.68,,False,GTC,,
CLNC,DU3053535,3863,,119,1.79769313486232E+308,LMT,SELL,0,10.15,11.15,,True,GTC,,
CLNC,DU3053535,3862,,119,1.79769313486232E+308,LMT,BUY,0,8.55,9.55,,True,GTC,,,20201228 09:30:00 EST, 321328210≥+8.39, 321328210≥+185818,margin ≥+20
CTSO,DU3053535,3813,,107,1.79769313486232E+308,TRAIL,SELL,0.71,0,8.58,,False,GTC,,
CTSO,DU3053535,3812,,107,1.79769313486232E+308,LMT,SELL,0,11.05,12.05,,True,GTC,,
CTSO,DU3053535,3811,,107,1.79769313486232E+308,LMT,BUY,0,9.47,10.47,,True,GTC,,,20201228 09:30:00 EST, 176133077≥+9.29, 176133077≥+55145,margin ≥+20
CTT,DU3053535,3810,,98,1.79769313486232E+308,TRAIL,SELL,0.62,0,9.53,,False,GTC,,
CTT,DU3053535,3809,,98,1.79769313486232E+308,LMT,SELL,0,11.69,12.69,,True,GTC,,
CTT,DU3053535,3808,,98,1.79769313486232E+308,LMT,BUY,0,10.35,11.35,,True,GTC,,,20201228 09:30:00 EST, 139816118≥+10.15, 139816118≥+202036,margin ≥+20
CUBI,DU3053535,3807,,50,1.79769313486232E+308,TRAIL,SELL,1.45,0,18.21,,False,GTC,,
CUBI,DU3053535,3806,,50,1.79769313486232E+308,LMT,SELL,0,23.3,24.3,,True,GTC,,
CS,DU3053535,3821,,75,1.79769313486232E+308,LMT,SELL,0,14.87,15.87,,True,GTC,,
CS,DU3053535,3820,,75,1.79769313486232E+308,LMT,BUY,0,13.5,14.5,,True,GTC,,,20201228 09:30:00 EST, 13435351≥+13.23, 13435351≥+71800,margin ≥+20
CSTM,DU3053535,3819,,67,1.79769313486232E+308,TRAIL,SELL,1.06,0,13.65,,False,GTC,,
CSTM,DU3053535,3818,,67,1.79769313486232E+308,LMT,SELL,0,17.37,18.37,,True,GTC,,
CSTM,DU3053535,3817,,67,1.79769313486232E+308,LMT,BUY,0,15.01,16.01,,True,GTC,,,20201228 09:30:00 EST, 394959368≥+14.72, 394959368≥+58182,margin ≥+20
CTMX,DU3053535,3816,,120,1.79769313486232E+308,TRAIL,SELL,0.69,0,7.64,,False,GTC,,
CTMX,DU3053535,3815,,120,1.79769313486232E+308,LMT,SELL,0,10.05,11.05,,True,GTC,,
CTMX,DU3053535,3814,,120,1.79769313486232E+308,LMT,BUY,0,8.5,9.5,,True,GTC,,,20201228 09:30:00 EST, 209048388≥+8.33, 209048388≥+361145,margin ≥+20
COMM,DU3053535,3829,,70,1.79769313486232E+308,LMT,BUY,0,14.44,15.44,,True,GTC,,,20201228 09:30:00 EST, 137407031≥+14.16, 137407031≥+940327,margin ≥+20
CPF,DU3053535,3828,,50,1.79769313486232E+308,TRAIL,SELL,1.25,0,18.56,,False,GTC,,
CPF,DU3053535,3827,,50,1.79769313486232E+308,LMT,SELL,0,22.94,23.94,,True,GTC,,
CPF,DU3053535,3826,,50,1.79769313486232E+308,LMT,BUY,0,20.21,21.21,,True,GTC,,,20201228 09:30:00 EST, 83602658≥+19.81, 83602658≥+155291,margin ≥+20
CRHC,DU3053535,3825,,93,1.79769313486232E+308,TRAIL,SELL,0.44,0,10.25,,False,GTC,,
CRHC,DU3053535,3824,,93,1.79769313486232E+308,LMT,SELL,0,11.77,12.77,,True,GTC,,
CRHC,DU3053535,3823,,93,1.79769313486232E+308,LMT,BUY,0,10.9,11.9,,True,GTC,,,20201228 09:30:00 EST, 451398417≥+10.68, 451398417≥+66055,margin ≥+20
CS,DU3053535,3822,,75,1.79769313486232E+308,TRAIL,SELL,0.66,0,12.58,,False,GTC,,
COG,DU3053535,3837,,54,1.79769313486232E+308,TRAIL,SELL,1.3,0,17.1,,False,GTC,,
COG,DU3053535,3836,,54,1.79769313486232E+308,LMT,SELL,0,21.66,22.66,,True,GTC,,
COG,DU3053535,3835,,54,1.79769313486232E+308,LMT,BUY,0,18.77,19.77,,True,GTC,,,20201228 09:30:00 EST, 5946≥+18.4, 5946≥+2359036,margin ≥+20
COLL,DU3053535,3834,,48,1.79769313486232E+308,TRAIL,SELL,1.78,0,18.97,,False,GTC,,
COLL,DU3053535,3833,,48,1.79769313486232E+308,LMT,SELL,0,25.19,26.19,,True,GTC,,
COLL,DU3053535,3832,,48,1.79769313486232E+308,LMT,BUY,0,21.16,22.16,,True,GTC,,,20201228 09:30:00 EST, 193626569≥+20.75, 193626569≥+62436,margin ≥+20
COMM,DU3053535,3831,,70,1.79769313486232E+308,TRAIL,SELL,0.99,0,13.17,,False,GTC,,
COMM,DU3053535,3830,,70,1.79769313486232E+308,LMT,SELL,0,16.64,17.64,,True,GTC,,
FUSE,DU3053535,3653,,92,1.79769313486232E+308,LMT,SELL,0,12.06,13.06,,True,GTC,,
FUSE,DU3053535,3652,,92,1.79769313486232E+308,LMT,BUY,0,11.05,12.05,,True,GTC,,,20201228 09:30:00 EST, 438899165≥+10.84, 438899165≥+63873,margin ≥+20
GAIN,DU3053535,3651,,92,1.79769313486232E+308,TRAIL,SELL,0.55,0,10.26,,False,GTC,,
GAIN,DU3053535,3650,,92,1.79769313486232E+308,LMT,SELL,0,12.19,13.19,,True,GTC,,
GAIN,DU3053535,3649,,92,1.79769313486232E+308,LMT,BUY,0,11.03,12.03,,True,GTC,,,20201228 09:30:00 EST, 35052919≥+10.82, 35052919≥+32709,margin ≥+20
GBDC,DU3053535,3648,,69,1.79769313486232E+308,TRAIL,SELL,0.55,0,13.86,,False,GTC,,
GBDC,DU3053535,3647,,69,1.79769313486232E+308,LMT,SELL,0,15.79,16.79,,True,GTC,,
GBDC,DU3053535,3646,,69,1.79769313486232E+308,LMT,BUY,0,14.7,15.7,,True,GTC,,,20201228 09:30:00 EST, 74244456≥+14.41, 74244456≥+164800,margin ≥+20
FSK,DU3053535,3661,,53,1.79769313486232E+308,LMT,BUY,0,18.98,19.98,,True,GTC,,,20201228 09:30:00 EST, 426117794≥+18.6, 426117794≥+126145,margin ≥+20
FSKR,DU3053535,3660,,54,1.79769313486232E+308,TRAIL,SELL,1.43,0,16.99,,False,GTC,,
FSKR,DU3053535,3659,,54,1.79769313486232E+308,LMT,SELL,0,21.98,22.98,,True,GTC,,
FSKR,DU3053535,3658,,54,1.79769313486232E+308,LMT,BUY,0,18.78,19.78,,True,GTC,,,20201228 09:30:00 EST, 427387280≥+18.41, 427387280≥+57964,margin ≥+20
FSM,DU3053535,3657,,127,1.79769313486232E+308,TRAIL,SELL,0.75,0,7.09,,False,GTC,,
FSM,DU3053535,3656,,127,1.79769313486232E+308,LMT,SELL,0,9.72,10.72,,True,GTC,,
FSM,DU3053535,3655,,127,1.79769313486232E+308,LMT,BUY,0,8,9,,True,GTC,,,20201228 09:30:00 EST, 39924435≥+7.84, 39924435≥+177982,margin ≥+20
FUSE,DU3053535,3654,,92,1.79769313486232E+308,TRAIL,SELL,0.49,0,10.35,,False,GTC,,
FRO,DU3053535,3669,,140,1.79769313486232E+308,TRAIL,SELL,0.57,0,6.55,,False,GTC,,
FRO,DU3053535,3668,,140,1.79769313486232E+308,LMT,SELL,0,8.54,9.54,,True,GTC,,
FRO,DU3053535,3667,,140,1.79769313486232E+308,LMT,BUY,0,7.27,8.27,,True,GTC,,,20201228 09:30:00 EST, 220580491≥+7.12, 220580491≥+271545,margin ≥+20
FRTA,DU3053535,3666,,51,1.79769313486232E+308,TRAIL,SELL,1.68,0,17.67,,False,GTC,,
FRTA,DU3053535,3665,,51,1.79769313486232E+308,LMT,SELL,0,23.54,24.54,,True,GTC,,
FRTA,DU3053535,3664,,51,1.79769313486232E+308,LMT,BUY,0,19.74,20.74,,True,GTC,,,20201228 09:30:00 EST, 252330400≥+19.35, 252330400≥+268655,margin ≥+20
FSK,DU3053535,3663,,53,1.79769313486232E+308,TRAIL,SELL,1.19,0,17.42,,False,GTC,,
FSK,DU3053535,3662,,53,1.79769313486232E+308,LMT,SELL,0,21.57,22.57,,True,GTC,,
FMBI,DU3053535,3677,,60,1.79769313486232E+308,LMT,SELL,0,19.16,20.16,,True,GTC,,
FMBI,DU3053535,3676,,60,1.79769313486232E+308,LMT,BUY,0,16.84,17.84,,True,GTC,,,20201228 09:30:00 EST, 269370≥+16.51, 269370≥+666018,margin ≥+20
FOE,DU3053535,3675,,66,1.79769313486232E+308,TRAIL,SELL,0.93,0,14.2,,False,GTC,,
FOE,DU3053535,3674,,66,1.79769313486232E+308,LMT,SELL,0,17.47,18.47,,True,GTC,,
FOE,DU3053535,3673,,66,1.79769313486232E+308,LMT,BUY,0,15.44,16.44,,True,GTC,,,20201228 09:30:00 EST, 7290≥+15.14, 7290≥+327455,margin ≥+20
FRBK,DU3053535,3672,,315,1.79769313486232E+308,TRAIL,SELL,0.27,0,2.91,,False,GTC,,
FRBK,DU3053535,3671,,315,1.79769313486232E+308,LMT,SELL,0,3.84,4.84,,True,GTC,,
FRBK,DU3053535,3670,,315,1.79769313486232E+308,LMT,BUY,0,3.24,4.24,,True,GTC,,,20201228 09:30:00 EST, 3655599≥+3.17, 3655599≥+842982,margin ≥+20
GLDD,DU3053535,3621,,78,1.79769313486232E+308,TRAIL,SELL,0.79,0,12,,False,GTC,,
GLDD,DU3053535,3620,,78,1.79769313486232E+308,LMT,SELL,0,14.77,15.77,,True,GTC,,
GLDD,DU3053535,3619,,78,1.79769313486232E+308,LMT,BUY,0,13.05,14.05,,True,GTC,,,20201228 09:30:00 EST, 42309983≥+12.79, 42309983≥+98000,margin ≥+20
GLT,DU3053535,3618,,55,1.79769313486232E+308,TRAIL,SELL,1.02,0,16.93,,False,GTC,,
GLT,DU3053535,3617,,55,1.79769313486232E+308,LMT,SELL,0,20.49,21.49,,True,GTC,,
GLT,DU3053535,3616,,55,1.79769313486232E+308,LMT,BUY,0,18.31,19.31,,True,GTC,,,20201228 09:30:00 EST, 448402321≥+17.95, 448402321≥+130000,margin ≥+20
GLUU,DU3053535,3615,,97,1.79769313486232E+308,TRAIL,SELL,0.79,0,9.49,,False,GTC,,
GLUU,DU3053535,3614,,97,1.79769313486232E+308,LMT,SELL,0,12.25,13.25,,True,GTC,,
GIM,DU3053535,3629,,178,1.79769313486232E+308,LMT,SELL,0,5.96,6.96,,True,GTC,,
GIM,DU3053535,3628,,178,1.79769313486232E+308,LMT,BUY,0,5.72,6.72,,True,GTC,,,20201228 09:30:00 EST, 7613≥+5.61, 7613≥+143000,margin ≥+20
GIX,DU3053535,3627,,87,1.79769313486232E+308,TRAIL,SELL,0.93,0,10.55,,False,GTC,,
GIX,DU3053535,3626,,87,1.79769313486232E+308,LMT,SELL,0,13.82,14.82,,True,GTC,,
GIX,DU3053535,3625,,87,1.79769313486232E+308,LMT,BUY,0,11.71,12.71,,True,GTC,,,20201228 09:30:00 EST, 372849734≥+11.48, 372849734≥+165455,margin ≥+20
GLAD,DU3053535,3624,,108,1.79769313486232E+308,TRAIL,SELL,0.43,0,8.83,,False,GTC,,
GLAD,DU3053535,3623,,108,1.79769313486232E+308,LMT,SELL,0,10.32,11.32,,True,GTC,,
GLAD,DU3053535,3622,,108,1.79769313486232E+308,LMT,BUY,0,9.44,10.44,,True,GTC,,,20201228 09:30:00 EST, 14487907≥+9.25, 14487907≥+26127,margin ≥+20
GFI,DU3053535,3637,,98,1.79769313486232E+308,LMT,BUY,0,10.39,11.39,,True,GTC,,,20201228 09:30:00 EST, 6857605≥+10.19, 6857605≥+1191691,margin ≥+20
GGAL,DU3053535,3636,,103,1.79769313486232E+308,TRAIL,SELL,0.85,0,8.84,,False,GTC,,
GGAL,DU3053535,3635,,103,1.79769313486232E+308,LMT,SELL,0,11.83,12.83,,True,GTC,,
GGAL,DU3053535,3634,,103,1.79769313486232E+308,LMT,BUY,0,9.89,10.89,,True,GTC,,,20201228 09:30:00 EST, 9789076≥+9.69, 9789076≥+44327,margin ≥+20
GILT,DU3053535,3633,,148,1.79769313486232E+308,TRAIL,SELL,0.55,0,6.2,,False,GTC,,
GILT,DU3053535,3632,,148,1.79769313486232E+308,LMT,SELL,0,8.13,9.13,,True,GTC,,
GILT,DU3053535,3631,,148,1.79769313486232E+308,LMT,BUY,0,6.88,7.88,,True,GTC,,,20201228 09:30:00 EST, 269756≥+6.75, 269756≥+67909,margin ≥+20
GIM,DU3053535,3630,,178,1.79769313486232E+308,TRAIL,SELL,0.14,0,5.47,,False,GTC,,
GBL,DU3053535,3645,,54,1.79769313486232E+308,TRAIL,SELL,1.7,0,16.51,,False,GTC,,
GBL,DU3053535,3644,,54,1.79769313486232E+308,LMT,SELL,0,22.47,23.47,,True,GTC,,
GBL,DU3053535,3643,,54,1.79769313486232E+308,LMT,BUY,0,18.57,19.57,,True,GTC,,,20201228 09:30:00 EST, 6607951≥+18.21, 6607951≥+24473,margin ≥+20
GE,DU3053535,3642,,85,1.79769313486232E+308,TRAIL,SELL,0.86,0,10.9,,False,GTC,,
GE,DU3053535,3641,,85,1.79769313486232E+308,LMT,SELL,0,13.89,14.89,,True,GTC,,
GE,DU3053535,3640,,85,1.79769313486232E+308,LMT,BUY,0,11.99,12.99,,True,GTC,,,20201228 09:30:00 EST, 7516≥+11.75, 7516≥+18033982,margin ≥+20
GFI,DU3053535,3639,,98,1.79769313486232E+308,TRAIL,SELL,0.91,0,9.28,,False,GTC,,
GFI,DU3053535,3638,,98,1.79769313486232E+308,LMT,SELL,0,12.46,13.46,,True,GTC,,
ETAC,DU3053535,3717,,93,1.79769313486232E+308,TRAIL,SELL,0.54,0,10.14,,False,GTC,,
ETAC,DU3053535,3716,,93,1.79769313486232E+308,LMT,SELL,0,12.02,13.02,,True,GTC,,
ETAC,DU3053535,3715,,93,1.79769313486232E+308,LMT,BUY,0,10.89,11.89,,True,GTC,,,20201228 09:30:00 EST, 446082458≥+10.68, 446082458≥+106836,margin ≥+20
ETRN,DU3053535,3714,,108,1.79769313486232E+308,TRAIL,SELL,0.81,0,8.38,,False,GTC,,
ETRN,DU3053535,3713,,108,1.79769313486232E+308,LMT,SELL,0,11.21,12.21,,True,GTC,,
ETRN,DU3053535,3712,,108,1.79769313486232E+308,LMT,BUY,0,9.37,10.37,,True,GTC,,,20201228 09:30:00 EST, 339428147≥+9.19, 339428147≥+2244855,margin ≥+20
EXPC,DU3053535,3711,,87,1.79769313486232E+308,TRAIL,SELL,0.88,0,10.58,,False,GTC,,
EXPC,DU3053535,3710,,87,1.79769313486232E+308,LMT,SELL,0,13.66,14.66,,True,GTC,,
ESI,DU3053535,3725,,54,1.79769313486232E+308,LMT,SELL,0,20.94,21.94,,True,GTC,,
ESI,DU3053535,3724,,54,1.79769313486232E+308,LMT,BUY,0,18.68,19.68,,True,GTC,,,20201228 09:30:00 EST, 351659552≥+18.31, 351659552≥+1064018,margin ≥+20
ESRT,DU3053535,3723,,95,1.79769313486232E+308,TRAIL,SELL,0.85,0,9.64,,False,GTC,,
ESRT,DU3053535,3722,,95,1.79769313486232E+308,LMT,SELL,0,12.62,13.62,,True,GTC,,
ESRT,DU3053535,3721,,95,1.79769313486232E+308,LMT,BUY,0,10.7,11.7,,True,GTC,,,20201228 09:30:00 EST, 135702590≥+10.49, 135702590≥+531309,margin ≥+20
ET,DU3053535,3720,,135,1.79769313486232E+308,TRAIL,SELL,0.61,0,6.77,,False,GTC,,
ET,DU3053535,3719,,135,1.79769313486232E+308,LMT,SELL,0,8.92,9.92,,True,GTC,,
ET,DU3053535,3718,,135,1.79769313486232E+308,LMT,BUY,0,7.53,8.53,,True,GTC,,,20201228 09:30:00 EST, 37830920≥+7.38, 37830920≥+7078564,margin ≥+20
EQNR,DU3053535,3733,,56,1.79769313486232E+308,LMT,BUY,0,18.08,19.08,,True,GTC,,,20201228 09:30:00 EST, 316805238≥+17.73, 316805238≥+253364,margin ≥+20
EQX,DU3053535,3732,,89,1.79769313486232E+308,TRAIL,SELL,0.94,0,10.23,,False,GTC,,
EQX,DU3053535,3731,,89,1.79769313486232E+308,LMT,SELL,0,13.53,14.53,,True,GTC,,
EQX,DU3053535,3730,,89,1.79769313486232E+308,LMT,BUY,0,11.4,12.4,,True,GTC,,,20201228 09:30:00 EST, 379386501≥+11.17, 379386501≥+148727,margin ≥+20
ERIC,DU3053535,3729,,80,1.79769313486232E+308,TRAIL,SELL,0.55,0,11.89,,False,GTC,,
ERIC,DU3053535,3728,,80,1.79769313486232E+308,LMT,SELL,0,13.82,14.82,,True,GTC,,
ERIC,DU3053535,3727,,80,1.79769313486232E+308,LMT,BUY,0,12.69,13.69,,True,GTC,,,20201228 09:30:00 EST, 268977≥+12.44, 268977≥+374527,margin ≥+20
ESI,DU3053535,3726,,54,1.79769313486232E+308,TRAIL,SELL,1.05,0,17.26,,False,GTC,,
ENIA,DU3053535,3741,,117,1.79769313486232E+308,TRAIL,SELL,0.48,0,8.06,,False,GTC,,
ENIA,DU3053535,3740,,117,1.79769313486232E+308,LMT,SELL,0,9.75,10.75,,True,GTC,,
ENIA,DU3053535,3739,,117,1.79769313486232E+308,LMT,BUY,0,8.71,9.71,,True,GTC,,,20201228 09:30:00 EST, 6867≥+8.54, 6867≥+184818,margin ≥+20
ENIC,DU3053535,3738,,247,1.79769313486232E+308,TRAIL,SELL,0.27,0,3.77,,False,GTC,,
ENIC,DU3053535,3737,,247,1.79769313486232E+308,LMT,SELL,0,4.72,5.72,,True,GTC,,
ENIC,DU3053535,3736,,247,1.79769313486232E+308,LMT,BUY,0,4.13,5.13,,True,GTC,,,20201228 09:30:00 EST, 229115037≥+4.04, 229115037≥+145691,margin ≥+20
EQNR,DU3053535,3735,,56,1.79769313486232E+308,TRAIL,SELL,1.11,0,16.61,,False,GTC,,
EQNR,DU3053535,3734,,56,1.79769313486232E+308,LMT,SELL,0,20.51,21.51,,True,GTC,,
FFIC,DU3053535,3685,,57,1.79769313486232E+308,LMT,BUY,0,17.88,18.88,,True,GTC,,,20201228 09:30:00 EST, 3655544≥+17.53, 3655544≥+163364,margin ≥+20
FIT,DU3053535,3684,,136,1.79769313486232E+308,TRAIL,SELL,0.27,0,7.06,,False,GTC,,
FIT,DU3053535,3683,,136,1.79769313486232E+308,LMT,SELL,0,8.01,9.01,,True,GTC,,
FIT,DU3053535,3682,,136,1.79769313486232E+308,LMT,BUY,0,7.48,8.48,,True,GTC,,,20201228 09:30:00 EST, 197066570≥+7.33, 197066570≥+2160909,margin ≥+20
FLXN,DU3053535,3681,,78,1.79769313486232E+308,TRAIL,SELL,1.2,0,11.54,,False,GTC,,
FLXN,DU3053535,3680,,78,1.79769313486232E+308,LMT,SELL,0,15.74,16.74,,True,GTC,,
FLXN,DU3053535,3679,,78,1.79769313486232E+308,LMT,BUY,0,12.99,13.99,,True,GTC,,,20201228 09:30:00 EST, 144017168≥+12.74, 144017168≥+158291,margin ≥+20
FMBI,DU3053535,3678,,60,1.79769313486232E+308,TRAIL,SELL,1.06,0,15.46,,False,GTC,,
FF,DU3053535,3693,,77,1.79769313486232E+308,TRAIL,SELL,0.83,0,12.13,,False,GTC,,
FF,DU3053535,3692,,77,1.79769313486232E+308,LMT,SELL,0,15.05,16.05,,True,GTC,,
FF,DU3053535,3691,,77,1.79769313486232E+308,LMT,BUY,0,13.22,14.22,,True,GTC,,,20201228 09:30:00 EST, 52298132≥+12.96, 52298132≥+124636,margin ≥+20
FFBC,DU3053535,3690,,54,1.79769313486232E+308,TRAIL,SELL,1.08,0,17.28,,False,GTC,,
FFBC,DU3053535,3689,,54,1.79769313486232E+308,LMT,SELL,0,21.05,22.05,,True,GTC,,
FFBC,DU3053535,3688,,54,1.79769313486232E+308,LMT,BUY,0,18.73,19.73,,True,GTC,,,20201228 09:30:00 EST, 3655529≥+18.36, 3655529≥+296945,margin ≥+20
FFIC,DU3053535,3687,,57,1.79769313486232E+308,TRAIL,SELL,1.28,0,16.25,,False,GTC,,
FFIC,DU3053535,3686,,57,1.79769313486232E+308,LMT,SELL,0,20.73,21.73,,True,GTC,,
FBP,DU3053535,3701,,105,1.79769313486232E+308,LMT,SELL,0,11.08,12.08,,True,GTC,,
FBP,DU3053535,3700,,105,1.79769313486232E+308,LMT,BUY,0,9.71,10.71,,True,GTC,,,20201228 09:30:00 EST, 80986824≥+9.52, 80986824≥+1075455,margin ≥+20
FCAU,DU3053535,3699,,54,1.79769313486232E+308,TRAIL,SELL,0.81,0,17.38,,False,GTC,,
FCAU,DU3053535,3698,,54,1.79769313486232E+308,LMT,SELL,0,20.21,21.21,,True,GTC,,
FCAU,DU3053535,3697,,54,1.79769313486232E+308,LMT,BUY,0,18.55,19.55,,True,GTC,,,20201228 09:30:00 EST, 169622610≥+18.19, 169622610≥+186836,margin ≥+20
FCF,DU3053535,3696,,89,1.79769313486232E+308,TRAIL,SELL,0.58,0,10.55,,False,GTC,,
FCF,DU3053535,3695,,89,1.79769313486232E+308,LMT,SELL,0,12.6,13.6,,True,GTC,,
FCF,DU3053535,3694,,89,1.79769313486232E+308,LMT,BUY,0,11.36,12.36,,True,GTC,,,20201228 09:30:00 EST, 7077≥+11.14, 7077≥+507055,margin ≥+20
EXPC,DU3053535,3709,,87,1.79769313486232E+308,LMT,BUY,0,11.69,12.69,,True,GTC,,,20201228 09:30:00 EST, 390057781≥+11.46, 390057781≥+1029727,margin ≥+20
EXTR,DU3053535,3708,,136,1.79769313486232E+308,TRAIL,SELL,0.6,0,6.74,,False,GTC,,
EXTR,DU3053535,3707,,136,1.79769313486232E+308,LMT,SELL,0,8.85,9.85,,True,GTC,,
EXTR,DU3053535,3706,,136,1.79769313486232E+308,LMT,BUY,0,7.49,8.49,,True,GTC,,,20201228 09:30:00 EST, 269087≥+7.34, 269087≥+595236,margin ≥+20
F,DU3053535,3705,,104,1.79769313486232E+308,TRAIL,SELL,0.54,0,9,,False,GTC,,
F,DU3053535,3704,,104,1.79769313486232E+308,LMT,SELL,0,10.89,11.89,,True,GTC,,
F,DU3053535,3703,,104,1.79769313486232E+308,LMT,BUY,0,9.73,10.73,,True,GTC,,,20201228 09:30:00 EST, 9599491≥+9.54, 9599491≥+12860382,margin ≥+20
FBP,DU3053535,3702,,105,1.79769313486232E+308,TRAIL,SELL,0.62,0,8.89,,False,GTC,,
HRB,DU3053535,3525,,59,1.79769313486232E+308,TRAIL,SELL,1.19,0,15.7,,False,GTC,,
HRB,DU3053535,3524,,59,1.79769313486232E+308,LMT,SELL,0,19.87,20.87,,True,GTC,,
HRB,DU3053535,3523,,59,1.79769313486232E+308,LMT,BUY,0,17.23,18.23,,True,GTC,,,20201228 09:30:00 EST, 8130≥+16.89, 8130≥+862818,margin ≥+20
HRTG,DU3053535,3522,,91,1.79769313486232E+308,TRAIL,SELL,0.93,0,9.97,,False,GTC,,
HRTG,DU3053535,3521,,91,1.79769313486232E+308,LMT,SELL,0,13.23,14.23,,True,GTC,,
HRTG,DU3053535,3520,,91,1.79769313486232E+308,LMT,BUY,0,11.12,12.12,,True,GTC,,,20201228 09:30:00 EST, 152388751≥+10.9, 152388751≥+83127,margin ≥+20
HSC,DU3053535,3519,,52,1.79769313486232E+308,TRAIL,SELL,1.6,0,17.33,,False,GTC,,
HSC,DU3053535,3518,,52,1.79769313486232E+308,LMT,SELL,0,22.94,23.94,,True,GTC,,
HONE,DU3053535,3533,,88,1.79769313486232E+308,LMT,SELL,0,12.8,13.8,,True,GTC,,
HONE,DU3053535,3532,,88,1.79769313486232E+308,LMT,BUY,0,11.58,12.58,,True,GTC,,,20201228 09:30:00 EST, 379034088≥+11.35, 379034088≥+119218,margin ≥+20
HOPE,DU3053535,3531,,86,1.79769313486232E+308,TRAIL,SELL,0.85,0,10.67,,False,GTC,,
HOPE,DU3053535,3530,,86,1.79769313486232E+308,LMT,SELL,0,13.64,14.64,,True,GTC,,
HOPE,DU3053535,3529,,86,1.79769313486232E+308,LMT,BUY,0,11.75,12.75,,True,GTC,,,20201228 09:30:00 EST, 242560767≥+11.52, 242560767≥+453164,margin ≥+20
HPE,DU3053535,3528,,78,1.79769313486232E+308,TRAIL,SELL,0.76,0,11.95,,False,GTC,,
HPE,DU3053535,3527,,78,1.79769313486232E+308,LMT,SELL,0,14.6,15.6,,True,GTC,,
HPE,DU3053535,3526,,78,1.79769313486232E+308,LMT,BUY,0,12.96,13.96,,True,GTC,,,20201228 09:30:00 EST, 209411798≥+12.71, 209411798≥+4562382,margin ≥+20
HMI,DU3053535,3541,,76,1.79769313486232E+308,LMT,BUY,0,13.34,14.34,,True,GTC,,,20201228 09:30:00 EST, 304528094≥+13.08, 304528094≥+50527,margin ≥+20
HOLI,DU3053535,3540,,63,1.79769313486232E+308,TRAIL,SELL,1.13,0,14.56,,False,GTC,,
HOLI,DU3053535,3539,,63,1.79769313486232E+308,LMT,SELL,0,18.51,19.51,,True,GTC,,
HOLI,DU3053535,3538,,63,1.79769313486232E+308,LMT,BUY,0,16,17,,True,GTC,,,20201228 09:30:00 EST, 61760189≥+15.69, 61760189≥+77855,margin ≥+20
HOMB,DU3053535,3537,,48,1.79769313486232E+308,TRAIL,SELL,1.19,0,19.42,,False,GTC,,
HOMB,DU3053535,3536,,48,1.79769313486232E+308,LMT,SELL,0,23.59,24.59,,True,GTC,,
HOMB,DU3053535,3535,,48,1.79769313486232E+308,LMT,BUY,0,21.02,22.02,,True,GTC,,,20201228 09:30:00 EST, 39592395≥+20.61, 39592395≥+377036,margin ≥+20
HONE,DU3053535,3534,,88,1.79769313486232E+308,TRAIL,SELL,0.58,0,10.77,,False,GTC,,
HIO,DU3053535,3549,,196,1.79769313486232E+308,TRAIL,SELL,0.09,0,5.01,,False,GTC,,
HIO,DU3053535,3548,,196,1.79769313486232E+308,LMT,SELL,0,5.32,6.32,,True,GTC,,
HIO,DU3053535,3547,,196,1.79769313486232E+308,LMT,BUY,0,5.2,6.2,,True,GTC,,,20201228 09:30:00 EST, 41073495≥+5.1, 41073495≥+33182,margin ≥+20
HLIT,DU3053535,3546,,130,1.79769313486232E+308,TRAIL,SELL,0.59,0,7.06,,False,GTC,,
HLIT,DU3053535,3545,,130,1.79769313486232E+308,LMT,SELL,0,9.14,10.14,,True,GTC,,
HLIT,DU3053535,3544,,130,1.79769313486232E+308,LMT,BUY,0,7.81,8.81,,True,GTC,,,20201228 09:30:00 EST, 1767094≥+7.66, 1767094≥+372836,margin ≥+20
HMI,DU3053535,3543,,76,1.79769313486232E+308,TRAIL,SELL,1.06,0,12.03,,False,GTC,,
HMI,DU3053535,3542,,76,1.79769313486232E+308,LMT,SELL,0,15.73,16.73,,True,GTC,,
IGD,DU3053535,3493,,187,1.79769313486232E+308,LMT,BUY,0,5.45,6.45,,True,GTC,,,20201228 09:30:00 EST, 148429920≥+5.34, 148429920≥+33491,margin ≥+20
IGR,DU3053535,3492,,143,1.79769313486232E+308,TRAIL,SELL,0.23,0,6.74,,False,GTC,,
IGR,DU3053535,3491,,143,1.79769313486232E+308,LMT,SELL,0,7.54,8.54,,True,GTC,,
IGR,DU3053535,3490,,143,1.79769313486232E+308,LMT,BUY,0,7.11,8.11,,True,GTC,,,20201228 09:30:00 EST, 90655693≥+6.97, 90655693≥+33127,margin ≥+20
IGT,DU3053535,3489,,57,1.79769313486232E+308,TRAIL,SELL,1.64,0,15.81,,False,GTC,,
IGT,DU3053535,3488,,57,1.79769313486232E+308,LMT,SELL,0,21.55,22.55,,True,GTC,,
IGT,DU3053535,3487,,57,1.79769313486232E+308,LMT,BUY,0,17.8,18.8,,True,GTC,,,20201228 09:30:00 EST, 189114475≥+17.45, 189114475≥+411327,margin ≥+20
III,DU3053535,3486,,289,1.79769313486232E+308,TRAIL,SELL,0.31,0,3.14,,False,GTC,,
IBN,DU3053535,3501,,68,1.79769313486232E+308,TRAIL,SELL,0.63,0,14.04,,False,GTC,,
IBN,DU3053535,3500,,68,1.79769313486232E+308,LMT,SELL,0,16.24,17.24,,True,GTC,,
IBN,DU3053535,3499,,68,1.79769313486232E+308,LMT,BUY,0,14.96,15.96,,True,GTC,,,20201228 09:30:00 EST, 8068883≥+14.67, 8068883≥+670036,margin ≥+20
IGAC,DU3053535,3498,,92,1.79769313486232E+308,TRAIL,SELL,0.63,0,10.24,,False,GTC,,
IGAC,DU3053535,3497,,92,1.79769313486232E+308,LMT,SELL,0,12.45,13.45,,True,GTC,,
IGAC,DU3053535,3496,,92,1.79769313486232E+308,LMT,BUY,0,11.09,12.09,,True,GTC,,,20201228 09:30:00 EST, 456801244≥+10.87, 456801244≥+191309,margin ≥+20
IGD,DU3053535,3495,,187,1.79769313486232E+308,TRAIL,SELL,0.13,0,5.21,,False,GTC,,
IGD,DU3053535,3494,,187,1.79769313486232E+308,LMT,SELL,0,5.68,6.68,,True,GTC,,
HTGC,DU3053535,3509,,67,1.79769313486232E+308,LMT,SELL,0,16.42,17.42,,True,GTC,,
HTGC,DU3053535,3508,,67,1.79769313486232E+308,LMT,BUY,0,15.07,16.07,,True,GTC,,,20201228 09:30:00 EST, 34822226≥+14.77, 34822226≥+180327,margin ≥+20
HTLD,DU3053535,3507,,52,1.79769313486232E+308,TRAIL,SELL,0.73,0,18.49,,False,GTC,,
HTLD,DU3053535,3506,,52,1.79769313486232E+308,LMT,SELL,0,21.06,22.06,,True,GTC,,
HTLD,DU3053535,3505,,52,1.79769313486232E+308,LMT,BUY,0,19.61,20.61,,True,GTC,,,20201228 09:30:00 EST, 270278≥+19.22, 270278≥+130018,margin ≥+20
HZON,DU3053535,3504,,88,1.79769313486232E+308,TRAIL,SELL,0.92,0,10.38,,False,GTC,,
HZON,DU3053535,3503,,88,1.79769313486232E+308,LMT,SELL,0,13.6,14.6,,True,GTC,,
HZON,DU3053535,3502,,88,1.79769313486232E+308,LMT,BUY,0,11.52,12.52,,True,GTC,,,20201228 09:30:00 EST, 458553473≥+11.3, 458553473≥+33418,margin ≥+20
HSC,DU3053535,3517,,52,1.79769313486232E+308,LMT,BUY,0,19.31,20.31,,True,GTC,,,20201228 09:30:00 EST, 8175≥+18.93, 8175≥+311364,margin ≥+20
HST,DU3053535,3516,,64,1.79769313486232E+308,TRAIL,SELL,1.29,0,14.24,,False,GTC,,
HST,DU3053535,3515,,64,1.79769313486232E+308,LMT,SELL,0,18.77,19.77,,True,GTC,,
HST,DU3053535,3514,,64,1.79769313486232E+308,LMT,BUY,0,15.84,16.84,,True,GTC,,,20201228 09:30:00 EST, 8057≥+15.53, 8057≥+3419164,margin ≥+20
HTBK,DU3053535,3513,,104,1.79769313486232E+308,TRAIL,SELL,0.63,0,8.96,,False,GTC,,
HTBK,DU3053535,3512,,104,1.79769313486232E+308,LMT,SELL,0,11.16,12.16,,True,GTC,,
HTBK,DU3053535,3511,,104,1.79769313486232E+308,LMT,BUY,0,9.78,10.78,,True,GTC,,,20201228 09:30:00 EST, 4813045≥+9.58, 4813045≥+207582,margin ≥+20
HTGC,DU3053535,3510,,67,1.79769313486232E+308,TRAIL,SELL,0.66,0,14.11,,False,GTC,,
GRFS,DU3053535,3589,,50,1.79769313486232E+308,LMT,BUY,0,20.3,21.3,,True,GTC,,,20201228 09:30:00 EST, 110753297≥+19.9, 110753297≥+150582,margin ≥+20
GSAH,DU3053535,3588,,88,1.79769313486232E+308,TRAIL,SELL,0.63,0,10.65,,False,GTC,,
GSAH,DU3053535,3587,,88,1.79769313486232E+308,LMT,SELL,0,12.84,13.84,,True,GTC,,
GSAH,DU3053535,3586,,88,1.79769313486232E+308,LMT,BUY,0,11.5,12.5,,True,GTC,,,20201228 09:30:00 EST, 439893979≥+11.27, 439893979≥+103600,margin ≥+20
GSBD,DU3053535,3585,,50,1.79769313486232E+308,TRAIL,SELL,0.87,0,19.11,,False,GTC,,
GSBD,DU3053535,3584,,50,1.79769313486232E+308,LMT,SELL,0,22.16,23.16,,True,GTC,,
GSBD,DU3053535,3583,,50,1.79769313486232E+308,LMT,BUY,0,20.38,21.38,,True,GTC,,,20201228 09:30:00 EST, 187184161≥+19.98, 187184161≥+164545,margin ≥+20
GSS,DU3053535,3582,,237,1.79769313486232E+308,TRAIL,SELL,0.37,0,3.85,,False,GTC,,
GPK,DU3053535,3597,,58,1.79769313486232E+308,TRAIL,SELL,0.72,0,16.5,,False,GTC,,
GPK,DU3053535,3596,,58,1.79769313486232E+308,LMT,SELL,0,19.02,20.02,,True,GTC,,
GPK,DU3053535,3595,,58,1.79769313486232E+308,LMT,BUY,0,17.56,18.56,,True,GTC,,,20201228 09:30:00 EST, 49476732≥+17.22, 49476732≥+819873,margin ≥+20
GPMT,DU3053535,3594,,90,1.79769313486232E+308,TRAIL,SELL,1,0,10.05,,False,GTC,,
GPMT,DU3053535,3593,,90,1.79769313486232E+308,LMT,SELL,0,13.53,14.53,,True,GTC,,
GPMT,DU3053535,3592,,90,1.79769313486232E+308,LMT,BUY,0,11.26,12.26,,True,GTC,,,20201228 09:30:00 EST, 280540825≥+11.04, 280540825≥+349727,margin ≥+20
GRFS,DU3053535,3591,,50,1.79769313486232E+308,TRAIL,SELL,0.86,0,19.04,,False,GTC,,
GRFS,DU3053535,3590,,50,1.79769313486232E+308,LMT,SELL,0,22.04,23.04,,True,GTC,,
GOAC,DU3053535,3605,,97,1.79769313486232E+308,LMT,SELL,0,10.82,11.82,,True,GTC,,
GOAC,DU3053535,3604,,97,1.79769313486232E+308,LMT,BUY,0,10.48,11.48,,True,GTC,,,20201228 09:30:00 EST, 445554163≥+10.28, 445554163≥+75091,margin ≥+20
GOGL,DU3053535,3603,,199,1.79769313486232E+308,TRAIL,SELL,0.38,0,4.63,,False,GTC,,
GOGL,DU3053535,3602,,199,1.79769313486232E+308,LMT,SELL,0,5.95,6.95,,True,GTC,,
GOGL,DU3053535,3601,,199,1.79769313486232E+308,LMT,BUY,0,5.1,6.1,,True,GTC,,,20201228 09:30:00 EST, 241803610≥+5, 241803610≥+45091,margin ≥+20
GOOD,DU3053535,3600,,52,1.79769313486232E+308,TRAIL,SELL,0.83,0,18.21,,False,GTC,,
GOOD,DU3053535,3599,,52,1.79769313486232E+308,LMT,SELL,0,21.12,22.12,,True,GTC,,
GOOD,DU3053535,3598,,52,1.79769313486232E+308,LMT,BUY,0,19.42,20.42,,True,GTC,,,20201228 09:30:00 EST, 21521399≥+19.04, 21521399≥+88182,margin ≥+20
GLUU,DU3053535,3613,,97,1.79769313486232E+308,LMT,BUY,0,10.49,11.49,,True,GTC,,,20201228 09:30:00 EST, 43502818≥+10.28, 43502818≥+477509,margin ≥+20
GMRE,DU3053535,3612,,66,1.79769313486232E+308,TRAIL,SELL,0.91,0,14.1,,False,GTC,,
GMRE,DU3053535,3611,,66,1.79769313486232E+308,LMT,SELL,0,17.29,18.29,,True,GTC,,
GMRE,DU3053535,3610,,66,1.79769313486232E+308,LMT,BUY,0,15.32,16.32,,True,GTC,,,20201228 09:30:00 EST, 173803901≥+15.01, 173803901≥+147600,margin ≥+20
GNL,DU3053535,3609,,55,1.79769313486232E+308,TRAIL,SELL,1,0,17.13,,False,GTC,,
GNL,DU3053535,3608,,55,1.79769313486232E+308,LMT,SELL,0,20.61,21.61,,True,GTC,,
GNL,DU3053535,3607,,55,1.79769313486232E+308,LMT,BUY,0,18.49,19.49,,True,GTC,,,20201228 09:30:00 EST, 265852072≥+18.12, 265852072≥+311727,margin ≥+20
GOAC,DU3053535,3606,,97,1.79769313486232E+308,TRAIL,SELL,0.22,0,10.06,,False,GTC,,
HBI,DU3053535,3557,,65,1.79769313486232E+308,LMT,SELL,0,17.68,18.68,,True,GTC,,
HBI,DU3053535,3556,,65,1.79769313486232E+308,LMT,BUY,0,15.49,16.49,,True,GTC,,,20201228 09:30:00 EST, 40369429≥+15.19, 40369429≥+1156564,margin ≥+20
HEP,DU3053535,3555,,64,1.79769313486232E+308,TRAIL,SELL,1.23,0,14.17,,False,GTC,,
HEP,DU3053535,3554,,64,1.79769313486232E+308,LMT,SELL,0,18.48,19.48,,True,GTC,,
HEP,DU3053535,3553,,64,1.79769313486232E+308,LMT,BUY,0,15.71,16.71,,True,GTC,,,20201228 09:30:00 EST, 29788684≥+15.4, 29788684≥+263345,margin ≥+20
HFRO,DU3053535,3552,,94,1.79769313486232E+308,TRAIL,SELL,0.48,0,10.06,,False,GTC,,
HFRO,DU3053535,3551,,94,1.79769313486232E+308,LMT,SELL,0,11.75,12.75,,True,GTC,,
HFRO,DU3053535,3550,,94,1.79769313486232E+308,LMT,BUY,0,10.75,11.75,,True,GTC,,,20201228 09:30:00 EST, 295297490≥+10.54, 295297490≥+54164,margin ≥+20
HAFC,DU3053535,3565,,82,1.79769313486232E+308,LMT,BUY,0,12.42,13.42,,True,GTC,,,20201228 09:30:00 EST, 98801727≥+12.18, 98801727≥+174891,margin ≥+20
HAL,DU3053535,3564,,46,1.79769313486232E+308,TRAIL,SELL,1.86,0,19.65,,False,GTC,,
HAL,DU3053535,3563,,46,1.79769313486232E+308,LMT,SELL,0,26.17,27.17,,True,GTC,,
HAL,DU3053535,3562,,46,1.79769313486232E+308,LMT,BUY,0,21.94,22.94,,True,GTC,,,20201228 09:30:00 EST, 7890≥+21.51, 7890≥+2565400,margin ≥+20
HBAN,DU3053535,3561,,74,1.79769313486232E+308,TRAIL,SELL,0.95,0,12.52,,False,GTC,,
HBAN,DU3053535,3560,,74,1.79769313486232E+308,LMT,SELL,0,15.85,16.85,,True,GTC,,
HBAN,DU3053535,3559,,74,1.79769313486232E+308,LMT,BUY,0,13.74,14.74,,True,GTC,,,20201228 09:30:00 EST, 270018≥+13.47, 270018≥+3728909,margin ≥+20
HBI,DU3053535,3558,,65,1.79769313486232E+308,TRAIL,SELL,1,0,14.19,,False,GTC,,
GWB,DU3053535,3573,,46,1.79769313486232E+308,TRAIL,SELL,1.85,0,19.7,,False,GTC,,
GWB,DU3053535,3572,,46,1.79769313486232E+308,LMT,SELL,0,26.17,27.17,,True,GTC,,
GWB,DU3053535,3571,,46,1.79769313486232E+308,LMT,BUY,0,21.98,22.98,,True,GTC,,,20201228 09:30:00 EST, 170187204≥+21.55, 170187204≥+336182,margin ≥+20
GXGX,DU3053535,3570,,79,1.79769313486232E+308,TRAIL,SELL,1.09,0,11.54,,False,GTC,,
GXGX,DU3053535,3569,,79,1.79769313486232E+308,LMT,SELL,0,15.37,16.37,,True,GTC,,
GXGX,DU3053535,3568,,79,1.79769313486232E+308,LMT,BUY,0,12.89,13.89,,True,GTC,,,20201228 09:30:00 EST, 374627699≥+12.64, 374627699≥+75818,margin ≥+20
HAFC,DU3053535,3567,,82,1.79769313486232E+308,TRAIL,SELL,0.87,0,11.3,,False,GTC,,
HAFC,DU3053535,3566,,82,1.79769313486232E+308,LMT,SELL,0,14.35,15.35,,True,GTC,,
GSS,DU3053535,3581,,237,1.79769313486232E+308,LMT,SELL,0,5.13,6.13,,True,GTC,,
GSS,DU3053535,3580,,237,1.79769313486232E+308,LMT,BUY,0,4.3,5.3,,True,GTC,,,20201228 09:30:00 EST, 337884801≥+4.21, 337884801≥+51836,margin ≥+20
GTES,DU3053535,3579,,71,1.79769313486232E+308,TRAIL,SELL,0.77,0,13.19,,False,GTC,,
GTES,DU3053535,3578,,71,1.79769313486232E+308,LMT,SELL,0,15.87,16.87,,True,GTC,,
GTES,DU3053535,3577,,71,1.79769313486232E+308,LMT,BUY,0,14.24,15.24,,True,GTC,,,20201228 09:30:00 EST, 304032101≥+13.96, 304032101≥+54927,margin ≥+20
GTN,DU3053535,3576,,52,1.79769313486232E+308,TRAIL,SELL,1.22,0,17.72,,False,GTC,,
GTN,DU3053535,3575,,52,1.79769313486232E+308,LMT,SELL,0,21.99,22.99,,True,GTC,,
GTN,DU3053535,3574,,52,1.79769313486232E+308,LMT,BUY,0,19.32,20.32,,True,GTC,,,20201228 09:30:00 EST, 2585360≥+18.94, 2585360≥+326673,margin ≥+20
ELF,DU3053535,4421,,42,1.79769313486232E+308,LMT,SELL,0,27.58,28.58,,True,GTC,,
ELF,DU3053535,4420,,42,1.79769313486232E+308,LMT,BUY,0,24.22,25.22,,True,GTC,,,20201228 09:30:00 EST, 248682005≥+23.74, 248682005≥+212600,margin ≥+20
IYE,DU3053535,4419,,44,1.79769313486232E+308,TRAIL,SELL,1.37,0,20.91,,False,GTC,,
IYE,DU3053535,4418,,44,1.79769313486232E+308,LMT,SELL,0,25.71,26.71,,True,GTC,,
IYE,DU3053535,4417,,44,1.79769313486232E+308,LMT,BUY,0,22.73,23.73,,True,GTC,,,20201228 09:30:00 EST, 10190340≥+22.29, 10190340≥+89855,margin ≥+20
EPRT,DU3053535,4416,,44,1.79769313486232E+308,TRAIL,SELL,1.67,0,20.81,,False,GTC,,
EPRT,DU3053535,4415,,44,1.79769313486232E+308,LMT,SELL,0,26.64,27.64,,True,GTC,,
EPRT,DU3053535,4414,,44,1.79769313486232E+308,LMT,BUY,0,22.93,23.93,,True,GTC,,,20201228 09:30:00 EST, 322317091≥+22.48, 322317091≥+734436,margin ≥+20
MPW,DU3053535,4429,,44,1.79769313486232E+308,LMT,BUY,0,22.67,23.67,,True,GTC,,,20201228 09:30:00 EST, 35111040≥+22.23, 35111040≥+1866164,margin ≥+20
SFNC,DU3053535,4428,,44,1.79769313486232E+308,TRAIL,SELL,1.22,0,21.04,,False,GTC,,
SFNC,DU3053535,4427,,44,1.79769313486232E+308,LMT,SELL,0,25.33,26.33,,True,GTC,,
SFNC,DU3053535,4426,,44,1.79769313486232E+308,LMT,BUY,0,22.71,23.71,,True,GTC,,,20201228 09:30:00 EST, 274268≥+22.27, 274268≥+299436,margin ≥+20
EQBK,DU3053535,4425,,43,1.79769313486232E+308,TRAIL,SELL,1.85,0,21.06,,False,GTC,,
EQBK,DU3053535,4424,,43,1.79769313486232E+308,LMT,SELL,0,27.54,28.54,,True,GTC,,
EQBK,DU3053535,4423,,43,1.79769313486232E+308,LMT,BUY,0,23.37,24.37,,True,GTC,,,20201228 09:30:00 EST, 212212695≥+22.91, 212212695≥+25382,margin ≥+20
ELF,DU3053535,4422,,42,1.79769313486232E+308,TRAIL,SELL,1.53,0,22.21,,False,GTC,,
BFST,DU3053535,4437,,44,1.79769313486232E+308,TRAIL,SELL,1.62,0,20.7,,False,GTC,,
BFST,DU3053535,4436,,44,1.79769313486232E+308,LMT,SELL,0,26.36,27.36,,True,GTC,,
BFST,DU3053535,4435,,44,1.79769313486232E+308,LMT,BUY,0,22.76,23.76,,True,GTC,,,20201228 09:30:00 EST, 313494192≥+22.32, 313494192≥+21127,margin ≥+20
VVNT,DU3053535,4434,,41,1.79769313486232E+308,TRAIL,SELL,2.19,0,21.85,,False,GTC,,
VVNT,DU3053535,4433,,41,1.79769313486232E+308,LMT,SELL,0,29.53,30.53,,True,GTC,,
VVNT,DU3053535,4432,,41,1.79769313486232E+308,LMT,BUY,0,24.53,25.53,,True,GTC,,,20201228 09:30:00 EST, 399364040≥+24.04, 399364040≥+336764,margin ≥+20
MPW,DU3053535,4431,,44,1.79769313486232E+308,TRAIL,SELL,1.03,0,21.2,,False,GTC,,
MPW,DU3053535,4430,,44,1.79769313486232E+308,LMT,SELL,0,24.79,25.79,,True,GTC,,
CCNE,DU3053535,4445,,43,1.79769313486232E+308,LMT,SELL,0,28.11,29.11,,True,GTC,,
CCNE,DU3053535,4444,,43,1.79769313486232E+308,LMT,BUY,0,23.52,24.52,,True,GTC,,,20201228 09:30:00 EST, 4727775≥+23.06, 4727775≥+22255,margin ≥+20
ULH,DU3053535,4443,,42,1.79769313486232E+308,TRAIL,SELL,1.77,0,21.53,,False,GTC,,
ULH,DU3053535,4442,,42,1.79769313486232E+308,LMT,SELL,0,27.71,28.71,,True,GTC,,
ULH,DU3053535,4441,,42,1.79769313486232E+308,LMT,BUY,0,23.76,24.76,,True,GTC,,,20201228 09:30:00 EST, 33202307≥+23.29, 33202307≥+31327,margin ≥+20
E,DU3053535,4440,,45,1.79769313486232E+308,TRAIL,SELL,1.16,0,21,,False,GTC,,
E,DU3053535,4439,,45,1.79769313486232E+308,LMT,SELL,0,25.06,26.06,,True,GTC,,
E,DU3053535,4438,,45,1.79769313486232E+308,LMT,BUY,0,22.6,23.6,,True,GTC,,,20201228 09:30:00 EST, 2007205≥+22.16, 2007205≥+23545,margin ≥+20
EXEL,DU3053535,4389,,45,1.79769313486232E+308,TRAIL,SELL,1.8,0,20.17,,False,GTC,,
EXEL,DU3053535,4388,,45,1.79769313486232E+308,LMT,SELL,0,26.47,27.47,,True,GTC,,
EXEL,DU3053535,4387,,45,1.79769313486232E+308,LMT,BUY,0,22.41,23.41,,True,GTC,,,20201228 09:30:00 EST, 8088389≥+21.97, 8088389≥+1021309,margin ≥+20
UTZ,DU3053535,4386,,42,1.79769313486232E+308,TRAIL,SELL,2.13,0,21.21,,False,GTC,,
UTZ,DU3053535,4385,,42,1.79769313486232E+308,LMT,SELL,0,28.66,29.66,,True,GTC,,
UTZ,DU3053535,4384,,42,1.79769313486232E+308,LMT,BUY,0,23.8,24.8,,True,GTC,,,20201228 09:30:00 EST, 442704160≥+23.34, 442704160≥+466473,margin ≥+20
PS,DU3053535,4383,,46,1.79769313486232E+308,TRAIL,SELL,1.49,0,20.14,,False,GTC,,
PS,DU3053535,4382,,46,1.79769313486232E+308,LMT,SELL,0,25.36,26.36,,True,GTC,,
LEVI,DU3053535,4397,,44,1.79769313486232E+308,LMT,SELL,0,25.59,26.59,,True,GTC,,
LEVI,DU3053535,4396,,44,1.79769313486232E+308,LMT,BUY,0,22.76,23.76,,True,GTC,,,20201228 09:30:00 EST, 358053635≥+22.31, 358053635≥+300236,margin ≥+20
GFF,DU3053535,4395,,46,1.79769313486232E+308,TRAIL,SELL,1.37,0,20.12,,False,GTC,,
GFF,DU3053535,4394,,46,1.79769313486232E+308,LMT,SELL,0,24.93,25.93,,True,GTC,,
GFF,DU3053535,4393,,46,1.79769313486232E+308,LMT,BUY,0,21.92,22.92,,True,GTC,,,20201228 09:30:00 EST, 611152≥+21.49, 611152≥+334836,margin ≥+20
GPS,DU3053535,4392,,44,1.79769313486232E+308,TRAIL,SELL,1.84,0,20.57,,False,GTC,,
GPS,DU3053535,4391,,44,1.79769313486232E+308,LMT,SELL,0,27.02,28.02,,True,GTC,,
GPS,DU3053535,4390,,44,1.79769313486232E+308,LMT,BUY,0,22.86,23.86,,True,GTC,,,20201228 09:30:00 EST, 7765≥+22.41, 7765≥+2057400,margin ≥+20
CNOB,DU3053535,4405,,46,1.79769313486232E+308,LMT,BUY,0,21.94,22.94,,True,GTC,,,20201228 09:30:00 EST, 159120379≥+21.51, 159120379≥+58909,margin ≥+20
ESCA,DU3053535,4404,,43,1.79769313486232E+308,TRAIL,SELL,1.94,0,20.88,,False,GTC,,
ESCA,DU3053535,4403,,43,1.79769313486232E+308,LMT,SELL,0,27.67,28.67,,True,GTC,,
ESCA,DU3053535,4402,,43,1.79769313486232E+308,LMT,BUY,0,23.28,24.28,,True,GTC,,,20201228 09:30:00 EST, 269001≥+22.82, 269001≥+27073,margin ≥+20
OSPN,DU3053535,4401,,43,1.79769313486232E+308,TRAIL,SELL,1.86,0,21.04,,False,GTC,,
OSPN,DU3053535,4400,,43,1.79769313486232E+308,LMT,SELL,0,27.55,28.55,,True,GTC,,
OSPN,DU3053535,4399,,43,1.79769313486232E+308,LMT,BUY,0,23.36,24.36,,True,GTC,,,20201228 09:30:00 EST, 320228884≥+22.9, 320228884≥+149455,margin ≥+20
LEVI,DU3053535,4398,,44,1.79769313486232E+308,TRAIL,SELL,1.31,0,21,,False,GTC,,
SATS,DU3053535,4413,,43,1.79769313486232E+308,TRAIL,SELL,1.87,0,21.01,,False,GTC,,
SATS,DU3053535,4412,,43,1.79769313486232E+308,LMT,SELL,0,27.56,28.56,,True,GTC,,
SATS,DU3053535,4411,,43,1.79769313486232E+308,LMT,BUY,0,23.34,24.34,,True,GTC,,,20201228 09:30:00 EST, 47965865≥+22.88, 47965865≥+179836,margin ≥+20
ZGNX,DU3053535,4410,,44,1.79769313486232E+308,TRAIL,SELL,1.91,0,20.39,,False,GTC,,
ZGNX,DU3053535,4409,,44,1.79769313486232E+308,LMT,SELL,0,27.06,28.06,,True,GTC,,
ZGNX,DU3053535,4408,,44,1.79769313486232E+308,LMT,BUY,0,22.74,23.74,,True,GTC,,,20201228 09:30:00 EST, 198740963≥+22.3, 198740963≥+250491,margin ≥+20
CNOB,DU3053535,4407,,46,1.79769313486232E+308,TRAIL,SELL,1.43,0,20.08,,False,GTC,,
CNOB,DU3053535,4406,,46,1.79769313486232E+308,LMT,SELL,0,25.08,26.08,,True,GTC,,
WMB,DU3053535,4485,,43,1.79769313486232E+308,TRAIL,SELL,1.43,0,21.43,,False,GTC,,
WMB,DU3053535,4484,,43,1.79769313486232E+308,LMT,SELL,0,26.43,27.43,,True,GTC,,
WMB,DU3053535,4483,,43,1.79769313486232E+308,LMT,BUY,0,23.31,24.31,,True,GTC,,,20201228 09:30:00 EST, 13805≥+22.86, 13805≥+6152982,margin ≥+20
ALKS,DU3053535,4482,,43,1.79769313486232E+308,TRAIL,SELL,1.53,0,21.66,,False,GTC,,
ALKS,DU3053535,4481,,43,1.79769313486232E+308,LMT,SELL,0,27,28,,True,GTC,,
ALKS,DU3053535,4480,,43,1.79769313486232E+308,LMT,BUY,0,23.65,24.65,,True,GTC,,,20201228 09:30:00 EST, 94892734≥+23.18, 94892734≥+719618,margin ≥+20
WSC,DU3053535,4479,,42,1.79769313486232E+308,TRAIL,SELL,1.31,0,22.14,,False,GTC,,
WSC,DU3053535,4478,,42,1.79769313486232E+308,LMT,SELL,0,26.71,27.71,,True,GTC,,
AES,DU3053535,4493,,42,1.79769313486232E+308,LMT,SELL,0,26.86,27.86,,True,GTC,,
AES,DU3053535,4492,,42,1.79769313486232E+308,LMT,BUY,0,23.99,24.99,,True,GTC,,,20201228 09:30:00 EST, 2560358≥+23.52, 2560358≥+2129364,margin ≥+20
AU,DU3053535,4491,,40,1.79769313486232E+308,TRAIL,SELL,1.95,0,22.45,,False,GTC,,
AU,DU3053535,4490,,40,1.79769313486232E+308,LMT,SELL,0,29.28,30.28,,True,GTC,,
AU,DU3053535,4489,,40,1.79769313486232E+308,LMT,BUY,0,24.89,25.89,,True,GTC,,,20201228 09:30:00 EST, 4656≥+24.4, 4656≥+413782,margin ≥+20
BKLN,DU3053535,4488,,44,1.79769313486232E+308,TRAIL,SELL,0.15,0,22.2,,False,GTC,,
BKLN,DU3053535,4487,,44,1.79769313486232E+308,LMT,SELL,0,22.74,23.74,,True,GTC,,
BKLN,DU3053535,4486,,44,1.79769313486232E+308,LMT,BUY,0,22.81,23.81,,True,GTC,,,20201228 09:30:00 EST, 319359400≥+22.36, 319359400≥+215745,margin ≥+20
UNM,DU3053535,4501,,41,1.79769313486232E+308,LMT,BUY,0,24.6,25.6,,True,GTC,,,20201228 09:30:00 EST, 13277≥+24.11, 13277≥+1200200,margin ≥+20
RKT,DU3053535,4500,,42,1.79769313486232E+308,TRAIL,SELL,1.92,0,21.63,,False,GTC,,
RKT,DU3053535,4499,,42,1.79769313486232E+308,LMT,SELL,0,28.37,29.37,,True,GTC,,
RKT,DU3053535,4498,,42,1.79769313486232E+308,LMT,BUY,0,24.02,25.02,,True,GTC,,,20201228 09:30:00 EST, 438058842≥+23.55, 438058842≥+1348145,margin ≥+20
JNPR,DU3053535,4497,,43,1.79769313486232E+308,TRAIL,SELL,0.95,0,22.25,,False,GTC,,
JNPR,DU3053535,4496,,43,1.79769313486232E+308,LMT,SELL,0,25.57,26.57,,True,GTC,,
JNPR,DU3053535,4495,,43,1.79769313486232E+308,LMT,BUY,0,23.66,24.66,,True,GTC,,,20201228 09:30:00 EST, 6248722≥+23.2, 6248722≥+2250509,margin ≥+20
AES,DU3053535,4494,,42,1.79769313486232E+308,TRAIL,SELL,1.33,0,22.19,,False,GTC,,
WU,DU3053535,4509,,42,1.79769313486232E+308,TRAIL,SELL,1.07,0,22.26,,False,GTC,,
WU,DU3053535,4508,,42,1.79769313486232E+308,LMT,SELL,0,26.02,27.02,,True,GTC,,
WU,DU3053535,4507,,42,1.79769313486232E+308,LMT,BUY,0,23.8,24.8,,True,GTC,,,20201228 09:30:00 EST, 40773257≥+23.33, 40773257≥+2747618,margin ≥+20
NX,DU3053535,4506,,41,1.79769313486232E+308,TRAIL,SELL,1.34,0,22.48,,False,GTC,,
NX,DU3053535,4505,,41,1.79769313486232E+308,LMT,SELL,0,27.15,28.15,,True,GTC,,
NX,DU3053535,4504,,41,1.79769313486232E+308,LMT,BUY,0,24.29,25.29,,True,GTC,,,20201228 09:30:00 EST, 50488863≥+23.81, 50488863≥+68491,margin ≥+20
UNM,DU3053535,4503,,41,1.79769313486232E+308,TRAIL,SELL,1.82,0,22.29,,False,GTC,,
UNM,DU3053535,4502,,41,1.79769313486232E+308,LMT,SELL,0,28.67,29.67,,True,GTC,,
CRY,DU3053535,4453,,40,1.79769313486232E+308,LMT,BUY,0,25.07,26.07,,True,GTC,,,20201228 09:30:00 EST, 268064≥+24.58, 268064≥+111436,margin ≥+20
EPD,DU3053535,4452,,45,1.79769313486232E+308,TRAIL,SELL,1.28,0,20.78,,False,GTC,,
EPD,DU3053535,4451,,45,1.79769313486232E+308,LMT,SELL,0,25.26,26.26,,True,GTC,,
EPD,DU3053535,4450,,45,1.79769313486232E+308,LMT,BUY,0,22.5,23.5,,True,GTC,,,20201228 09:30:00 EST, 6607910≥+22.06, 6607910≥+2669182,margin ≥+20
EWS,DU3053535,4449,,45,1.79769313486232E+308,TRAIL,SELL,0.56,0,21.42,,False,GTC,,
EWS,DU3053535,4448,,45,1.79769313486232E+308,LMT,SELL,0,23.38,24.38,,True,GTC,,
EWS,DU3053535,4447,,45,1.79769313486232E+308,LMT,BUY,0,22.42,23.42,,True,GTC,,,20201228 09:30:00 EST, 253190515≥+21.98, 253190515≥+34764,margin ≥+20
CCNE,DU3053535,4446,,43,1.79769313486232E+308,TRAIL,SELL,2.02,0,21.05,,False,GTC,,
PSTG,DU3053535,4461,,40,1.79769313486232E+308,TRAIL,SELL,2.01,0,22.56,,False,GTC,,
PSTG,DU3053535,4460,,40,1.79769313486232E+308,LMT,SELL,0,29.58,30.58,,True,GTC,,
PSTG,DU3053535,4459,,40,1.79769313486232E+308,LMT,BUY,0,25.06,26.06,,True,GTC,,,20201228 09:30:00 EST, 208813725≥+24.56, 208813725≥+644218,margin ≥+20
VNE,DU3053535,4458,,42,1.79769313486232E+308,TRAIL,SELL,2.04,0,21.37,,False,GTC,,
VNE,DU3053535,4457,,42,1.79769313486232E+308,LMT,SELL,0,28.52,29.52,,True,GTC,,
VNE,DU3053535,4456,,42,1.79769313486232E+308,LMT,BUY,0,23.88,24.88,,True,GTC,,,20201228 09:30:00 EST, 320354542≥+23.41, 320354542≥+199927,margin ≥+20
CRY,DU3053535,4455,,40,1.79769313486232E+308,TRAIL,SELL,2.08,0,22.5,,False,GTC,,
CRY,DU3053535,4454,,40,1.79769313486232E+308,LMT,SELL,0,29.78,30.78,,True,GTC,,
BP,DU3053535,4469,,42,1.79769313486232E+308,LMT,SELL,0,27.92,28.92,,True,GTC,,
BP,DU3053535,4468,,42,1.79769313486232E+308,LMT,BUY,0,23.89,24.89,,True,GTC,,,20201228 09:30:00 EST, 5171≥+23.42, 5171≥+1782291,margin ≥+20
BUSE,DU3053535,4467,,44,1.79769313486232E+308,TRAIL,SELL,1.16,0,21.36,,False,GTC,,
BUSE,DU3053535,4466,,44,1.79769313486232E+308,LMT,SELL,0,25.41,26.41,,True,GTC,,
BUSE,DU3053535,4465,,44,1.79769313486232E+308,LMT,BUY,0,22.97,23.97,,True,GTC,,,20201228 09:30:00 EST, 205921718≥+22.52, 205921718≥+110000,margin ≥+20
GTS,DU3053535,4464,,43,1.79769313486232E+308,TRAIL,SELL,1.51,0,21.63,,False,GTC,,
GTS,DU3053535,4463,,43,1.79769313486232E+308,LMT,SELL,0,26.92,27.92,,True,GTC,,
GTS,DU3053535,4462,,43,1.79769313486232E+308,LMT,BUY,0,23.6,24.6,,True,GTC,,,20201228 09:30:00 EST, 47391278≥+23.14, 47391278≥+66691,margin ≥+20
WSC,DU3053535,4477,,42,1.79769313486232E+308,LMT,BUY,0,23.91,24.91,,True,GTC,,,20201228 09:30:00 EST, 430976304≥+23.44, 430976304≥+880309,margin ≥+20
CNP,DU3053535,4476,,43,1.79769313486232E+308,TRAIL,SELL,1.32,0,21.62,,False,GTC,,
CNP,DU3053535,4475,,43,1.79769313486232E+308,LMT,SELL,0,26.25,27.25,,True,GTC,,
CNP,DU3053535,4474,,43,1.79769313486232E+308,LMT,BUY,0,23.4,24.4,,True,GTC,,,20201228 09:30:00 EST, 8093≥+22.95, 8093≥+2572436,margin ≥+20
BKR,DU3053535,4473,,42,1.79769313486232E+308,TRAIL,SELL,1.74,0,21.63,,False,GTC,,
BKR,DU3053535,4472,,42,1.79769313486232E+308,LMT,SELL,0,27.71,28.71,,True,GTC,,
BKR,DU3053535,4471,,42,1.79769313486232E+308,LMT,BUY,0,23.83,24.83,,True,GTC,,,20201228 09:30:00 EST, 281316445≥+23.37, 281316445≥+1199673,margin ≥+20
BP,DU3053535,4470,,42,1.79769313486232E+308,TRAIL,SELL,1.8,0,21.61,,False,GTC,,
MSBI,DU3053535,4293,,53,1.79769313486232E+308,TRAIL,SELL,1.22,0,17.58,,False,GTC,,
MSBI,DU3053535,4292,,53,1.79769313486232E+308,LMT,SELL,0,21.86,22.86,,True,GTC,,
MSBI,DU3053535,4291,,53,1.79769313486232E+308,LMT,BUY,0,19.18,20.18,,True,GTC,,,20201228 09:30:00 EST, 234662854≥+18.8, 234662854≥+32782,margin ≥+20
ARD,DU3053535,4290,,53,1.79769313486232E+308,TRAIL,SELL,1.16,0,17.55,,False,GTC,,
ARD,DU3053535,4289,,53,1.79769313486232E+308,LMT,SELL,0,21.6,22.6,,True,GTC,,
ARD,DU3053535,4288,,53,1.79769313486232E+308,LMT,BUY,0,19.08,20.08,,True,GTC,,,20201228 09:30:00 EST, 269515669≥+18.71, 269515669≥+23909,margin ≥+20
OFG,DU3053535,4287,,53,1.79769313486232E+308,TRAIL,SELL,1.15,0,17.64,,False,GTC,,
OFG,DU3053535,4286,,53,1.79769313486232E+308,LMT,SELL,0,21.66,22.66,,True,GTC,,
FLIC,DU3053535,4299,,52,1.79769313486232E+308,TRAIL,SELL,1.18,0,17.94,,False,GTC,,
FLIC,DU3053535,4298,,52,1.79769313486232E+308,LMT,SELL,0,22.05,23.05,,True,GTC,,
FLIC,DU3053535,4297,,52,1.79769313486232E+308,LMT,BUY,0,19.5,20.5,,True,GTC,,,20201228 09:30:00 EST, 269341≥+19.12, 269341≥+33873,margin ≥+20
TMDX,DU3053535,4296,,51,1.79769313486232E+308,TRAIL,SELL,1.73,0,17.64,,False,GTC,,
TMDX,DU3053535,4295,,51,1.79769313486232E+308,LMT,SELL,0,23.7,24.7,,True,GTC,,
TMDX,DU3053535,4294,,51,1.79769313486232E+308,LMT,BUY,0,19.76,20.76,,True,GTC,,,20201228 09:30:00 EST, 364036140≥+19.37, 364036140≥+29473,margin ≥+20
GLDM,DU3053535,4309,,52,1.79769313486232E+308,LMT,BUY,0,19.41,20.41,,True,GTC,,,20201228 09:30:00 EST, 323612136≥+19.03, 323612136≥+223982,margin ≥+20
SA,DU3053535,4308,,46,1.79769313486232E+308,TRAIL,SELL,1.96,0,19.46,,False,GTC,,
SA,DU3053535,4307,,46,1.79769313486232E+308,LMT,SELL,0,26.32,27.32,,True,GTC,,
SA,DU3053535,4306,,46,1.79769313486232E+308,LMT,BUY,0,21.85,22.85,,True,GTC,,,20201228 09:30:00 EST, 28712051≥+21.42, 28712051≥+25527,margin ≥+20
WSBF,DU3053535,4305,,52,1.79769313486232E+308,TRAIL,SELL,0.84,0,18.24,,False,GTC,,
WSBF,DU3053535,4304,,52,1.79769313486232E+308,LMT,SELL,0,21.17,22.17,,True,GTC,,
WSBF,DU3053535,4303,,52,1.79769313486232E+308,LMT,BUY,0,19.46,20.46,,True,GTC,,,20201228 09:30:00 EST, 142893880≥+19.08, 142893880≥+57091,margin ≥+20
ITRN,DU3053535,4317,,50,1.79769313486232E+308,TRAIL,SELL,1.35,0,18.46,,False,GTC,,
ITRN,DU3053535,4316,,50,1.79769313486232E+308,LMT,SELL,0,23.18,24.18,,True,GTC,,
ITRN,DU3053535,4315,,50,1.79769313486232E+308,LMT,BUY,0,20.2,21.2,,True,GTC,,,20201228 09:30:00 EST, 36237954≥+19.81, 36237954≥+21673,margin ≥+20
AAAU,DU3053535,4314,,52,1.79769313486232E+308,TRAIL,SELL,0.42,0,18.53,,False,GTC,,
AAAU,DU3053535,4313,,52,1.79769313486232E+308,LMT,SELL,0,19.99,20.99,,True,GTC,,
AAAU,DU3053535,4312,,52,1.79769313486232E+308,LMT,BUY,0,19.33,20.33,,True,GTC,,,20201228 09:30:00 EST, 458886642≥+18.95, 458886642≥+35909,margin ≥+20
GLDM,DU3053535,4311,,52,1.79769313486232E+308,TRAIL,SELL,0.48,0,18.55,,False,GTC,,
GLDM,DU3053535,4310,,52,1.79769313486232E+308,LMT,SELL,0,20.23,21.23,,True,GTC,,
BY,DU3053535,4257,,59,1.79769313486232E+308,TRAIL,SELL,0.95,0,15.9,,False,GTC,,
BY,DU3053535,4256,,59,1.79769313486232E+308,LMT,SELL,0,19.21,20.21,,True,GTC,,
BY,DU3053535,4255,,59,1.79769313486232E+308,LMT,BUY,0,17.18,18.18,,True,GTC,,,20201228 09:30:00 EST, 280739314≥+16.85, 280739314≥+30873,margin ≥+20
OXFD,DU3053535,4254,,54,1.79769313486232E+308,TRAIL,SELL,1.54,0,16.77,,False,GTC,,
TSC,DU3053535,4269,,54,1.79769313486232E+308,TRAIL,SELL,1.59,0,16.7,,False,GTC,,
TSC,DU3053535,4268,,54,1.79769313486232E+308,LMT,SELL,0,22.29,23.29,,True,GTC,,
TSC,DU3053535,4267,,54,1.79769313486232E+308,LMT,BUY,0,18.66,19.66,,True,GTC,,,20201228 09:30:00 EST, 127317549≥+18.3, 127317549≥+48636,margin ≥+20
AMSWA,DU3053535,4266,,57,1.79769313486232E+308,TRAIL,SELL,1.05,0,16.49,,False,GTC,,
AMSWA,DU3053535,4265,,57,1.79769313486232E+308,LMT,SELL,0,20.17,21.17,,True,GTC,,
AMSWA,DU3053535,4264,,57,1.79769313486232E+308,LMT,BUY,0,17.89,18.89,,True,GTC,,,20201228 09:30:00 EST, 266183≥+17.54, 266183≥+58109,margin ≥+20
CAPL,DU3053535,4277,,54,1.79769313486232E+308,LMT,SELL,0,20.97,21.97,,True,GTC,,
CAPL,DU3053535,4276,,54,1.79769313486232E+308,LMT,BUY,0,18.71,19.71,,True,GTC,,,20201228 09:30:00 EST, 169342119≥+18.35, 169342119≥+39036,margin ≥+20
AMEH,DU3053535,4275,,53,1.79769313486232E+308,TRAIL,SELL,1.18,0,17.63,,False,GTC,,
AMEH,DU3053535,4274,,53,1.79769313486232E+308,LMT,SELL,0,21.78,22.78,,True,GTC,,
AMEH,DU3053535,4273,,53,1.79769313486232E+308,LMT,BUY,0,19.2,20.2,,True,GTC,,,20201228 09:30:00 EST, 192148976≥+18.82, 192148976≥+35345,margin ≥+20
EDUC,DU3053535,4272,,55,1.79769313486232E+308,TRAIL,SELL,1.55,0,16.56,,False,GTC,,
EDUC,DU3053535,4271,,55,1.79769313486232E+308,LMT,SELL,0,21.97,22.97,,True,GTC,,
EDUC,DU3053535,4270,,55,1.79769313486232E+308,LMT,BUY,0,18.47,19.47,,True,GTC,,,20201228 09:30:00 EST, 4729963≥+18.1, 4729963≥+24764,margin ≥+20
OFG,DU3053535,4285,,53,1.79769313486232E+308,LMT,BUY,0,19.17,20.17,,True,GTC,,,20201228 09:30:00 EST, 126533174≥+18.79, 126533174≥+155091,margin ≥+20
IAU,DU3053535,4284,,54,1.79769313486232E+308,TRAIL,SELL,0.44,0,17.75,,False,GTC,,
IAU,DU3053535,4283,,54,1.79769313486232E+308,LMT,SELL,0,19.29,20.29,,True,GTC,,
IAU,DU3053535,4282,,54,1.79769313486232E+308,LMT,BUY,0,18.55,19.55,,True,GTC,,,20201228 09:30:00 EST, 32237620≥+18.19, 32237620≥+615182,margin ≥+20
EUFN,DU3053535,4281,,55,1.79769313486232E+308,TRAIL,SELL,0.65,0,17.4,,False,GTC,,
EUFN,DU3053535,4280,,55,1.79769313486232E+308,LMT,SELL,0,19.66,20.66,,True,GTC,,
EUFN,DU3053535,4279,,55,1.79769313486232E+308,LMT,BUY,0,18.4,19.4,,True,GTC,,,20201228 09:30:00 EST, 72086400≥+18.04, 72086400≥+249127,margin ≥+20
CAPL,DU3053535,4278,,54,1.79769313486232E+308,TRAIL,SELL,1.05,0,17.3,,False,GTC,,
NWL,DU3053535,4357,,45,1.79769313486232E+308,LMT,BUY,0,22.24,23.24,,True,GTC,,,20201228 09:30:00 EST, 10627≥+21.8, 10627≥+1777764,margin ≥+20
SFM,DU3053535,4356,,47,1.79769313486232E+308,TRAIL,SELL,1.17,0,20.06,,False,GTC,,
SFM,DU3053535,4355,,47,1.79769313486232E+308,LMT,SELL,0,24.17,25.17,,True,GTC,,
SFM,DU3053535,4354,,47,1.79769313486232E+308,LMT,BUY,0,21.66,22.66,,True,GTC,,,20201228 09:30:00 EST, 132310192≥+21.23, 132310192≥+458509,margin ≥+20
VSH,DU3053535,4353,,47,1.79769313486232E+308,TRAIL,SELL,0.99,0,19.86,,False,GTC,,
VSH,DU3053535,4352,,47,1.79769313486232E+308,LMT,SELL,0,23.33,24.33,,True,GTC,,
VSH,DU3053535,4351,,47,1.79769313486232E+308,LMT,BUY,0,21.27,22.27,,True,GTC,,,20201228 09:30:00 EST, 13591≥+20.85, 13591≥+405018,margin ≥+20
FOR,DU3053535,4350,,46,1.79769313486232E+308,TRAIL,SELL,1.32,0,20.12,,False,GTC,,
CZNC,DU3053535,4365,,47,1.79769313486232E+308,TRAIL,SELL,1.24,0,19.72,,False,GTC,,
CZNC,DU3053535,4364,,47,1.79769313486232E+308,LMT,SELL,0,24.06,25.06,,True,GTC,,
CZNC,DU3053535,4363,,47,1.79769313486232E+308,LMT,BUY,0,21.38,22.38,,True,GTC,,,20201228 09:30:00 EST, 30210114≥+20.96, 30210114≥+21673,margin ≥+20
TITN,DU3053535,4362,,48,1.79769313486232E+308,TRAIL,SELL,1.35,0,19.23,,False,GTC,,
TITN,DU3053535,4361,,48,1.79769313486232E+308,LMT,SELL,0,23.96,24.96,,True,GTC,,
TITN,DU3053535,4360,,48,1.79769313486232E+308,LMT,BUY,0,20.99,21.99,,True,GTC,,,20201228 09:30:00 EST, 47512782≥+20.58, 47512782≥+43073,margin ≥+20
NWL,DU3053535,4359,,45,1.79769313486232E+308,TRAIL,SELL,1.21,0,20.59,,False,GTC,,
NWL,DU3053535,4358,,45,1.79769313486232E+308,LMT,SELL,0,24.84,25.84,,True,GTC,,
HSTM,DU3053535,4373,,45,1.79769313486232E+308,LMT,SELL,0,24.42,25.42,,True,GTC,,
HSTM,DU3053535,4372,,45,1.79769313486232E+308,LMT,BUY,0,22.33,23.33,,True,GTC,,,20201228 09:30:00 EST, 8088401≥+21.89, 8088401≥+77327,margin ≥+20
CAMT,DU3053535,4371,,45,1.79769313486232E+308,TRAIL,SELL,1.62,0,20.21,,False,GTC,,
CAMT,DU3053535,4370,,45,1.79769313486232E+308,LMT,SELL,0,25.88,26.88,,True,GTC,,
CAMT,DU3053535,4369,,45,1.79769313486232E+308,LMT,BUY,0,22.27,23.27,,True,GTC,,,20201228 09:30:00 EST, 9969543≥+21.83, 9969543≥+36073,margin ≥+20
ASIX,DU3053535,4368,,46,1.79769313486232E+308,TRAIL,SELL,1.63,0,19.96,,False,GTC,,
ASIX,DU3053535,4367,,46,1.79769313486232E+308,LMT,SELL,0,25.66,26.66,,True,GTC,,
ASIX,DU3053535,4366,,46,1.79769313486232E+308,LMT,BUY,0,22.02,23.02,,True,GTC,,,20201228 09:30:00 EST, 247571042≥+21.59, 247571042≥+69000,margin ≥+20
PS,DU3053535,4381,,46,1.79769313486232E+308,LMT,BUY,0,22.06,23.06,,True,GTC,,,20201228 09:30:00 EST, 317958695≥+21.63, 317958695≥+2340218,margin ≥+20
QNST,DU3053535,4380,,43,1.79769313486232E+308,TRAIL,SELL,1.57,0,21.33,,False,GTC,,
QNST,DU3053535,4379,,43,1.79769313486232E+308,LMT,SELL,0,26.84,27.84,,True,GTC,,
QNST,DU3053535,4378,,43,1.79769313486232E+308,LMT,BUY,0,23.36,24.36,,True,GTC,,,20201228 09:30:00 EST, 72528894≥+22.91, 72528894≥+107418,margin ≥+20
SNDR,DU3053535,4377,,46,1.79769313486232E+308,TRAIL,SELL,1,0,20.69,,False,GTC,,
SNDR,DU3053535,4376,,46,1.79769313486232E+308,LMT,SELL,0,24.21,25.21,,True,GTC,,
SNDR,DU3053535,4375,,46,1.79769313486232E+308,LMT,BUY,0,22.13,23.13,,True,GTC,,,20201228 09:30:00 EST, 271857752≥+21.7, 271857752≥+308236,margin ≥+20
HSTM,DU3053535,4374,,45,1.79769313486232E+308,TRAIL,SELL,1.01,0,20.89,,False,GTC,,
IBCP,DU3053535,4323,,51,1.79769313486232E+308,TRAIL,SELL,1.13,0,18.45,,False,GTC,,
IBCP,DU3053535,4322,,51,1.79769313486232E+308,LMT,SELL,0,22.41,23.41,,True,GTC,,
IBCP,DU3053535,4321,,51,1.79769313486232E+308,LMT,BUY,0,19.97,20.97,,True,GTC,,,20201228 09:30:00 EST, 78596788≥+19.58, 78596788≥+43818,margin ≥+20
GDEN,DU3053535,4333,,47,1.79769313486232E+308,LMT,BUY,0,21.58,22.58,,True,GTC,,,20201228 09:30:00 EST, 202072718≥+21.15, 202072718≥+25109,margin ≥+20
OPRT,DU3053535,4332,,48,1.79769313486232E+308,TRAIL,SELL,1.73,0,18.88,,False,GTC,,
OPRT,DU3053535,4331,,48,1.79769313486232E+308,LMT,SELL,0,24.94,25.94,,True,GTC,,
OPRT,DU3053535,4330,,48,1.79769313486232E+308,LMT,BUY,0,21.03,22.03,,True,GTC,,,20201228 09:30:00 EST, 384944204≥+20.61, 384944204≥+27800,margin ≥+20
ETH,DU3053535,4329,,47,1.79769313486232E+308,TRAIL,SELL,1.79,0,19.26,,False,GTC,,
ETH,DU3053535,4328,,47,1.79769313486232E+308,LMT,SELL,0,25.53,26.53,,True,GTC,,
ETH,DU3053535,4327,,47,1.79769313486232E+308,LMT,BUY,0,21.47,22.47,,True,GTC,,,20201228 09:30:00 EST, 6957≥+21.05, 6957≥+82964,margin ≥+20
PGTI,DU3053535,4341,,46,1.79769313486232E+308,TRAIL,SELL,1.27,0,20.1,,False,GTC,,
PGTI,DU3053535,4340,,46,1.79769313486232E+308,LMT,SELL,0,24.54,25.54,,True,GTC,,
PGTI,DU3053535,4339,,46,1.79769313486232E+308,LMT,BUY,0,21.8,22.8,,True,GTC,,,20201228 09:30:00 EST, 39654885≥+21.37, 39654885≥+379564,margin ≥+20
HTBI,DU3053535,4338,,49,1.79769313486232E+308,TRAIL,SELL,1.23,0,19.09,,False,GTC,,
HTBI,DU3053535,4337,,49,1.79769313486232E+308,LMT,SELL,0,23.39,24.39,,True,GTC,,
HTBI,DU3053535,4336,,49,1.79769313486232E+308,LMT,BUY,0,20.73,21.73,,True,GTC,,,20201228 09:30:00 EST, 110418094≥+20.32, 110418094≥+27873,margin ≥+20
GDEN,DU3053535,4335,,47,1.79769313486232E+308,TRAIL,SELL,1.84,0,19.32,,False,GTC,,
GDEN,DU3053535,4334,,47,1.79769313486232E+308,LMT,SELL,0,25.75,26.75,,True,GTC,,
FOR,DU3053535,4349,,46,1.79769313486232E+308,LMT,SELL,0,24.73,25.73,,True,GTC,,
FOR,DU3053535,4348,,46,1.79769313486232E+308,LMT,BUY,0,21.86,22.86,,True,GTC,,,20201228 09:30:00 EST, 290000402≥+21.43, 290000402≥+35145,margin ≥+20
FFWM,DU3053535,4347,,48,1.79769313486232E+308,TRAIL,SELL,1.27,0,19.53,,False,GTC,,
FFWM,DU3053535,4346,,48,1.79769313486232E+308,LMT,SELL,0,23.96,24.96,,True,GTC,,
FFWM,DU3053535,4345,,48,1.79769313486232E+308,LMT,BUY,0,21.21,22.21,,True,GTC,,,20201228 09:30:00 EST, 172611120≥+20.79, 172611120≥+56727,margin ≥+20
PHB,DU3053535,4344,,51,1.79769313486232E+308,TRAIL,SELL,0.15,0,19.33,,False,GTC,,
PHB,DU3053535,4343,,51,1.79769313486232E+308,LMT,SELL,0,19.86,20.86,,True,GTC,,
PHB,DU3053535,4342,,51,1.79769313486232E+308,LMT,BUY,0,19.87,20.87,,True,GTC,,,20201228 09:30:00 EST, 319356966≥+19.48, 319356966≥+757455,margin ≥+20
BWB,DU3053535,4161,,76,1.79769313486232E+308,TRAIL,SELL,0.69,0,12.43,,False,GTC,,
BWB,DU3053535,4160,,76,1.79769313486232E+308,LMT,SELL,0,14.85,15.85,,True,GTC,,
BWB,DU3053535,4159,,76,1.79769313486232E+308,LMT,BUY,0,13.38,14.38,,True,GTC,,,20201228 09:30:00 EST, 310410814≥+13.12, 310410814≥+37055,margin ≥+20
BNO,DU3053535,4158,,75,1.79769313486232E+308,TRAIL,SELL,0.58,0,12.68,,False,GTC,,
FANH,DU3053535,4170,,73,1.79769313486232E+308,TRAIL,SELL,1.01,0,12.52,,False,GTC,,
FANH,DU3053535,4169,,73,1.79769313486232E+308,LMT,SELL,0,16.07,17.07,,True,GTC,,
FANH,DU3053535,4168,,73,1.79769313486232E+308,LMT,BUY,0,13.81,14.81,,True,GTC,,,20201228 09:30:00 EST, 257941393≥+13.54, 257941393≥+27200,margin ≥+20
CSTR,DU3053535,4181,,66,1.79769313486232E+308,LMT,SELL,0,18.11,19.11,,True,GTC,,
CSTR,DU3053535,4180,,66,1.79769313486232E+308,LMT,BUY,0,15.44,16.44,,True,GTC,,,20201228 09:30:00 EST, 248811623≥+15.14, 248811623≥+20218,margin ≥+20
JWS U,DU3053535,4179,,63,1.79769313486232E+308,TRAIL,SELL,1.46,0,14.4,,False,GTC,,
JWS U,DU3053535,4178,,63,1.79769313486232E+308,LMT,SELL,0,19.51,20.51,,True,GTC,,
JWS U,DU3053535,4177,,63,1.79769313486232E+308,LMT,BUY,0,16.18,17.18,,True,GTC,,,20201228 09:30:00 EST, 421686546≥+15.86, 421686546≥+67164,margin ≥+20
EIM,DU3053535,4176,,74,1.79769313486232E+308,TRAIL,SELL,0.19,0,13.29,,False,GTC,,
EIM,DU3053535,4175,,74,1.79769313486232E+308,LMT,SELL,0,13.96,14.96,,True,GTC,,
EIM,DU3053535,4174,,74,1.79769313486232E+308,LMT,BUY,0,13.75,14.75,,True,GTC,,,20201228 09:30:00 EST, 15964752≥+13.48, 15964752≥+23909,margin ≥+20
HCKT,DU3053535,4189,,66,1.79769313486232E+308,LMT,BUY,0,15.31,16.31,,True,GTC,,,20201228 09:30:00 EST, 47965845≥+15.01, 47965845≥+44800,margin ≥+20
PKE,DU3053535,4188,,69,1.79769313486232E+308,TRAIL,SELL,0.85,0,13.57,,False,GTC,,
PKE,DU3053535,4187,,69,1.79769313486232E+308,LMT,SELL,0,16.53,17.53,,True,GTC,,
PKE,DU3053535,4186,,69,1.79769313486232E+308,LMT,BUY,0,14.7,15.7,,True,GTC,,,20201228 09:30:00 EST, 374166573≥+14.41, 374166573≥+80818,margin ≥+20
GHL,DU3053535,4185,,68,1.79769313486232E+308,TRAIL,SELL,1.24,0,13.32,,False,GTC,,
GHL,DU3053535,4184,,68,1.79769313486232E+308,LMT,SELL,0,17.64,18.64,,True,GTC,,
GHL,DU3053535,4183,,68,1.79769313486232E+308,LMT,BUY,0,14.84,15.84,,True,GTC,,,20201228 09:30:00 EST, 28881405≥+14.55, 28881405≥+33618,margin ≥+20
CSTR,DU3053535,4182,,66,1.79769313486232E+308,TRAIL,SELL,1.19,0,13.95,,False,GTC,,
AJAX U,DU3053535,4133,,76,1.79769313486232E+308,LMT,SELL,0,15.57,16.57,,True,GTC,,
AJAX U,DU3053535,4132,,76,1.79769313486232E+308,LMT,BUY,0,13.25,14.25,,True,GTC,,,20201228 09:30:00 EST, 452226246≥+12.99, 452226246≥+21364,margin ≥+20
MIXT,DU3053535,4131,,80,1.79769313486232E+308,TRAIL,SELL,0.74,0,11.67,,False,GTC,,
MIXT,DU3053535,4130,,80,1.79769313486232E+308,LMT,SELL,0,14.27,15.27,,True,GTC,,
MIXT,DU3053535,4129,,80,1.79769313486232E+308,LMT,BUY,0,12.66,13.66,,True,GTC,,,20201228 09:30:00 EST, 132522516≥+12.41, 132522516≥+25218,margin ≥+20
VKI,DU3053535,4128,,87,1.79769313486232E+308,TRAIL,SELL,0.22,0,11.26,,False,GTC,,
VKI,DU3053535,4127,,87,1.79769313486232E+308,LMT,SELL,0,12.02,13.02,,True,GTC,,
VKI,DU3053535,4126,,87,1.79769313486232E+308,LMT,BUY,0,11.7,12.7,,True,GTC,,,20201228 09:30:00 EST, 75911318≥+11.47, 75911318≥+26945,margin ≥+20
PVBC,DU3053535,4141,,78,1.79769313486232E+308,LMT,BUY,0,12.98,13.98,,True,GTC,,,20201228 09:30:00 EST, 387594584≥+12.73, 387594584≥+140655,margin ≥+20
CSTE,DU3053535,4140,,82,1.79769313486232E+308,TRAIL,SELL,0.9,0,11.27,,False,GTC,,
CSTE,DU3053535,4139,,82,1.79769313486232E+308,LMT,SELL,0,14.43,15.43,,True,GTC,,
CSTE,DU3053535,4138,,82,1.79769313486232E+308,LMT,BUY,0,12.42,13.42,,True,GTC,,,20201228 09:30:00 EST, 104887380≥+12.18, 104887380≥+29436,margin ≥+20
IPOF U,DU3053535,4137,,75,1.79769313486232E+308,TRAIL,SELL,1.07,0,12.13,,False,GTC,,
IPOF U,DU3053535,4136,,75,1.79769313486232E+308,LMT,SELL,0,15.86,16.86,,True,GTC,,
IPOF U,DU3053535,4135,,75,1.79769313486232E+308,LMT,BUY,0,13.46,14.46,,True,GTC,,,20201228 09:30:00 EST, 449074372≥+13.2, 449074372≥+29473,margin ≥+20
AJAX U,DU3053535,4134,,76,1.79769313486232E+308,TRAIL,SELL,1.03,0,11.96,,False,GTC,,
GSG,DU3053535,4149,,78,1.79769313486232E+308,TRAIL,SELL,0.59,0,12.12,,False,GTC,,
GSG,DU3053535,4148,,78,1.79769313486232E+308,LMT,SELL,0,14.16,15.16,,True,GTC,,
GSG,DU3053535,4147,,78,1.79769313486232E+308,LMT,BUY,0,12.95,13.95,,True,GTC,,,20201228 09:30:00 EST, 40066344≥+12.7, 40066344≥+118018,margin ≥+20
TPCO,DU3053535,4146,,75,1.79769313486232E+308,TRAIL,SELL,0.99,0,12.23,,False,GTC,,
TPCO,DU3053535,4145,,75,1.79769313486232E+308,LMT,SELL,0,15.69,16.69,,True,GTC,,
TPCO,DU3053535,4144,,75,1.79769313486232E+308,LMT,BUY,0,13.48,14.48,,True,GTC,,,20201228 09:30:00 EST, 336638413≥+13.22, 336638413≥+30055,margin ≥+20
PVBC,DU3053535,4143,,78,1.79769313486232E+308,TRAIL,SELL,0.83,0,11.9,,False,GTC,,
PVBC,DU3053535,4142,,78,1.79769313486232E+308,LMT,SELL,0,14.79,15.79,,True,GTC,,
BNO,DU3053535,4157,,75,1.79769313486232E+308,LMT,SELL,0,14.71,15.71,,True,GTC,,
BNO,DU3053535,4156,,75,1.79769313486232E+308,LMT,BUY,0,13.53,14.53,,True,GTC,,,20201228 09:30:00 EST, 75961365≥+13.26, 75961365≥+27055,margin ≥+20
FRGI,DU3053535,4155,,75,1.79769313486232E+308,TRAIL,SELL,1.12,0,12.17,,False,GTC,,
FRGI,DU3053535,4154,,75,1.79769313486232E+308,LMT,SELL,0,16.08,17.08,,True,GTC,,
FRGI,DU3053535,4153,,75,1.79769313486232E+308,LMT,BUY,0,13.55,14.55,,True,GTC,,,20201228 09:30:00 EST, 106671139≥+13.29, 106671139≥+39836,margin ≥+20
ACBI,DU3053535,4227,,60,1.79769313486232E+308,TRAIL,SELL,1.15,0,15.5,,False,GTC,,
ACBI,DU3053535,4226,,60,1.79769313486232E+308,LMT,SELL,0,19.52,20.52,,True,GTC,,
ACBI,DU3053535,4225,,60,1.79769313486232E+308,LMT,BUY,0,16.98,17.98,,True,GTC,,,20201228 09:30:00 EST, 211533625≥+16.65, 211533625≥+41473,margin ≥+20
HBNC,DU3053535,4224,,60,1.79769313486232E+308,TRAIL,SELL,1.03,0,15.36,,False,GTC,,
HBNC,DU3053535,4223,,60,1.79769313486232E+308,LMT,SELL,0,18.97,19.97,,True,GTC,,
HBNC,DU3053535,4222,,60,1.79769313486232E+308,LMT,BUY,0,16.72,17.72,,True,GTC,,,20201228 09:30:00 EST, 13899170≥+16.39, 13899170≥+53618,margin ≥+20
MJ,DU3053535,4237,,60,1.79769313486232E+308,LMT,BUY,0,16.83,17.83,,True,GTC,,,20201228 09:30:00 EST, 237886920≥+16.5, 237886920≥+75491,margin ≥+20
BLX,DU3053535,4236,,60,1.79769313486232E+308,TRAIL,SELL,0.89,0,15.58,,False,GTC,,
BLX,DU3053535,4235,,60,1.79769313486232E+308,LMT,SELL,0,18.7,19.7,,True,GTC,,
BLX,DU3053535,4234,,60,1.79769313486232E+308,LMT,BUY,0,16.8,17.8,,True,GTC,,,20201228 09:30:00 EST, 5072≥+16.47, 5072≥+29618,margin ≥+20
LMNR,DU3053535,4233,,57,1.79769313486232E+308,TRAIL,SELL,1.47,0,15.8,,False,GTC,,
LMNR,DU3053535,4232,,57,1.79769313486232E+308,LMT,SELL,0,20.95,21.95,,True,GTC,,
LMNR,DU3053535,4231,,57,1.79769313486232E+308,LMT,BUY,0,17.62,18.62,,True,GTC,,,20201228 09:30:00 EST, 48916802≥+17.27, 48916802≥+29818,margin ≥+20
CVLG,DU3053535,4245,,57,1.79769313486232E+308,TRAIL,SELL,1.5,0,15.93,,False,GTC,,
CVLG,DU3053535,4244,,57,1.79769313486232E+308,LMT,SELL,0,21.19,22.19,,True,GTC,,
CVLG,DU3053535,4243,,57,1.79769313486232E+308,LMT,BUY,0,17.78,18.78,,True,GTC,,,20201228 09:30:00 EST, 268235≥+17.43, 268235≥+21945,margin ≥+20
KE,DU3053535,4242,,59,1.79769313486232E+308,TRAIL,SELL,1.05,0,15.76,,False,GTC,,
KE,DU3053535,4241,,59,1.79769313486232E+308,LMT,SELL,0,19.42,20.42,,True,GTC,,
KE,DU3053535,4240,,59,1.79769313486232E+308,LMT,BUY,0,17.14,18.14,,True,GTC,,,20201228 09:30:00 EST, 170692627≥+16.8, 170692627≥+32273,margin ≥+20
MJ,DU3053535,4239,,60,1.79769313486232E+308,TRAIL,SELL,1.35,0,15.15,,False,GTC,,
MJ,DU3053535,4238,,60,1.79769313486232E+308,LMT,SELL,0,19.87,20.87,,True,GTC,,
OXFD,DU3053535,4253,,54,1.79769313486232E+308,LMT,SELL,0,22.15,23.15,,True,GTC,,
OXFD,DU3053535,4252,,54,1.79769313486232E+308,LMT,BUY,0,18.68,19.68,,True,GTC,,,20201228 09:30:00 EST, 138999585≥+18.31, 138999585≥+82509,margin ≥+20
AVD,DU3053535,4251,,59,1.79769313486232E+308,TRAIL,SELL,1.09,0,15.78,,False,GTC,,
AVD,DU3053535,4250,,59,1.79769313486232E+308,LMT,SELL,0,19.6,20.6,,True,GTC,,
AVD,DU3053535,4249,,59,1.79769313486232E+308,LMT,BUY,0,17.21,18.21,,True,GTC,,,20201228 09:30:00 EST, 6604203≥+16.87, 6604203≥+59818,margin ≥+20
DCOM,DU3053535,4248,,58,1.79769313486232E+308,TRAIL,SELL,1.21,0,15.89,,False,GTC,,
DCOM,DU3053535,4247,,58,1.79769313486232E+308,LMT,SELL,0,20.13,21.13,,True,GTC,,
DCOM,DU3053535,4246,,58,1.79769313486232E+308,LMT,BUY,0,17.45,18.45,,True,GTC,,,20201228 09:30:00 EST, 3655514≥+17.1, 3655514≥+62218,margin ≥+20
DGICA,DU3053535,4197,,67,1.79769313486232E+308,TRAIL,SELL,0.6,0,14.25,,False,GTC,,
DGICA,DU3053535,4196,,67,1.79769313486232E+308,LMT,SELL,0,16.36,17.36,,True,GTC,,
DGICA,DU3053535,4195,,67,1.79769313486232E+308,LMT,BUY,0,15.15,16.15,,True,GTC,,,20201228 09:30:00 EST, 14487825≥+14.85, 14487825≥+41745,margin ≥+20
MCBS,DU3053535,4194,,66,1.79769313486232E+308,TRAIL,SELL,0.8,0,14.29,,False,GTC,,
MCBS,DU3053535,4193,,66,1.79769313486232E+308,LMT,SELL,0,17.11,18.11,,True,GTC,,
MCBS,DU3053535,4192,,66,1.79769313486232E+308,LMT,BUY,0,15.4,16.4,,True,GTC,,,20201228 09:30:00 EST, 228159336≥+15.09, 228159336≥+26400,margin ≥+20
HCKT,DU3053535,4191,,66,1.79769313486232E+308,TRAIL,SELL,0.9,0,14.11,,False,GTC,,
HCKT,DU3053535,4190,,66,1.79769313486232E+308,LMT,SELL,0,17.25,18.25,,True,GTC,,
HMLP,DU3053535,4205,,64,1.79769313486232E+308,LMT,SELL,0,18.12,19.12,,True,GTC,,
HMLP,DU3053535,4204,,64,1.79769313486232E+308,LMT,BUY,0,15.71,16.71,,True,GTC,,,20201228 09:30:00 EST, 162876270≥+15.41, 162876270≥+75582,margin ≥+20
SILJ,DU3053535,4203,,60,1.79769313486232E+308,TRAIL,SELL,1.39,0,15.04,,False,GTC,,
SILJ,DU3053535,4202,,60,1.79769313486232E+308,LMT,SELL,0,19.9,20.9,,True,GTC,,
SILJ,DU3053535,4201,,60,1.79769313486232E+308,LMT,BUY,0,16.76,17.76,,True,GTC,,,20201228 09:30:00 EST, 237886911≥+16.43, 237886911≥+81509,margin ≥+20
DBC,DU3053535,4200,,67,1.79769313486232E+308,TRAIL,SELL,0.45,0,14.47,,False,GTC,,
DBC,DU3053535,4199,,67,1.79769313486232E+308,LMT,SELL,0,16.04,17.04,,True,GTC,,
DBC,DU3053535,4198,,67,1.79769313486232E+308,LMT,BUY,0,15.21,16.21,,True,GTC,,,20201228 09:30:00 EST, 319355208≥+14.92, 319355208≥+106200,margin ≥+20
LCUT,DU3053535,4213,,61,1.79769313486232E+308,LMT,BUY,0,16.66,17.66,,True,GTC,,,20201228 09:30:00 EST, 271138≥+16.33, 271138≥+21055,margin ≥+20
EBSB,DU3053535,4209,,64,1.79769313486232E+308,TRAIL,SELL,0.86,0,14.61,,False,GTC,,
EBSB,DU3053535,4208,,64,1.79769313486232E+308,LMT,SELL,0,17.63,18.63,,True,GTC,,
EBSB,DU3053535,4207,,64,1.79769313486232E+308,LMT,BUY,0,15.78,16.78,,True,GTC,,,20201228 09:30:00 EST, 162227554≥+15.47, 162227554≥+63782,margin ≥+20
HMLP,DU3053535,4206,,64,1.79769313486232E+308,TRAIL,SELL,1.09,0,14.32,,False,GTC,,
HBT,DU3053535,4221,,61,1.79769313486232E+308,TRAIL,SELL,0.9,0,15.31,,False,GTC,,
HBT,DU3053535,4220,,61,1.79769313486232E+308,LMT,SELL,0,18.46,19.46,,True,GTC,,
HBT,DU3053535,4219,,61,1.79769313486232E+308,LMT,BUY,0,16.53,17.53,,True,GTC,,,20201228 09:30:00 EST, 387014894≥+16.21, 387014894≥+49218,margin ≥+20
LCUT,DU3053535,4215,,61,1.79769313486232E+308,TRAIL,SELL,1.38,0,14.95,,False,GTC,,
LCUT,DU3053535,4214,,61,1.79769313486232E+308,LMT,SELL,0,19.78,20.78,,True,GTC,,
RVSB,DU3053535,4037,,171,1.79769313486232E+308,LMT,SELL,0,7.03,8.03,,True,GTC,,
RVSB,DU3053535,4036,,171,1.79769313486232E+308,LMT,BUY,0,5.95,6.95,,True,GTC,,,20201228 09:30:00 EST, 4817655≥+5.83, 4817655≥+23327,margin ≥+20
CIA,DU3053535,4044,,154,1.79769313486232E+308,TRAIL,SELL,0.44,0,6.03,,False,GTC,,
CIA,DU3053535,4043,,154,1.79769313486232E+308,LMT,SELL,0,7.58,8.58,,True,GTC,,
CIA,DU3053535,4042,,154,1.79769313486232E+308,LMT,BUY,0,6.6,7.6,,True,GTC,,,20201228 09:30:00 EST, 754105≥+6.47, 754105≥+40145,margin ≥+20
RVSB,DU3053535,4038,,171,1.79769313486232E+308,TRAIL,SELL,0.48,0,5.35,,False,GTC,,
WNEB,DU3053535,4053,,141,1.79769313486232E+308,TRAIL,SELL,0.44,0,6.6,,False,GTC,,
WNEB,DU3053535,4052,,141,1.79769313486232E+308,LMT,SELL,0,8.16,9.16,,True,GTC,,
WNEB,DU3053535,4051,,141,1.79769313486232E+308,LMT,BUY,0,7.19,8.19,,True,GTC,,,20201228 09:30:00 EST, 252506880≥+7.05, 252506880≥+22964,margin ≥+20
CLPR,DU3053535,4050,,141,1.79769313486232E+308,TRAIL,SELL,0.6,0,6.48,,False,GTC,,
CLPR,DU3053535,4049,,141,1.79769313486232E+308,LMT,SELL,0,8.57,9.57,,True,GTC,,
CLPR,DU3053535,4048,,141,1.79769313486232E+308,LMT,BUY,0,7.22,8.22,,True,GTC,,,20201228 09:30:00 EST, 265109878≥+7.08, 265109878≥+68545,margin ≥+20
BXG,DU3053535,4059,,131,1.79769313486232E+308,TRAIL,SELL,0.69,0,6.9,,False,GTC,,
BXG,DU3053535,4058,,131,1.79769313486232E+308,LMT,SELL,0,9.31,10.31,,True,GTC,,
BXG,DU3053535,4057,,131,1.79769313486232E+308,LMT,BUY,0,7.74,8.74,,True,GTC,,,20201228 09:30:00 EST, 296320248≥+7.59, 296320248≥+21618,margin ≥+20
PCTI,DU3053535,4056,,138,1.79769313486232E+308,TRAIL,SELL,0.53,0,6.69,,False,GTC,,
PCTI,DU3053535,4055,,138,1.79769313486232E+308,LMT,SELL,0,8.56,9.56,,True,GTC,,
PCTI,DU3053535,4054,,138,1.79769313486232E+308,LMT,BUY,0,7.37,8.37,,True,GTC,,,20201228 09:30:00 EST, 6525521≥+7.23, 6525521≥+30582,margin ≥+20
BHC,DU3053535,4005,,45,1.79769313486232E+308,TRAIL,SELL,1.28,0,20.56,,False,GTC,,
BHC,DU3053535,4004,,45,1.79769313486232E+308,LMT,SELL,0,25.05,26.05,,True,GTC,,
BHC,DU3053535,4003,,45,1.79769313486232E+308,LMT,BUY,0,22.28,23.28,,True,GTC,,,20201228 09:30:00 EST, 325536414≥+21.85, 325536414≥+461545,margin ≥+20
BKCC,DU3053535,4002,,339,1.79769313486232E+308,TRAIL,SELL,0.22,0,2.73,,False,GTC,,
BKCC,DU3053535,4001,,339,1.79769313486232E+308,LMT,SELL,0,3.49,4.49,,True,GTC,,
BKCC,DU3053535,4000,,339,1.79769313486232E+308,LMT,BUY,0,3,4,,True,GTC,,,20201228 09:30:00 EST, 44965120≥+2.95, 44965120≥+21291,margin ≥+20
BLMN,DU3053535,3999,,50,1.79769313486232E+308,TRAIL,SELL,1.4,0,18.59,,False,GTC,,
BLMN,DU3053535,3998,,50,1.79769313486232E+308,LMT,SELL,0,23.5,24.5,,True,GTC,,
BDN,DU3053535,4013,,79,1.79769313486232E+308,LMT,SELL,0,14.65,15.65,,True,GTC,,
BDN,DU3053535,4012,,79,1.79769313486232E+308,LMT,BUY,0,12.91,13.91,,True,GTC,,,20201228 09:30:00 EST, 2586487≥+12.65, 2586487≥+533218,margin ≥+20
BDSI,DU3053535,4011,,208,1.79769313486232E+308,TRAIL,SELL,0.4,0,4.39,,False,GTC,,
BDSI,DU3053535,4010,,208,1.79769313486232E+308,LMT,SELL,0,5.8,6.8,,True,GTC,,
BDSI,DU3053535,4009,,208,1.79769313486232E+308,LMT,BUY,0,4.89,5.89,,True,GTC,,,20201228 09:30:00 EST, 15738529≥+4.8, 15738529≥+184309,margin ≥+20
BGY,DU3053535,4008,,167,1.79769313486232E+308,TRAIL,SELL,0.17,0,5.8,,False,GTC,,
BGY,DU3053535,4007,,167,1.79769313486232E+308,LMT,SELL,0,6.4,7.4,,True,GTC,,
BGY,DU3053535,4006,,167,1.79769313486232E+308,LMT,BUY,0,6.09,7.09,,True,GTC,,,20201228 09:30:00 EST, 44290421≥+5.97, 44290421≥+35545,margin ≥+20
SBT,DU3053535,4021,,212,1.79769313486232E+308,LMT,BUY,0,4.8,5.8,,True,GTC,,,20201228 09:30:00 EST, 296466069≥+4.7, 296466069≥+48182,margin ≥+20
BCS,DU3053535,4020,,117,1.79769313486232E+308,TRAIL,SELL,0.76,0,7.75,,False,GTC,,
BCS,DU3053535,4019,,117,1.79769313486232E+308,LMT,SELL,0,10.4,11.4,,True,GTC,,
BCS,DU3053535,4018,,117,1.79769313486232E+308,LMT,BUY,0,8.68,9.68,,True,GTC,,,20201228 09:30:00 EST, 4854≥+8.51, 4854≥+524382,margin ≥+20
BCSF,DU3053535,4017,,74,1.79769313486232E+308,TRAIL,SELL,0.77,0,12.59,,False,GTC,,
BCSF,DU3053535,4016,,74,1.79769313486232E+308,LMT,SELL,0,15.28,16.28,,True,GTC,,
BCSF,DU3053535,4015,,74,1.79769313486232E+308,LMT,BUY,0,13.62,14.62,,True,GTC,,,20201228 09:30:00 EST, 341513071≥+13.36, 341513071≥+169855,margin ≥+20
BDN,DU3053535,4014,,79,1.79769313486232E+308,TRAIL,SELL,0.8,0,11.86,,False,GTC,,
SBT,DU3053535,4023,,212,1.79769313486232E+308,TRAIL,SELL,0.38,0,4.32,,False,GTC,,
SBT,DU3053535,4022,,212,1.79769313486232E+308,LMT,SELL,0,5.65,6.65,,True,GTC,,
OSBC,DU3053535,4101,,92,1.79769313486232E+308,TRAIL,SELL,0.79,0,10.03,,False,GTC,,
OSBC,DU3053535,4100,,92,1.79769313486232E+308,LMT,SELL,0,12.79,13.79,,True,GTC,,
OSBC,DU3053535,4099,,92,1.79769313486232E+308,LMT,BUY,0,11.03,12.03,,True,GTC,,,20201228 09:30:00 EST, 3655785≥+10.82, 3655785≥+34073,margin ≥+20
CCIV U,DU3053535,4098,,95,1.79769313486232E+308,TRAIL,SELL,0.23,0,10.24,,False,GTC,,
CCIV U,DU3053535,4097,,95,1.79769313486232E+308,LMT,SELL,0,11.05,12.05,,True,GTC,,
CCIV U,DU3053535,4096,,95,1.79769313486232E+308,LMT,BUY,0,10.68,11.68,,True,GTC,,,20201228 09:30:00 EST, 436980124≥+10.47, 436980124≥+20545,margin ≥+20
NBA,DU3053535,4095,,95,1.79769313486232E+308,TRAIL,SELL,0.44,0,10.05,,False,GTC,,
NBA,DU3053535,4094,,95,1.79769313486232E+308,LMT,SELL,0,11.59,12.59,,True,GTC,,
MOTV U,DU3053535,4109,,94,1.79769313486232E+308,LMT,SELL,0,11.17,12.17,,True,GTC,,
MOTV U,DU3053535,4108,,94,1.79769313486232E+308,LMT,BUY,0,10.78,11.78,,True,GTC,,,20201228 09:30:00 EST, 459557814≥+10.57, 459557814≥+23300,margin ≥+20
IGACU,DU3053535,4107,,88,1.79769313486232E+308,TRAIL,SELL,0.63,0,10.72,,False,GTC,,
IGACU,DU3053535,4106,,88,1.79769313486232E+308,LMT,SELL,0,12.93,13.93,,True,GTC,,
IGACU,DU3053535,4105,,88,1.79769313486232E+308,LMT,BUY,0,11.58,12.58,,True,GTC,,,20201228 09:30:00 EST, 448082189≥+11.35, 448082189≥+42200,margin ≥+20
SAIIU,DU3053535,4104,,94,1.79769313486232E+308,TRAIL,SELL,0.2,0,10.36,,False,GTC,,
SAIIU,DU3053535,4103,,94,1.79769313486232E+308,LMT,SELL,0,11.06,12.06,,True,GTC,,
SAIIU,DU3053535,4102,,94,1.79769313486232E+308,LMT,BUY,0,10.77,11.77,,True,GTC,,,20201228 09:30:00 EST, 445238012≥+10.56, 445238012≥+45491,margin ≥+20
MCAC,DU3053535,4117,,88,1.79769313486232E+308,LMT,BUY,0,11.53,12.53,,True,GTC,,,20201228 09:30:00 EST, 442106643≥+11.3, 442106643≥+34855,margin ≥+20
ASAQ U,DU3053535,4116,,93,1.79769313486232E+308,TRAIL,SELL,0.32,0,10.36,,False,GTC,,
ASAQ U,DU3053535,4115,,93,1.79769313486232E+308,LMT,SELL,0,11.48,12.48,,True,GTC,,
ASAQ U,DU3053535,4114,,93,1.79769313486232E+308,LMT,BUY,0,10.89,11.89,,True,GTC,,,20201228 09:30:00 EST, 448366604≥+10.68, 448366604≥+27273,margin ≥+20
CZWI,DU3053535,4113,,88,1.79769313486232E+308,TRAIL,SELL,0.71,0,10.63,,False,GTC,,
CZWI,DU3053535,4112,,88,1.79769313486232E+308,LMT,SELL,0,13.12,14.12,,True,GTC,,
CZWI,DU3053535,4111,,88,1.79769313486232E+308,LMT,BUY,0,11.57,12.57,,True,GTC,,,20201228 09:30:00 EST, 41545062≥+11.34, 41545062≥+37200,margin ≥+20
MOTV U,DU3053535,4110,,94,1.79769313486232E+308,TRAIL,SELL,0.24,0,10.33,,False,GTC,,
BOAC U,DU3053535,4125,,81,1.79769313486232E+308,TRAIL,SELL,0.78,0,11.42,,False,GTC,,
BOAC U,DU3053535,4124,,81,1.79769313486232E+308,LMT,SELL,0,14.16,15.16,,True,GTC,,
BOAC U,DU3053535,4123,,81,1.79769313486232E+308,LMT,BUY,0,12.45,13.45,,True,GTC,,,20201228 09:30:00 EST, 452191180≥+12.2, 452191180≥+22473,margin ≥+20
AJX,DU3053535,4122,,90,1.79769313486232E+308,TRAIL,SELL,0.69,0,10.37,,False,GTC,,
AJX,DU3053535,4121,,90,1.79769313486232E+308,LMT,SELL,0,12.78,13.78,,True,GTC,,
AJX,DU3053535,4120,,90,1.79769313486232E+308,LMT,BUY,0,11.28,12.28,,True,GTC,,,20201228 09:30:00 EST, 183532865≥+11.06, 183532865≥+21200,margin ≥+20
MCAC,DU3053535,4119,,88,1.79769313486232E+308,TRAIL,SELL,0.78,0,10.52,,False,GTC,,
MCAC,DU3053535,4118,,88,1.79769313486232E+308,LMT,SELL,0,13.24,14.24,,True,GTC,,
DBO,DU3053535,4069,,114,1.79769313486232E+308,LMT,BUY,0,8.89,9.89,,True,GTC,,,20201228 09:30:00 EST, 319355742≥+8.72, 319355742≥+27455,margin ≥+20
BAK,DU3053535,4068,,104,1.79769313486232E+308,TRAIL,SELL,0.69,0,8.84,,False,GTC,,
BAK,DU3053535,4067,,104,1.79769313486232E+308,LMT,SELL,0,11.27,12.27,,True,GTC,,
BAK,DU3053535,4066,,104,1.79769313486232E+308,LMT,BUY,0,9.73,10.73,,True,GTC,,,20201228 09:30:00 EST, 6607745≥+9.54, 6607745≥+220145,margin ≥+20
CRD B,DU3053535,4065,,117,1.79769313486232E+308,TRAIL,SELL,0.65,0,7.85,,False,GTC,,
CRD B,DU3053535,4064,,117,1.79769313486232E+308,LMT,SELL,0,10.14,11.14,,True,GTC,,
CRD B,DU3053535,4063,,117,1.79769313486232E+308,LMT,BUY,0,8.68,9.68,,True,GTC,,,20201228 09:30:00 EST, 6037≥+8.51, 6037≥+22709,margin ≥+20
GLAD,DU3053535,4077,,108,1.79769313486232E+308,TRAIL,SELL,0.43,0,8.83,,False,GTC,,
GLAD,DU3053535,4076,,108,1.79769313486232E+308,LMT,SELL,0,10.32,11.32,,True,GTC,,
GLAD,DU3053535,4075,,108,1.79769313486232E+308,LMT,BUY,0,9.44,10.44,,True,GTC,,,20201228 09:30:00 EST, 14487907≥+9.25, 14487907≥+26127,margin ≥+20
PSLV,DU3053535,4074,,107,1.79769313486232E+308,TRAIL,SELL,0.53,0,8.8,,False,GTC,,
PSLV,DU3053535,4073,,107,1.79769313486232E+308,LMT,SELL,0,10.67,11.67,,True,GTC,,
PSLV,DU3053535,4072,,107,1.79769313486232E+308,LMT,BUY,0,9.52,10.52,,True,GTC,,,20201228 09:30:00 EST, 80425147≥+9.34, 80425147≥+35600,margin ≥+20
DBO,DU3053535,4071,,114,1.79769313486232E+308,TRAIL,SELL,0.39,0,8.33,,False,GTC,,
DBO,DU3053535,4070,,114,1.79769313486232E+308,LMT,SELL,0,9.71,10.71,,True,GTC,,
SMED,DU3053535,4083,,98,1.79769313486232E+308,TRAIL,SELL,0.89,0,9.27,,False,GTC,,
SMED,DU3053535,4082,,98,1.79769313486232E+308,LMT,SELL,0,12.39,13.39,,True,GTC,,
SMED,DU3053535,4081,,98,1.79769313486232E+308,LMT,BUY,0,10.36,11.36,,True,GTC,,,20201228 09:30:00 EST, 30216218≥+10.16, 30216218≥+23964,margin ≥+20
PICO,DU3053535,4080,,104,1.79769313486232E+308,TRAIL,SELL,0.63,0,8.92,,False,GTC,,
PICO,DU3053535,4079,,104,1.79769313486232E+308,LMT,SELL,0,11.13,12.13,,True,GTC,,
PICO,DU3053535,4078,,104,1.79769313486232E+308,LMT,BUY,0,9.74,10.74,,True,GTC,,,20201228 09:30:00 EST, 4816598≥+9.55, 4816598≥+26073,margin ≥+20
NBA,DU3053535,4093,,95,1.79769313486232E+308,LMT,BUY,0,10.7,11.7,,True,GTC,,,20201228 09:30:00 EST, 455969678≥+10.49, 455969678≥+27382,margin ≥+20
CARE,DU3053535,4092,,88,1.79769313486232E+308,TRAIL,SELL,1.02,0,10.24,,False,GTC,,
CARE,DU3053535,4091,,88,1.79769313486232E+308,LMT,SELL,0,13.79,14.79,,True,GTC,,
CARE,DU3053535,4090,,88,1.79769313486232E+308,LMT,BUY,0,11.48,12.48,,True,GTC,,,20201228 09:30:00 EST, 456801241≥+11.25, 456801241≥+20691,margin ≥+20
NESR,DU3053535,4089,,96,1.79769313486232E+308,TRAIL,SELL,0.77,0,9.64,,False,GTC,,
NESR,DU3053535,4088,,96,1.79769313486232E+308,LMT,SELL,0,12.34,13.34,,True,GTC,,
NESR,DU3053535,4087,,96,1.79769313486232E+308,LMT,BUY,0,10.62,11.62,,True,GTC,,,20201228 09:30:00 EST, 278169018≥+10.41, 278169018≥+26782,margin ≥+20
PPL,DU3053535,4933,,34,1.79769313486232E+308,LMT,BUY,0,29.31,30.31,,True,GTC,,,20201228 09:30:00 EST, 661547≥+28.73, 661547≥+3781255,margin ≥+20
SCSC,DU3053535,4932,,35,1.79769313486232E+308,TRAIL,SELL,2.24,0,26.26,,False,GTC,,
SCSC,DU3053535,4931,,35,1.79769313486232E+308,LMT,SELL,0,34.11,35.11,,True,GTC,,
SCSC,DU3053535,4930,,35,1.79769313486232E+308,LMT,BUY,0,29.07,30.07,,True,GTC,,,20201228 09:30:00 EST, 4817876≥+28.5, 4817876≥+61182,margin ≥+20
PRIM,DU3053535,4929,,34,1.79769313486232E+308,TRAIL,SELL,1.71,0,27.5,,False,GTC,,
PRIM,DU3053535,4928,,34,1.79769313486232E+308,LMT,SELL,0,33.49,34.49,,True,GTC,,
PRIM,DU3053535,4927,,34,1.79769313486232E+308,LMT,BUY,0,29.8,30.8,,True,GTC,,,20201228 09:30:00 EST, 53509761≥+29.21, 53509761≥+112055,margin ≥+20
SHYF,DU3053535,4926,,33,1.79769313486232E+308,TRAIL,SELL,1.94,0,27.86,,False,GTC,,
TRGP,DU3053535,4941,,33,1.79769313486232E+308,TRAIL,SELL,2.52,0,27.36,,False,GTC,,
TRGP,DU3053535,4940,,33,1.79769313486232E+308,LMT,SELL,0,36.18,37.18,,True,GTC,,
TRGP,DU3053535,4939,,33,1.79769313486232E+308,LMT,BUY,0,30.48,31.48,,True,GTC,,,20201228 09:30:00 EST, 81671838≥+29.88, 81671838≥+780236,margin ≥+20
WHD,DU3053535,4938,,34,1.79769313486232E+308,TRAIL,SELL,2.29,0,26.68,,False,GTC,,
WHD,DU3053535,4937,,34,1.79769313486232E+308,LMT,SELL,0,34.71,35.71,,True,GTC,,
WHD,DU3053535,4936,,34,1.79769313486232E+308,LMT,BUY,0,29.56,30.56,,True,GTC,,,20201228 09:30:00 EST, 305881950≥+28.98, 305881950≥+152364,margin ≥+20
PPL,DU3053535,4935,,34,1.79769313486232E+308,TRAIL,SELL,1.42,0,27.31,,False,GTC,,
PPL,DU3053535,4934,,34,1.79769313486232E+308,LMT,SELL,0,32.29,33.29,,True,GTC,,
DLX,DU3053535,4949,,34,1.79769313486232E+308,LMT,SELL,0,35.24,36.24,,True,GTC,,
DLX,DU3053535,4948,,34,1.79769313486232E+308,LMT,BUY,0,29.67,30.67,,True,GTC,,,20201228 09:30:00 EST, 6482≥+29.09, 6482≥+132145,margin ≥+20
FOX,DU3053535,4947,,33,1.79769313486232E+308,TRAIL,SELL,1.69,0,28.08,,False,GTC,,
FOX,DU3053535,4946,,33,1.79769313486232E+308,LMT,SELL,0,34,35,,True,GTC,,
FOX,DU3053535,4945,,33,1.79769313486232E+308,LMT,BUY,0,30.37,31.37,,True,GTC,,,20201228 09:30:00 EST, 356858007≥+29.77, 356858007≥+687764,margin ≥+20
DISCA,DU3053535,4944,,32,1.79769313486232E+308,TRAIL,SELL,2.09,0,28.26,,False,GTC,,
DISCA,DU3053535,4943,,32,1.79769313486232E+308,LMT,SELL,0,35.56,36.56,,True,GTC,,
DISCA,DU3053535,4942,,32,1.79769313486232E+308,LMT,BUY,0,30.95,31.95,,True,GTC,,,20201228 09:30:00 EST, 53855036≥+30.34, 53855036≥+2286964,margin ≥+20
BXMT,DU3053535,4957,,33,1.79769313486232E+308,LMT,BUY,0,30.42,31.42,,True,GTC,,,20201228 09:30:00 EST, 127149807≥+29.82, 127149807≥+315200,margin ≥+20
BXS,DU3053535,4956,,33,1.79769313486232E+308,TRAIL,SELL,1.54,0,27.87,,False,GTC,,
BXS,DU3053535,4955,,33,1.79769313486232E+308,LMT,SELL,0,33.27,34.27,,True,GTC,,
BXS,DU3053535,4954,,33,1.79769313486232E+308,LMT,BUY,0,30,31,,True,GTC,,,20201228 09:30:00 EST, 294631954≥+29.41, 294631954≥+272127,margin ≥+20
GMS,DU3053535,4953,,32,1.79769313486232E+308,TRAIL,SELL,2.23,0,28.81,,False,GTC,,
GMS,DU3053535,4952,,32,1.79769313486232E+308,LMT,SELL,0,36.61,37.61,,True,GTC,,
GMS,DU3053535,4951,,32,1.79769313486232E+308,LMT,BUY,0,31.66,32.66,,True,GTC,,,20201228 09:30:00 EST, 234662857≥+31.04, 234662857≥+215782,margin ≥+20
DLX,DU3053535,4950,,34,1.79769313486232E+308,TRAIL,SELL,2.46,0,26.63,,False,GTC,,
MMYT,DU3053535,4901,,34,1.79769313486232E+308,LMT,SELL,0,35.12,36.12,,True,GTC,,
MMYT,DU3053535,4900,,34,1.79769313486232E+308,LMT,BUY,0,29.71,30.71,,True,GTC,,,20201228 09:30:00 EST, 77879741≥+29.13, 77879741≥+50236,margin ≥+20
CHA,DU3053535,4899,,34,1.79769313486232E+308,TRAIL,SELL,1.42,0,27.9,,False,GTC,,
CHA,DU3053535,4898,,34,1.79769313486232E+308,LMT,SELL,0,32.88,33.88,,True,GTC,,
CHA,DU3053535,4897,,34,1.79769313486232E+308,LMT,BUY,0,29.91,30.91,,True,GTC,,,20201228 09:30:00 EST, 16516843≥+29.32, 16516843≥+46473,margin ≥+20
AVTR,DU3053535,4896,,34,1.79769313486232E+308,TRAIL,SELL,1.66,0,27.2,,False,GTC,,
AVTR,DU3053535,4895,,34,1.79769313486232E+308,LMT,SELL,0,32.99,33.99,,True,GTC,,
AVTR,DU3053535,4894,,34,1.79769313486232E+308,LMT,BUY,0,29.43,30.43,,True,GTC,,,20201228 09:30:00 EST, 366131368≥+28.85, 366131368≥+1460000,margin ≥+20
TRMK,DU3053535,4909,,34,1.79769313486232E+308,LMT,BUY,0,29.42,30.42,,True,GTC,,,20201228 09:30:00 EST, 275298≥+28.84, 275298≥+171473,margin ≥+20
AEL,DU3053535,4908,,33,1.79769313486232E+308,TRAIL,SELL,2.29,0,27.58,,False,GTC,,
AEL,DU3053535,4907,,33,1.79769313486232E+308,LMT,SELL,0,35.61,36.61,,True,GTC,,
AEL,DU3053535,4906,,33,1.79769313486232E+308,LMT,BUY,0,30.47,31.47,,True,GTC,,,20201228 09:30:00 EST, 26968570≥+29.88, 26968570≥+740218,margin ≥+20
CPSI,DU3053535,4905,,34,1.79769313486232E+308,TRAIL,SELL,1.77,0,27.44,,False,GTC,,
CPSI,DU3053535,4904,,34,1.79769313486232E+308,LMT,SELL,0,33.64,34.64,,True,GTC,,
CPSI,DU3053535,4903,,34,1.79769313486232E+308,LMT,BUY,0,29.8,30.8,,True,GTC,,,20201228 09:30:00 EST, 15018602≥+29.21, 15018602≥+49109,margin ≥+20
MMYT,DU3053535,4902,,34,1.79769313486232E+308,TRAIL,SELL,2.4,0,26.73,,False,GTC,,
UCBI,DU3053535,4917,,34,1.79769313486232E+308,TRAIL,SELL,1.43,0,27.86,,False,GTC,,
UCBI,DU3053535,4916,,34,1.79769313486232E+308,LMT,SELL,0,32.87,33.87,,True,GTC,,
UCBI,DU3053535,4915,,34,1.79769313486232E+308,LMT,BUY,0,29.87,30.87,,True,GTC,,,20201228 09:30:00 EST, 89596963≥+29.29, 89596963≥+483564,margin ≥+20
GIL,DU3053535,4914,,34,1.79769313486232E+308,TRAIL,SELL,1.58,0,27.72,,False,GTC,,
GIL,DU3053535,4913,,34,1.79769313486232E+308,LMT,SELL,0,33.25,34.25,,True,GTC,,
GIL,DU3053535,4912,,34,1.79769313486232E+308,LMT,BUY,0,29.88,30.88,,True,GTC,,,20201228 09:30:00 EST, 6227314≥+29.3, 6227314≥+37200,margin ≥+20
TRMK,DU3053535,4911,,34,1.79769313486232E+308,TRAIL,SELL,1.68,0,27.16,,False,GTC,,
TRMK,DU3053535,4910,,34,1.79769313486232E+308,LMT,SELL,0,33.04,34.04,,True,GTC,,
SHYF,DU3053535,4925,,33,1.79769313486232E+308,LMT,SELL,0,34.64,35.64,,True,GTC,,
SHYF,DU3053535,4924,,33,1.79769313486232E+308,LMT,BUY,0,30.39,31.39,,True,GTC,,,20201228 09:30:00 EST, 424737161≥+29.8, 424737161≥+56455,margin ≥+20
BBJP,DU3053535,4923,,35,1.79769313486232E+308,TRAIL,SELL,0.56,0,27.58,,False,GTC,,
BBJP,DU3053535,4922,,35,1.79769313486232E+308,LMT,SELL,0,29.54,30.54,,True,GTC,,
BBJP,DU3053535,4921,,35,1.79769313486232E+308,LMT,BUY,0,28.71,29.71,,True,GTC,,,20201228 09:30:00 EST, 321533907≥+28.14, 321533907≥+195727,margin ≥+20
AMLP,DU3053535,4920,,34,1.79769313486232E+308,TRAIL,SELL,1.85,0,27.2,,False,GTC,,
AMLP,DU3053535,4919,,34,1.79769313486232E+308,LMT,SELL,0,33.68,34.68,,True,GTC,,
AMLP,DU3053535,4918,,34,1.79769313486232E+308,LMT,BUY,0,29.63,30.63,,True,GTC,,,20201228 09:30:00 EST, 419585780≥+29.05, 419585780≥+144436,margin ≥+20
KBR,DU3053535,4997,,32,1.79769313486232E+308,LMT,SELL,0,34.6,35.6,,True,GTC,,
KBR,DU3053535,4996,,32,1.79769313486232E+308,LMT,BUY,0,31.2,32.2,,True,GTC,,,20201228 09:30:00 EST, 41552939≥+30.59, 41552939≥+443582,margin ≥+20
OBNK,DU3053535,4995,,33,1.79769313486232E+308,TRAIL,SELL,2.3,0,27.86,,False,GTC,,
OBNK,DU3053535,4994,,33,1.79769313486232E+308,LMT,SELL,0,35.9,36.9,,True,GTC,,
OBNK,DU3053535,4993,,33,1.79769313486232E+308,LMT,BUY,0,30.76,31.76,,True,GTC,,,20201228 09:30:00 EST, 317116247≥+30.15, 317116247≥+29836,margin ≥+20
CHSCO,DU3053535,4992,,34,1.79769313486232E+308,TRAIL,SELL,0.56,0,28.5,,False,GTC,,
CHSCO,DU3053535,4991,,34,1.79769313486232E+308,LMT,SELL,0,30.46,31.46,,True,GTC,,
CHSCO,DU3053535,4990,,34,1.79769313486232E+308,LMT,BUY,0,29.64,30.64,,True,GTC,,,20201228 09:30:00 EST, 135578719≥+29.06, 135578719≥+30945,margin ≥+20
AXTA,DU3053535,5005,,33,1.79769313486232E+308,LMT,BUY,0,30.59,31.59,,True,GTC,,,20201228 09:30:00 EST, 173253787≥+29.99, 173253787≥+438327,margin ≥+20
FITBI,DU3053535,5004,,33,1.79769313486232E+308,TRAIL,SELL,0.57,0,28.85,,False,GTC,,
FITBI,DU3053535,5003,,33,1.79769313486232E+308,LMT,SELL,0,30.86,31.86,,True,GTC,,
FITBI,DU3053535,5002,,33,1.79769313486232E+308,LMT,BUY,0,30.01,31.01,,True,GTC,,,20201228 09:30:00 EST, 140125011≥+29.43, 140125011≥+27455,margin ≥+20
SBGI,DU3053535,5001,,31,1.79769313486232E+308,TRAIL,SELL,2.81,0,29.18,,False,GTC,,
SBGI,DU3053535,5000,,31,1.79769313486232E+308,LMT,SELL,0,39,40,,True,GTC,,
SBGI,DU3053535,4999,,31,1.79769313486232E+308,LMT,BUY,0,32.63,33.63,,True,GTC,,,20201228 09:30:00 EST, 4817750≥+31.99, 4817750≥+599909,margin ≥+20
KBR,DU3053535,4998,,32,1.79769313486232E+308,TRAIL,SELL,1.6,0,28.99,,False,GTC,,
HCM,DU3053535,5013,,32,1.79769313486232E+308,TRAIL,SELL,2.1,0,28.78,,False,GTC,,
HCM,DU3053535,5012,,32,1.79769313486232E+308,LMT,SELL,0,36.15,37.15,,True,GTC,,
HCM,DU3053535,5011,,32,1.79769313486232E+308,LMT,BUY,0,31.51,32.51,,True,GTC,,,20201228 09:30:00 EST, 225588434≥+30.89, 225588434≥+38509,margin ≥+20
CCC,DU3053535,5010,,31,1.79769313486232E+308,TRAIL,SELL,1.55,0,29.91,,False,GTC,,
CCC,DU3053535,5009,,31,1.79769313486232E+308,LMT,SELL,0,35.34,36.34,,True,GTC,,
CCC,DU3053535,5008,,31,1.79769313486232E+308,LMT,BUY,0,32.09,33.09,,True,GTC,,,20201228 09:30:00 EST, 365792551≥+31.46, 365792551≥+152218,margin ≥+20
AXTA,DU3053535,5007,,33,1.79769313486232E+308,TRAIL,SELL,1.29,0,28.71,,False,GTC,,
AXTA,DU3053535,5006,,33,1.79769313486232E+308,LMT,SELL,0,33.21,34.21,,True,GTC,,
ILF,DU3053535,5021,,32,1.79769313486232E+308,LMT,SELL,0,33.93,34.93,,True,GTC,,
ILF,DU3053535,5020,,32,1.79769313486232E+308,LMT,BUY,0,31.23,32.23,,True,GTC,,,20201228 09:30:00 EST, 13648820≥+30.61, 13648820≥+348873,margin ≥+20
EWI,DU3053535,5019,,33,1.79769313486232E+308,TRAIL,SELL,0.81,0,29.16,,False,GTC,,
EWI,DU3053535,5018,,33,1.79769313486232E+308,LMT,SELL,0,31.99,32.99,,True,GTC,,
EWI,DU3053535,5017,,33,1.79769313486232E+308,LMT,BUY,0,30.57,31.57,,True,GTC,,,20201228 09:30:00 EST, 253190540≥+29.97, 253190540≥+192164,margin ≥+20
BGS,DU3053535,5016,,31,1.79769313486232E+308,TRAIL,SELL,1.61,0,29.83,,False,GTC,,
BGS,DU3053535,5015,,31,1.79769313486232E+308,LMT,SELL,0,35.48,36.48,,True,GTC,,
BGS,DU3053535,5014,,31,1.79769313486232E+308,LMT,BUY,0,32.07,33.07,,True,GTC,,,20201228 09:30:00 EST, 44216351≥+31.45, 44216351≥+496473,margin ≥+20
FOXA,DU3053535,4965,,33,1.79769313486232E+308,TRAIL,SELL,1.66,0,28.39,,False,GTC,,
FOXA,DU3053535,4964,,33,1.79769313486232E+308,LMT,SELL,0,34.19,35.19,,True,GTC,,
FOXA,DU3053535,4963,,33,1.79769313486232E+308,LMT,BUY,0,30.65,31.65,,True,GTC,,,20201228 09:30:00 EST, 356858008≥+30.04, 356858008≥+1596127,margin ≥+20
CHL,DU3053535,4962,,33,1.79769313486232E+308,TRAIL,SELL,1.25,0,28.54,,False,GTC,,
CHL,DU3053535,4961,,33,1.79769313486232E+308,LMT,SELL,0,32.92,33.92,,True,GTC,,
CHL,DU3053535,4960,,33,1.79769313486232E+308,LMT,BUY,0,30.39,31.39,,True,GTC,,,20201228 09:30:00 EST, 5022638≥+29.79, 5022638≥+237164,margin ≥+20
BXMT,DU3053535,4959,,33,1.79769313486232E+308,TRAIL,SELL,1.62,0,28.2,,False,GTC,,
BXMT,DU3053535,4958,,33,1.79769313486232E+308,LMT,SELL,0,33.87,34.87,,True,GTC,,
BAC,DU3053535,4973,,32,1.79769313486232E+308,LMT,SELL,0,35.35,36.35,,True,GTC,,
BAC,DU3053535,4972,,32,1.79769313486232E+308,LMT,BUY,0,31.56,32.56,,True,GTC,,,20201228 09:30:00 EST, 10098≥+30.94, 10098≥+12760564,margin ≥+20
KOP,DU3053535,4971,,32,1.79769313486232E+308,TRAIL,SELL,2.51,0,28.16,,False,GTC,,
KOP,DU3053535,4970,,32,1.79769313486232E+308,LMT,SELL,0,36.95,37.95,,True,GTC,,
KOP,DU3053535,4969,,32,1.79769313486232E+308,LMT,BUY,0,31.29,32.29,,True,GTC,,,20201228 09:30:00 EST, 37655662≥+30.67, 37655662≥+155945,margin ≥+20
XLF,DU3053535,4968,,33,1.79769313486232E+308,TRAIL,SELL,1.32,0,28.69,,False,GTC,,
XLF,DU3053535,4967,,33,1.79769313486232E+308,LMT,SELL,0,33.33,34.33,,True,GTC,,
XLF,DU3053535,4966,,33,1.79769313486232E+308,LMT,BUY,0,30.62,31.62,,True,GTC,,,20201228 09:30:00 EST, 4215220≥+30.02, 4215220≥+8092655,margin ≥+20
SP,DU3053535,4981,,31,1.79769313486232E+308,LMT,BUY,0,32.04,33.04,,True,GTC,,,20201228 09:30:00 EST, 139457850≥+31.41, 139457850≥+36236,margin ≥+20
HSII,DU3053535,4980,,32,1.79769313486232E+308,TRAIL,SELL,1.79,0,28.67,,False,GTC,,
HSII,DU3053535,4979,,32,1.79769313486232E+308,LMT,SELL,0,34.94,35.94,,True,GTC,,
HSII,DU3053535,4978,,32,1.79769313486232E+308,LMT,BUY,0,31.07,32.07,,True,GTC,,,20201228 09:30:00 EST, 6857640≥+30.46, 6857640≥+48473,margin ≥+20
EPI,DU3053535,4977,,34,1.79769313486232E+308,TRAIL,SELL,0.89,0,28.32,,False,GTC,,
EPI,DU3053535,4976,,34,1.79769313486232E+308,LMT,SELL,0,31.43,32.43,,True,GTC,,
EPI,DU3053535,4975,,34,1.79769313486232E+308,LMT,BUY,0,29.79,30.79,,True,GTC,,,20201228 09:30:00 EST, 49284274≥+29.21, 49284274≥+48364,margin ≥+20
BAC,DU3053535,4974,,32,1.79769313486232E+308,TRAIL,SELL,1.76,0,29.18,,False,GTC,,
CWEN A,DU3053535,4989,,32,1.79769313486232E+308,TRAIL,SELL,1.61,0,29.46,,False,GTC,,
CWEN A,DU3053535,4988,,32,1.79769313486232E+308,LMT,SELL,0,35.1,36.1,,True,GTC,,
CWEN A,DU3053535,4987,,32,1.79769313486232E+308,LMT,BUY,0,31.7,32.7,,True,GTC,,,20201228 09:30:00 EST, 332126688≥+31.07, 332126688≥+151818,margin ≥+20
COOP,DU3053535,4986,,31,1.79769313486232E+308,TRAIL,SELL,2.23,0,29.37,,False,GTC,,
COOP,DU3053535,4985,,31,1.79769313486232E+308,LMT,SELL,0,37.19,38.19,,True,GTC,,
COOP,DU3053535,4984,,31,1.79769313486232E+308,LMT,BUY,0,32.24,33.24,,True,GTC,,,20201228 09:30:00 EST, 336750583≥+31.61, 336750583≥+465055,margin ≥+20
SP,DU3053535,4983,,31,1.79769313486232E+308,TRAIL,SELL,2.67,0,28.74,,False,GTC,,
SP,DU3053535,4982,,31,1.79769313486232E+308,LMT,SELL,0,38.09,39.09,,True,GTC,,
PING,DU3053535,4805,,32,1.79769313486232E+308,LMT,SELL,0,37.95,38.95,,True,GTC,,
PING,DU3053535,4804,,32,1.79769313486232E+308,LMT,BUY,0,31.52,32.52,,True,GTC,,,20201228 09:30:00 EST, 383620776≥+30.9, 383620776≥+292400,margin ≥+20
PBA,DU3053535,4803,,36,1.79769313486232E+308,TRAIL,SELL,1.63,0,25.51,,False,GTC,,
PBA,DU3053535,4802,,36,1.79769313486232E+308,LMT,SELL,0,31.21,32.21,,True,GTC,,
PBA,DU3053535,4801,,36,1.79769313486232E+308,LMT,BUY,0,27.68,28.68,,True,GTC,,,20201228 09:30:00 EST, 105094305≥+27.14, 105094305≥+49764,margin ≥+20
HCSG,DU3053535,4800,,35,1.79769313486232E+308,TRAIL,SELL,1.61,0,26.27,,False,GTC,,
HCSG,DU3053535,4799,,35,1.79769313486232E+308,LMT,SELL,0,31.89,32.89,,True,GTC,,
HCSG,DU3053535,4798,,35,1.79769313486232E+308,LMT,BUY,0,28.43,29.43,,True,GTC,,,20201228 09:30:00 EST, 270058≥+27.87, 270058≥+326764,margin ≥+20
MFEM,DU3053535,4813,,36,1.79769313486232E+308,LMT,BUY,0,27.72,28.72,,True,GTC,,,20201228 09:30:00 EST, 288231294≥+27.18, 288231294≥+28455,margin ≥+20
CLOU,DU3053535,4812,,34,1.79769313486232E+308,TRAIL,SELL,1.5,0,27.57,,False,GTC,,
CLOU,DU3053535,4811,,34,1.79769313486232E+308,LMT,SELL,0,32.81,33.81,,True,GTC,,
CLOU,DU3053535,4810,,34,1.79769313486232E+308,LMT,BUY,0,29.65,30.65,,True,GTC,,,20201228 09:30:00 EST, 360975905≥+29.07, 360975905≥+171909,margin ≥+20
EQC,DU3053535,4809,,36,1.79769313486232E+308,TRAIL,SELL,0.67,0,26.45,,False,GTC,,
EQC,DU3053535,4808,,36,1.79769313486232E+308,LMT,SELL,0,28.79,29.79,,True,GTC,,
EQC,DU3053535,4807,,36,1.79769313486232E+308,LMT,BUY,0,27.66,28.66,,True,GTC,,,20201228 09:30:00 EST, 162225735≥+27.11, 162225735≥+327727,margin ≥+20
PING,DU3053535,4806,,32,1.79769313486232E+308,TRAIL,SELL,2.82,0,28.08,,False,GTC,,
AIQ,DU3053535,4821,,36,1.79769313486232E+308,TRAIL,SELL,0.67,0,26.91,,False,GTC,,
AIQ,DU3053535,4820,,36,1.79769313486232E+308,LMT,SELL,0,29.25,30.25,,True,GTC,,
AIQ,DU3053535,4819,,36,1.79769313486232E+308,LMT,BUY,0,28.13,29.13,,True,GTC,,,20201228 09:30:00 EST, 317792273≥+27.58, 317792273≥+64200,margin ≥+20
HTH,DU3053535,4818,,35,1.79769313486232E+308,TRAIL,SELL,1.48,0,26.73,,False,GTC,,
HTH,DU3053535,4817,,35,1.79769313486232E+308,LMT,SELL,0,31.9,32.9,,True,GTC,,
HTH,DU3053535,4816,,35,1.79769313486232E+308,LMT,BUY,0,28.77,29.77,,True,GTC,,,20201228 09:30:00 EST, 45529420≥+28.2, 45529420≥+112327,margin ≥+20
MFEM,DU3053535,4815,,36,1.79769313486232E+308,TRAIL,SELL,0.59,0,26.59,,False,GTC,,
MFEM,DU3053535,4814,,36,1.79769313486232E+308,LMT,SELL,0,28.65,29.65,,True,GTC,,
HTA,DU3053535,4829,,35,1.79769313486232E+308,LMT,SELL,0,31.37,32.37,,True,GTC,,
HTA,DU3053535,4828,,35,1.79769313486232E+308,LMT,BUY,0,28.78,29.78,,True,GTC,,,20201228 09:30:00 EST, 175833028≥+28.22, 175833028≥+710600,margin ≥+20
ZTO,DU3053535,4827,,33,1.79769313486232E+308,TRAIL,SELL,1.9,0,27.77,,False,GTC,,
ZTO,DU3053535,4826,,33,1.79769313486232E+308,LMT,SELL,0,34.42,35.42,,True,GTC,,
ZTO,DU3053535,4825,,33,1.79769313486232E+308,LMT,BUY,0,30.27,31.27,,True,GTC,,,20201228 09:30:00 EST, 253210632≥+29.67, 253210632≥+708545,margin ≥+20
NTCT,DU3053535,4824,,34,1.79769313486232E+308,TRAIL,SELL,1.76,0,26.86,,False,GTC,,
NTCT,DU3053535,4823,,34,1.79769313486232E+308,LMT,SELL,0,33.02,34.02,,True,GTC,,
NTCT,DU3053535,4822,,34,1.79769313486232E+308,LMT,BUY,0,29.19,30.19,,True,GTC,,,20201228 09:30:00 EST, 6525674≥+28.62, 6525674≥+299618,margin ≥+20
AMER,DU3053535,4773,,37,1.79769313486232E+308,TRAIL,SELL,0.9,0,25.81,,False,GTC,,
AMER,DU3053535,4772,,37,1.79769313486232E+308,LMT,SELL,0,28.98,29.98,,True,GTC,,
AMER,DU3053535,4771,,37,1.79769313486232E+308,LMT,BUY,0,27.25,28.25,,True,GTC,,,20201228 09:30:00 EST, 450042692≥+26.72, 450042692≥+27291,margin ≥+20
SEM,DU3053535,4770,,35,1.79769313486232E+308,TRAIL,SELL,1.64,0,26.41,,False,GTC,,
SEM,DU3053535,4769,,35,1.79769313486232E+308,LMT,SELL,0,32.15,33.15,,True,GTC,,
SEM,DU3053535,4768,,35,1.79769313486232E+308,LMT,BUY,0,28.61,29.61,,True,GTC,,,20201228 09:30:00 EST, 69114941≥+28.05, 69114941≥+228945,margin ≥+20
VRP,DU3053535,4767,,37,1.79769313486232E+308,TRAIL,SELL,0.45,0,25.9,,False,GTC,,
VRP,DU3053535,4766,,37,1.79769313486232E+308,LMT,SELL,0,27.46,28.46,,True,GTC,,
FDP,DU3053535,4781,,37,1.79769313486232E+308,LMT,SELL,0,30.51,31.51,,True,GTC,,
FDP,DU3053535,4780,,37,1.79769313486232E+308,LMT,BUY,0,27.36,28.36,,True,GTC,,,20201228 09:30:00 EST, 6478290≥+26.82, 6478290≥+151855,margin ≥+20
VICI,DU3053535,4779,,36,1.79769313486232E+308,TRAIL,SELL,1.45,0,25.87,,False,GTC,,
VICI,DU3053535,4778,,36,1.79769313486232E+308,LMT,SELL,0,30.94,31.94,,True,GTC,,
VICI,DU3053535,4777,,36,1.79769313486232E+308,LMT,BUY,0,27.87,28.87,,True,GTC,,,20201228 09:30:00 EST, 292080616≥+27.32, 292080616≥+2401291,margin ≥+20
DNB,DU3053535,4776,,35,1.79769313486232E+308,TRAIL,SELL,1.76,0,26.58,,False,GTC,,
DNB,DU3053535,4775,,35,1.79769313486232E+308,LMT,SELL,0,32.75,33.75,,True,GTC,,
DNB,DU3053535,4774,,35,1.79769313486232E+308,LMT,BUY,0,28.91,29.91,,True,GTC,,,20201228 09:30:00 EST, 430360593≥+28.34, 430360593≥+463945,margin ≥+20
CHUY,DU3053535,4789,,34,1.79769313486232E+308,LMT,BUY,0,29.27,30.27,,True,GTC,,,20201228 09:30:00 EST, 111254042≥+28.7, 111254042≥+106327,margin ≥+20
JYNT,DU3053535,4788,,35,1.79769313486232E+308,TRAIL,SELL,2.13,0,26.13,,False,GTC,,
JYNT,DU3053535,4787,,35,1.79769313486232E+308,LMT,SELL,0,33.57,34.57,,True,GTC,,
JYNT,DU3053535,4786,,35,1.79769313486232E+308,LMT,BUY,0,28.82,29.82,,True,GTC,,,20201228 09:30:00 EST, 173148149≥+28.25, 173148149≥+29691,margin ≥+20
TVTX,DU3053535,4785,,34,1.79769313486232E+308,TRAIL,SELL,2.54,0,26.73,,False,GTC,,
TVTX,DU3053535,4784,,34,1.79769313486232E+308,LMT,SELL,0,35.62,36.62,,True,GTC,,
TVTX,DU3053535,4783,,34,1.79769313486232E+308,LMT,BUY,0,29.86,30.86,,True,GTC,,,20201228 09:30:00 EST, 455946293≥+29.27, 455946293≥+251255,margin ≥+20
FDP,DU3053535,4782,,37,1.79769313486232E+308,TRAIL,SELL,1.47,0,25.35,,False,GTC,,
CORT,DU3053535,4797,,35,1.79769313486232E+308,TRAIL,SELL,1.96,0,26.32,,False,GTC,,
CORT,DU3053535,4796,,35,1.79769313486232E+308,LMT,SELL,0,33.2,34.2,,True,GTC,,
CORT,DU3053535,4795,,35,1.79769313486232E+308,LMT,BUY,0,28.85,29.85,,True,GTC,,,20201228 09:30:00 EST, 28565190≥+28.29, 28565190≥+322400,margin ≥+20
BBEU,DU3053535,4794,,37,1.79769313486232E+308,TRAIL,SELL,0.64,0,26.05,,False,GTC,,
BBEU,DU3053535,4793,,37,1.79769313486232E+308,LMT,SELL,0,28.3,29.3,,True,GTC,,
BBEU,DU3053535,4792,,37,1.79769313486232E+308,LMT,BUY,0,27.22,28.22,,True,GTC,,,20201228 09:30:00 EST, 321533901≥+26.69, 321533901≥+320382,margin ≥+20
CHUY,DU3053535,4791,,34,1.79769313486232E+308,TRAIL,SELL,2.39,0,26.31,,False,GTC,,
CHUY,DU3053535,4790,,34,1.79769313486232E+308,LMT,SELL,0,34.67,35.67,,True,GTC,,
VCEL,DU3053535,4869,,33,1.79769313486232E+308,TRAIL,SELL,2.51,0,27.36,,False,GTC,,
VCEL,DU3053535,4868,,33,1.79769313486232E+308,LMT,SELL,0,36.16,37.16,,True,GTC,,
VCEL,DU3053535,4867,,33,1.79769313486232E+308,LMT,BUY,0,30.47,31.47,,True,GTC,,,20201228 09:30:00 EST, 174968098≥+29.87, 174968098≥+711491,margin ≥+20
AUDC,DU3053535,4866,,33,1.79769313486232E+308,TRAIL,SELL,2.04,0,27.69,,False,GTC,,
AUDC,DU3053535,4865,,33,1.79769313486232E+308,LMT,SELL,0,34.83,35.83,,True,GTC,,
AUDC,DU3053535,4864,,33,1.79769313486232E+308,LMT,BUY,0,30.32,31.32,,True,GTC,,,20201228 09:30:00 EST, 6324655≥+29.73, 6324655≥+22145,margin ≥+20
SGRY,DU3053535,4863,,32,1.79769313486232E+308,TRAIL,SELL,2.7,0,27.76,,False,GTC,,
SGRY,DU3053535,4862,,32,1.79769313486232E+308,LMT,SELL,0,37.22,38.22,,True,GTC,,
ABB,DU3053535,4877,,35,1.79769313486232E+308,LMT,SELL,0,30.77,31.77,,True,GTC,,
ABB,DU3053535,4876,,35,1.79769313486232E+308,LMT,BUY,0,28.76,29.76,,True,GTC,,,20201228 09:30:00 EST, 11962137≥+28.19, 11962137≥+116073,margin ≥+20
HVT,DU3053535,4875,,32,1.79769313486232E+308,TRAIL,SELL,2.62,0,27.69,,False,GTC,,
HVT,DU3053535,4874,,32,1.79769313486232E+308,LMT,SELL,0,36.84,37.84,,True,GTC,,
HVT,DU3053535,4873,,32,1.79769313486232E+308,LMT,BUY,0,30.91,31.91,,True,GTC,,,20201228 09:30:00 EST, 270015≥+30.3, 270015≥+119109,margin ≥+20
CC,DU3053535,4872,,34,1.79769313486232E+308,TRAIL,SELL,2.06,0,26.88,,False,GTC,,
CC,DU3053535,4871,,34,1.79769313486232E+308,LMT,SELL,0,34.1,35.1,,True,GTC,,
CC,DU3053535,4870,,34,1.79769313486232E+308,LMT,BUY,0,29.52,30.52,,True,GTC,,,20201228 09:30:00 EST, 196682709≥+28.94, 196682709≥+509782,margin ≥+20
GFL,DU3053535,4885,,33,1.79769313486232E+308,LMT,BUY,0,30.32,31.32,,True,GTC,,,20201228 09:30:00 EST, 406766975≥+29.72, 406766975≥+173055,margin ≥+20
VAPO,DU3053535,4884,,33,1.79769313486232E+308,TRAIL,SELL,2.68,0,27.59,,False,GTC,,
VAPO,DU3053535,4883,,33,1.79769313486232E+308,LMT,SELL,0,36.98,37.98,,True,GTC,,
VAPO,DU3053535,4882,,33,1.79769313486232E+308,LMT,BUY,0,30.88,31.88,,True,GTC,,,20201228 09:30:00 EST, 341382608≥+30.28, 341382608≥+60691,margin ≥+20
BBCA,DU3053535,4881,,35,1.79769313486232E+308,TRAIL,SELL,0.66,0,27.13,,False,GTC,,
BBCA,DU3053535,4880,,35,1.79769313486232E+308,LMT,SELL,0,29.44,30.44,,True,GTC,,
BBCA,DU3053535,4879,,35,1.79769313486232E+308,LMT,BUY,0,28.35,29.35,,True,GTC,,,20201228 09:30:00 EST, 328860323≥+27.79, 328860323≥+58655,margin ≥+20
ABB,DU3053535,4878,,35,1.79769313486232E+308,TRAIL,SELL,1.03,0,27.17,,False,GTC,,
BHE,DU3053535,4893,,35,1.79769313486232E+308,TRAIL,SELL,1.61,0,26.67,,False,GTC,,
BHE,DU3053535,4892,,35,1.79769313486232E+308,LMT,SELL,0,32.31,33.31,,True,GTC,,
BHE,DU3053535,4891,,35,1.79769313486232E+308,LMT,BUY,0,28.85,29.85,,True,GTC,,,20201228 09:30:00 EST, 3141362≥+28.28, 3141362≥+199964,margin ≥+20
ETNB,DU3053535,4890,,33,1.79769313486232E+308,TRAIL,SELL,2.7,0,26.75,,False,GTC,,
ETNB,DU3053535,4889,,33,1.79769313486232E+308,LMT,SELL,0,36.19,37.19,,True,GTC,,
ETNB,DU3053535,4888,,33,1.79769313486232E+308,LMT,BUY,0,30.03,31.03,,True,GTC,,,20201228 09:30:00 EST, 391048326≥+29.45, 391048326≥+75418,margin ≥+20
GFL,DU3053535,4887,,33,1.79769313486232E+308,TRAIL,SELL,2.16,0,27.57,,False,GTC,,
GFL,DU3053535,4886,,33,1.79769313486232E+308,LMT,SELL,0,35.12,36.12,,True,GTC,,
HWM,DU3053535,4837,,34,1.79769313486232E+308,LMT,BUY,0,29.36,30.36,,True,GTC,,,20201228 09:30:00 EST, 403121976≥+28.78, 403121976≥+1435891,margin ≥+20
BBAX,DU3053535,4836,,36,1.79769313486232E+308,TRAIL,SELL,0.62,0,26.84,,False,GTC,,
BBAX,DU3053535,4835,,36,1.79769313486232E+308,LMT,SELL,0,29.01,30.01,,True,GTC,,
BBAX,DU3053535,4834,,36,1.79769313486232E+308,LMT,BUY,0,28.01,29.01,,True,GTC,,,20201228 09:30:00 EST, 328860326≥+27.46, 328860326≥+97745,margin ≥+20
SJNK,DU3053535,4833,,37,1.79769313486232E+308,TRAIL,SELL,0.19,0,26.79,,False,GTC,,
SJNK,DU3053535,4832,,37,1.79769313486232E+308,LMT,SELL,0,27.45,28.45,,True,GTC,,
SJNK,DU3053535,4831,,37,1.79769313486232E+308,LMT,BUY,0,27.52,28.52,,True,GTC,,,20201228 09:30:00 EST, 104158269≥+26.98, 104158269≥+37891,margin ≥+20
HTA,DU3053535,4830,,35,1.79769313486232E+308,TRAIL,SELL,1.26,0,26.95,,False,GTC,,
COWN,DU3053535,4845,,35,1.79769313486232E+308,TRAIL,SELL,1.97,0,26.57,,False,GTC,,
COWN,DU3053535,4844,,35,1.79769313486232E+308,LMT,SELL,0,33.48,34.48,,True,GTC,,
COWN,DU3053535,4843,,35,1.79769313486232E+308,LMT,BUY,0,29.12,30.12,,True,GTC,,,20201228 09:30:00 EST, 257771198≥+28.54, 257771198≥+111036,margin ≥+20
HSBC,DU3053535,4842,,35,1.79769313486232E+308,TRAIL,SELL,1.59,0,26.37,,False,GTC,,
HSBC,DU3053535,4841,,35,1.79769313486232E+308,LMT,SELL,0,31.93,32.93,,True,GTC,,
HSBC,DU3053535,4840,,35,1.79769313486232E+308,LMT,BUY,0,28.52,29.52,,True,GTC,,,20201228 09:30:00 EST, 4875668≥+27.96, 4875668≥+339727,margin ≥+20
HWM,DU3053535,4839,,34,1.79769313486232E+308,TRAIL,SELL,1.95,0,26.83,,False,GTC,,
HWM,DU3053535,4838,,34,1.79769313486232E+308,LMT,SELL,0,33.66,34.66,,True,GTC,,
SCHL,DU3053535,4853,,36,1.79769313486232E+308,LMT,SELL,0,33.41,34.41,,True,GTC,,
SCHL,DU3053535,4852,,36,1.79769313486232E+308,LMT,BUY,0,27.9,28.9,,True,GTC,,,20201228 09:30:00 EST, 274128≥+27.36, 274128≥+94109,margin ≥+20
OFC,DU3053535,4851,,36,1.79769313486232E+308,TRAIL,SELL,1.34,0,26.01,,False,GTC,,
OFC,DU3053535,4850,,36,1.79769313486232E+308,LMT,SELL,0,30.7,31.7,,True,GTC,,
OFC,DU3053535,4849,,36,1.79769313486232E+308,LMT,BUY,0,27.89,28.89,,True,GTC,,,20201228 09:30:00 EST, 6607758≥+27.35, 6607758≥+329618,margin ≥+20
URBN,DU3053535,4848,,34,1.79769313486232E+308,TRAIL,SELL,2.2,0,26.72,,False,GTC,,
URBN,DU3053535,4847,,34,1.79769313486232E+308,LMT,SELL,0,34.43,35.43,,True,GTC,,
URBN,DU3053535,4846,,34,1.79769313486232E+308,LMT,BUY,0,29.5,30.5,,True,GTC,,,20201228 09:30:00 EST, 275527≥+28.92, 275527≥+266782,margin ≥+20
SGRY,DU3053535,4861,,32,1.79769313486232E+308,LMT,BUY,0,31.07,32.07,,True,GTC,,,20201228 09:30:00 EST, 208523102≥+30.46, 208523102≥+68782,margin ≥+20
FITB,DU3053535,4860,,34,1.79769313486232E+308,TRAIL,SELL,1.75,0,27.24,,False,GTC,,
FITB,DU3053535,4859,,34,1.79769313486232E+308,LMT,SELL,0,33.38,34.38,,True,GTC,,
FITB,DU3053535,4858,,34,1.79769313486232E+308,LMT,BUY,0,29.57,30.57,,True,GTC,,,20201228 09:30:00 EST, 269318≥+28.99, 269318≥+1647982,margin ≥+20
PEBO,DU3053535,4857,,35,1.79769313486232E+308,TRAIL,SELL,1.61,0,26.79,,False,GTC,,
PEBO,DU3053535,4856,,35,1.79769313486232E+308,LMT,SELL,0,32.42,33.42,,True,GTC,,
PEBO,DU3053535,4855,,35,1.79769313486232E+308,LMT,BUY,0,28.97,29.97,,True,GTC,,,20201228 09:30:00 EST, 3655799≥+28.4, 3655799≥+29855,margin ≥+20
SCHL,DU3053535,4854,,36,1.79769313486232E+308,TRAIL,SELL,2.42,0,24.93,,False,GTC,,
OPI,DU3053535,4677,,39,1.79769313486232E+308,TRAIL,SELL,1.6,0,23.41,,False,GTC,,
OPI,DU3053535,4676,,39,1.79769313486232E+308,LMT,SELL,0,29.02,30.02,,True,GTC,,
OPI,DU3053535,4675,,39,1.79769313486232E+308,LMT,BUY,0,25.51,26.51,,True,GTC,,,20201228 09:30:00 EST, 348182712≥+25.01, 348182712≥+168964,margin ≥+20
KTOS,DU3053535,4674,,36,1.79769313486232E+308,TRAIL,SELL,2.17,0,25.04,,False,GTC,,
KTOS,DU3053535,4673,,36,1.79769313486232E+308,LMT,SELL,0,32.65,33.65,,True,GTC,,
KTOS,DU3053535,4672,,36,1.79769313486232E+308,LMT,BUY,0,27.76,28.76,,True,GTC,,,20201228 09:30:00 EST, 68492173≥+27.21, 68492173≥+369436,margin ≥+20
BRBR,DU3053535,4671,,38,1.79769313486232E+308,TRAIL,SELL,1.76,0,24.51,,False,GTC,,
BRBR,DU3053535,4670,,38,1.79769313486232E+308,LMT,SELL,0,30.66,31.66,,True,GTC,,
RPAY,DU3053535,4685,,35,1.79769313486232E+308,LMT,SELL,0,34.05,35.05,,True,GTC,,
RPAY,DU3053535,4684,,35,1.79769313486232E+308,LMT,BUY,0,28.6,29.6,,True,GTC,,,20201228 09:30:00 EST, 374554989≥+28.04, 374554989≥+195709,margin ≥+20
BEN,DU3053535,4683,,38,1.79769313486232E+308,TRAIL,SELL,1.47,0,24.7,,False,GTC,,
BEN,DU3053535,4682,,38,1.79769313486232E+308,LMT,SELL,0,29.84,30.84,,True,GTC,,
BEN,DU3053535,4681,,38,1.79769313486232E+308,LMT,BUY,0,26.69,27.69,,True,GTC,,,20201228 09:30:00 EST, 4906≥+26.17, 4906≥+1510382,margin ≥+20
NOMD,DU3053535,4680,,38,1.79769313486232E+308,TRAIL,SELL,1.04,0,25.04,,False,GTC,,
NOMD,DU3053535,4679,,38,1.79769313486232E+308,LMT,SELL,0,28.68,29.68,,True,GTC,,
NOMD,DU3053535,4678,,38,1.79769313486232E+308,LMT,BUY,0,26.61,27.61,,True,GTC,,,20201228 09:30:00 EST, 217509716≥+26.08, 217509716≥+361145,margin ≥+20
BDGE,DU3053535,4693,,37,1.79769313486232E+308,LMT,BUY,0,26.98,27.98,,True,GTC,,,20201228 09:30:00 EST, 30208426≥+26.45, 30208426≥+28309,margin ≥+20
RRR,DU3053535,4692,,37,1.79769313486232E+308,TRAIL,SELL,2.32,0,24.66,,False,GTC,,
RRR,DU3053535,4691,,37,1.79769313486232E+308,LMT,SELL,0,32.79,33.79,,True,GTC,,
RRR,DU3053535,4690,,37,1.79769313486232E+308,LMT,BUY,0,27.52,28.52,,True,GTC,,,20201228 09:30:00 EST, 231354124≥+26.99, 231354124≥+229800,margin ≥+20
VBTX,DU3053535,4689,,37,1.79769313486232E+308,TRAIL,SELL,1.65,0,24.66,,False,GTC,,
VBTX,DU3053535,4688,,37,1.79769313486232E+308,LMT,SELL,0,30.45,31.45,,True,GTC,,
VBTX,DU3053535,4687,,37,1.79769313486232E+308,LMT,BUY,0,26.84,27.84,,True,GTC,,,20201228 09:30:00 EST, 169694346≥+26.32, 169694346≥+241636,margin ≥+20
RPAY,DU3053535,4686,,35,1.79769313486232E+308,TRAIL,SELL,2.41,0,25.63,,False,GTC,,
SKM,DU3053535,4701,,39,1.79769313486232E+308,TRAIL,SELL,0.71,0,24.75,,False,GTC,,
SKM,DU3053535,4700,,39,1.79769313486232E+308,LMT,SELL,0,27.25,28.25,,True,GTC,,
SKM,DU3053535,4699,,39,1.79769313486232E+308,LMT,BUY,0,25.98,26.98,,True,GTC,,,20201228 09:30:00 EST, 2730929≥+25.47, 2730929≥+154436,margin ≥+20
BATRA,DU3053535,4698,,36,1.79769313486232E+308,TRAIL,SELL,1.72,0,25.43,,False,GTC,,
BATRA,DU3053535,4697,,36,1.79769313486232E+308,LMT,SELL,0,31.45,32.45,,True,GTC,,
BATRA,DU3053535,4696,,36,1.79769313486232E+308,LMT,BUY,0,27.69,28.69,,True,GTC,,,20201228 09:30:00 EST, 229709671≥+27.15, 229709671≥+22036,margin ≥+20
BDGE,DU3053535,4695,,37,1.79769313486232E+308,TRAIL,SELL,1.99,0,24.46,,False,GTC,,
BDGE,DU3053535,4694,,37,1.79769313486232E+308,LMT,SELL,0,31.43,32.43,,True,GTC,,
LBTYK,DU3053535,4645,,39,1.79769313486232E+308,LMT,BUY,0,25.72,26.72,,True,GTC,,,20201228 09:30:00 EST, 129050281≥+25.22, 129050281≥+1876473,margin ≥+20
HFWA,DU3053535,4644,,40,1.79769313486232E+308,TRAIL,SELL,1.44,0,23.36,,False,GTC,,
HFWA,DU3053535,4643,,40,1.79769313486232E+308,LMT,SELL,0,28.39,29.39,,True,GTC,,
HFWA,DU3053535,4642,,40,1.79769313486232E+308,LMT,BUY,0,25.29,26.29,,True,GTC,,,20201228 09:30:00 EST, 4812798≥+24.79, 4812798≥+83982,margin ≥+20
FLWS,DU3053535,4641,,36,1.79769313486232E+308,TRAIL,SELL,2.31,0,24.91,,False,GTC,,
FLWS,DU3053535,4640,,36,1.79769313486232E+308,LMT,SELL,0,32.98,33.98,,True,GTC,,
FLWS,DU3053535,4639,,36,1.79769313486232E+308,LMT,BUY,0,27.76,28.76,,True,GTC,,,20201228 09:30:00 EST, 6196030≥+27.22, 6196030≥+170636,margin ≥+20
ILPT,DU3053535,4638,,41,1.79769313486232E+308,TRAIL,SELL,1.22,0,23.17,,False,GTC,,
IPG,DU3053535,4653,,39,1.79769313486232E+308,TRAIL,SELL,1.3,0,23.72,,False,GTC,,
IPG,DU3053535,4652,,39,1.79769313486232E+308,LMT,SELL,0,28.27,29.27,,True,GTC,,
IPG,DU3053535,4651,,39,1.79769313486232E+308,LMT,BUY,0,25.52,26.52,,True,GTC,,,20201228 09:30:00 EST, 8514≥+25.02, 8514≥+1551891,margin ≥+20
TLK,DU3053535,4650,,39,1.79769313486232E+308,TRAIL,SELL,1.26,0,23.91,,False,GTC,,
TLK,DU3053535,4649,,39,1.79769313486232E+308,LMT,SELL,0,28.33,29.33,,True,GTC,,
TLK,DU3053535,4648,,39,1.79769313486232E+308,LMT,BUY,0,25.68,26.68,,True,GTC,,,20201228 09:30:00 EST, 1448481≥+25.17, 1448481≥+27982,margin ≥+20
LBTYK,DU3053535,4647,,39,1.79769313486232E+308,TRAIL,SELL,1.49,0,23.72,,False,GTC,,
LBTYK,DU3053535,4646,,39,1.79769313486232E+308,LMT,SELL,0,28.95,29.95,,True,GTC,,
IIIN,DU3053535,4659,,39,1.79769313486232E+308,TRAIL,SELL,1.79,0,23.46,,False,GTC,,
IIIN,DU3053535,4658,,39,1.79769313486232E+308,LMT,SELL,0,29.72,30.72,,True,GTC,,
IIIN,DU3053535,4657,,39,1.79769313486232E+308,LMT,BUY,0,25.76,26.76,,True,GTC,,,20201228 09:30:00 EST, 8428≥+25.25, 8428≥+60673,margin ≥+20
AQUA,DU3053535,4656,,36,1.79769313486232E+308,TRAIL,SELL,2.54,0,25.09,,False,GTC,,
AQUA,DU3053535,4655,,36,1.79769313486232E+308,LMT,SELL,0,33.97,34.97,,True,GTC,,
AQUA,DU3053535,4654,,36,1.79769313486232E+308,LMT,BUY,0,28.18,29.18,,True,GTC,,,20201228 09:30:00 EST, 294649156≥+27.63, 294649156≥+322909,margin ≥+20
BRBR,DU3053535,4669,,38,1.79769313486232E+308,LMT,BUY,0,26.79,27.79,,True,GTC,,,20201228 09:30:00 EST, 387268611≥+26.27, 387268611≥+69491,margin ≥+20
BATRK,DU3053535,4668,,37,1.79769313486232E+308,TRAIL,SELL,1.75,0,25.17,,False,GTC,,
BATRK,DU3053535,4667,,37,1.79769313486232E+308,LMT,SELL,0,31.3,32.3,,True,GTC,,
BATRK,DU3053535,4666,,37,1.79769313486232E+308,LMT,BUY,0,27.46,28.46,,True,GTC,,,20201228 09:30:00 EST, 229711528≥+26.92, 229711528≥+51545,margin ≥+20
STBA,DU3053535,4665,,38,1.79769313486232E+308,TRAIL,SELL,1.66,0,23.99,,False,GTC,,
STBA,DU3053535,4664,,38,1.79769313486232E+308,LMT,SELL,0,29.82,30.82,,True,GTC,,
STBA,DU3053535,4663,,38,1.79769313486232E+308,LMT,BUY,0,26.17,27.17,,True,GTC,,,20201228 09:30:00 EST, 3655905≥+25.66, 3655905≥+143618,margin ≥+20
RDWR,DU3053535,4741,,36,1.79769313486232E+308,LMT,BUY,0,27.91,28.91,,True,GTC,,,20201228 09:30:00 EST, 6196995≥+27.37, 6196995≥+61800,margin ≥+20
HBANO,DU3053535,4740,,38,1.79769313486232E+308,TRAIL,SELL,0.15,0,25.74,,False,GTC,,
HBANO,DU3053535,4739,,38,1.79769313486232E+308,LMT,SELL,0,26.25,27.25,,True,GTC,,
HBANO,DU3053535,4738,,38,1.79769313486232E+308,LMT,BUY,0,26.4,27.4,,True,GTC,,,20201228 09:30:00 EST, 227561064≥+25.88, 227561064≥+27855,margin ≥+20
EVOP,DU3053535,4737,,34,1.79769313486232E+308,TRAIL,SELL,2.22,0,26.36,,False,GTC,,
EVOP,DU3053535,4736,,34,1.79769313486232E+308,LMT,SELL,0,34.15,35.15,,True,GTC,,
EVOP,DU3053535,4735,,34,1.79769313486232E+308,LMT,BUY,0,29.16,30.16,,True,GTC,,,20201228 09:30:00 EST, 319017581≥+28.59, 319017581≥+169873,margin ≥+20
EQH,DU3053535,4749,,37,1.79769313486232E+308,TRAIL,SELL,1.4,0,25.52,,False,GTC,,
EQH,DU3053535,4748,,37,1.79769313486232E+308,LMT,SELL,0,30.41,31.41,,True,GTC,,
EQH,DU3053535,4747,,37,1.79769313486232E+308,LMT,BUY,0,27.45,28.45,,True,GTC,,,20201228 09:30:00 EST, 398898580≥+26.91, 398898580≥+1422182,margin ≥+20
CBZ,DU3053535,4746,,37,1.79769313486232E+308,TRAIL,SELL,1.05,0,25.81,,False,GTC,,
CBZ,DU3053535,4745,,37,1.79769313486232E+308,LMT,SELL,0,29.49,30.49,,True,GTC,,
CBZ,DU3053535,4744,,37,1.79769313486232E+308,LMT,BUY,0,27.4,28.4,,True,GTC,,,20201228 09:30:00 EST, 4727679≥+26.86, 4727679≥+100727,margin ≥+20
RDWR,DU3053535,4743,,36,1.79769313486232E+308,TRAIL,SELL,1.28,0,26.09,,False,GTC,,
RDWR,DU3053535,4742,,36,1.79769313486232E+308,LMT,SELL,0,30.56,31.56,,True,GTC,,
HUN,DU3053535,4757,,36,1.79769313486232E+308,LMT,SELL,0,30.59,31.59,,True,GTC,,
HUN,DU3053535,4756,,36,1.79769313486232E+308,LMT,BUY,0,27.64,28.64,,True,GTC,,,20201228 09:30:00 EST, 33175911≥+27.1, 33175911≥+397200,margin ≥+20
HPP,DU3053535,4755,,37,1.79769313486232E+308,TRAIL,SELL,1.62,0,24.77,,False,GTC,,
HPP,DU3053535,4754,,37,1.79769313486232E+308,LMT,SELL,0,30.43,31.43,,True,GTC,,
HPP,DU3053535,4753,,37,1.79769313486232E+308,LMT,BUY,0,26.92,27.92,,True,GTC,,,20201228 09:30:00 EST, 76649551≥+26.39, 76649551≥+705164,margin ≥+20
UFCS,DU3053535,4752,,37,1.79769313486232E+308,TRAIL,SELL,2.22,0,24.69,,False,GTC,,
UFCS,DU3053535,4751,,37,1.79769313486232E+308,LMT,SELL,0,32.47,33.47,,True,GTC,,
UFCS,DU3053535,4750,,37,1.79769313486232E+308,LMT,BUY,0,27.45,28.45,,True,GTC,,,20201228 09:30:00 EST, 101780392≥+26.91, 101780392≥+79273,margin ≥+20
VRP,DU3053535,4765,,37,1.79769313486232E+308,LMT,BUY,0,26.87,27.87,,True,GTC,,,20201228 09:30:00 EST, 319359428≥+26.35, 319359428≥+27018,margin ≥+20
TRN,DU3053535,4764,,36,1.79769313486232E+308,TRAIL,SELL,1.62,0,25.94,,False,GTC,,
TRN,DU3053535,4763,,36,1.79769313486232E+308,LMT,SELL,0,31.62,32.62,,True,GTC,,
TRN,DU3053535,4762,,36,1.79769313486232E+308,LMT,BUY,0,28.12,29.12,,True,GTC,,,20201228 09:30:00 EST, 12974≥+27.56, 12974≥+393291,margin ≥+20
TMHC,DU3053535,4761,,34,1.79769313486232E+308,TRAIL,SELL,2.6,0,26.43,,False,GTC,,
TMHC,DU3053535,4760,,34,1.79769313486232E+308,LMT,SELL,0,35.55,36.55,,True,GTC,,
TMHC,DU3053535,4759,,34,1.79769313486232E+308,LMT,BUY,0,29.62,30.62,,True,GTC,,,20201228 09:30:00 EST, 125483759≥+29.04, 125483759≥+354927,margin ≥+20
HUN,DU3053535,4758,,36,1.79769313486232E+308,TRAIL,SELL,1.4,0,25.7,,False,GTC,,
MCFT,DU3053535,4709,,36,1.79769313486232E+308,LMT,SELL,0,33.9,34.9,,True,GTC,,
MCFT,DU3053535,4708,,36,1.79769313486232E+308,LMT,BUY,0,28.29,29.29,,True,GTC,,,20201228 09:30:00 EST, 342701470≥+27.74, 342701470≥+31455,margin ≥+20
RSX,DU3053535,4707,,39,1.79769313486232E+308,TRAIL,SELL,1.05,0,24.52,,False,GTC,,
RSX,DU3053535,4706,,39,1.79769313486232E+308,LMT,SELL,0,28.19,29.19,,True,GTC,,
RSX,DU3053535,4705,,39,1.79769313486232E+308,LMT,BUY,0,26.08,27.08,,True,GTC,,,20201228 09:30:00 EST, 229726228≥+25.57, 229726228≥+174255,margin ≥+20
VIPS,DU3053535,4704,,36,1.79769313486232E+308,TRAIL,SELL,2.36,0,25.34,,False,GTC,,
VIPS,DU3053535,4703,,36,1.79769313486232E+308,LMT,SELL,0,33.6,34.6,,True,GTC,,
VIPS,DU3053535,4702,,36,1.79769313486232E+308,LMT,BUY,0,28.25,29.25,,True,GTC,,,20201228 09:30:00 EST, 104863799≥+27.7, 104863799≥+5025491,margin ≥+20
LBTYA,DU3053535,4717,,38,1.79769313486232E+308,LMT,BUY,0,26.76,27.76,,True,GTC,,,20201228 09:30:00 EST, 129050290≥+26.23, 129050290≥+896200,margin ≥+20
WDR,DU3053535,4716,,38,1.79769313486232E+308,TRAIL,SELL,0.88,0,25.19,,False,GTC,,
WDR,DU3053535,4715,,38,1.79769313486232E+308,LMT,SELL,0,28.26,29.26,,True,GTC,,
WDR,DU3053535,4714,,38,1.79769313486232E+308,LMT,BUY,0,26.59,27.59,,True,GTC,,,20201228 09:30:00 EST, 6207365≥+26.06, 6207365≥+296291,margin ≥+20
EGOV,DU3053535,4713,,37,1.79769313486232E+308,TRAIL,SELL,1.43,0,25.45,,False,GTC,,
EGOV,DU3053535,4712,,37,1.79769313486232E+308,LMT,SELL,0,30.44,31.44,,True,GTC,,
EGOV,DU3053535,4711,,37,1.79769313486232E+308,LMT,BUY,0,27.42,28.42,,True,GTC,,,20201228 09:30:00 EST, 5800671≥+26.88, 5800671≥+149236,margin ≥+20
MCFT,DU3053535,4710,,36,1.79769313486232E+308,TRAIL,SELL,2.46,0,25.27,,False,GTC,,
DISCK,DU3053535,4725,,37,1.79769313486232E+308,TRAIL,SELL,1.66,0,24.96,,False,GTC,,
DISCK,DU3053535,4724,,37,1.79769313486232E+308,LMT,SELL,0,30.77,31.77,,True,GTC,,
DISCK,DU3053535,4723,,37,1.79769313486232E+308,LMT,BUY,0,27.15,28.15,,True,GTC,,,20201228 09:30:00 EST, 53855095≥+26.62, 53855095≥+1263218,margin ≥+20
CNQ,DU3053535,4722,,37,1.79769313486232E+308,TRAIL,SELL,2.16,0,24.31,,False,GTC,,
CNQ,DU3053535,4721,,37,1.79769313486232E+308,LMT,SELL,0,31.87,32.87,,True,GTC,,
CNQ,DU3053535,4720,,37,1.79769313486232E+308,LMT,BUY,0,27,28,,True,GTC,,,20201228 09:30:00 EST, 11926119≥+26.47, 11926119≥+357073,margin ≥+20
LBTYA,DU3053535,4719,,38,1.79769313486232E+308,TRAIL,SELL,1.69,0,24.55,,False,GTC,,
LBTYA,DU3053535,4718,,38,1.79769313486232E+308,LMT,SELL,0,30.45,31.45,,True,GTC,,
TSEM,DU3053535,4731,,37,1.79769313486232E+308,TRAIL,SELL,1.52,0,25.22,,False,GTC,,
TSEM,DU3053535,4730,,37,1.79769313486232E+308,LMT,SELL,0,30.55,31.55,,True,GTC,,
TSEM,DU3053535,4729,,37,1.79769313486232E+308,LMT,BUY,0,27.28,28.28,,True,GTC,,,20201228 09:30:00 EST, 111792216≥+26.74, 111792216≥+32982,margin ≥+20
WAFD,DU3053535,4728,,37,1.79769313486232E+308,TRAIL,SELL,1.52,0,25.46,,False,GTC,,
WAFD,DU3053535,4727,,37,1.79769313486232E+308,LMT,SELL,0,30.79,31.79,,True,GTC,,
WAFD,DU3053535,4726,,37,1.79769313486232E+308,LMT,BUY,0,27.52,28.52,,True,GTC,,,20201228 09:30:00 EST, 276037≥+26.99, 276037≥+256545,margin ≥+20
SLB,DU3053535,4549,,41,1.79769313486232E+308,LMT,BUY,0,24.84,25.84,,True,GTC,,,20201228 09:30:00 EST, 12200≥+24.35, 12200≥+4277709,margin ≥+20
AFYA,DU3053535,4548,,37,1.79769313486232E+308,TRAIL,SELL,2.49,0,24.04,,False,GTC,,
AFYA,DU3053535,4547,,37,1.79769313486232E+308,LMT,SELL,0,32.74,33.74,,True,GTC,,
AFYA,DU3053535,4546,,37,1.79769313486232E+308,LMT,BUY,0,27.06,28.06,,True,GTC,,,20201228 09:30:00 EST, 374970583≥+26.53, 374970583≥+24236,margin ≥+20
FLO,DU3053535,4545,,42,1.79769313486232E+308,TRAIL,SELL,0.88,0,22.78,,False,GTC,,
FLO,DU3053535,4544,,42,1.79769313486232E+308,LMT,SELL,0,25.86,26.86,,True,GTC,,
FLO,DU3053535,4543,,42,1.79769313486232E+308,LMT,BUY,0,24.14,25.14,,True,GTC,,,20201228 09:30:00 EST, 11913510≥+23.66, 11913510≥+426400,margin ≥+20
MOS,DU3053535,4542,,41,1.79769313486232E+308,TRAIL,SELL,1.73,0,22.56,,False,GTC,,
SLQT,DU3053535,4557,,40,1.79769313486232E+308,TRAIL,SELL,1.95,0,22.87,,False,GTC,,
SLQT,DU3053535,4556,,40,1.79769313486232E+308,LMT,SELL,0,29.7,30.7,,True,GTC,,
SLQT,DU3053535,4555,,40,1.79769313486232E+308,LMT,BUY,0,25.31,26.31,,True,GTC,,,20201228 09:30:00 EST, 423071297≥+24.82, 423071297≥+1081055,margin ≥+20
DBX,DU3053535,4554,,38,1.79769313486232E+308,TRAIL,SELL,2.07,0,23.74,,False,GTC,,
DBX,DU3053535,4553,,38,1.79769313486232E+308,LMT,SELL,0,30.97,31.97,,True,GTC,,
DBX,DU3053535,4552,,38,1.79769313486232E+308,LMT,BUY,0,26.33,27.33,,True,GTC,,,20201228 09:30:00 EST, 311892159≥+25.81, 311892159≥+1931291,margin ≥+20
SLB,DU3053535,4551,,41,1.79769313486232E+308,TRAIL,SELL,1.93,0,22.43,,False,GTC,,
SLB,DU3053535,4550,,41,1.79769313486232E+308,LMT,SELL,0,29.17,30.17,,True,GTC,,
BOMN,DU3053535,4565,,37,1.79769313486232E+308,LMT,SELL,0,32.81,33.81,,True,GTC,,
BOMN,DU3053535,4564,,37,1.79769313486232E+308,LMT,BUY,0,27.25,28.25,,True,GTC,,,20201228 09:30:00 EST, 279262660≥+26.72, 279262660≥+31145,margin ≥+20
NI,DU3053535,4563,,41,1.79769313486232E+308,TRAIL,SELL,1.44,0,22.53,,False,GTC,,
NI,DU3053535,4562,,41,1.79769313486232E+308,LMT,SELL,0,27.58,28.58,,True,GTC,,
NI,DU3053535,4561,,41,1.79769313486232E+308,LMT,BUY,0,24.45,25.45,,True,GTC,,,20201228 09:30:00 EST, 10260≥+23.97, 10260≥+1166945,margin ≥+20
MT,DU3053535,4560,,41,1.79769313486232E+308,TRAIL,SELL,1.64,0,22.67,,False,GTC,,
MT,DU3053535,4559,,41,1.79769313486232E+308,LMT,SELL,0,28.4,29.4,,True,GTC,,
MT,DU3053535,4558,,41,1.79769313486232E+308,LMT,BUY,0,24.79,25.79,,True,GTC,,,20201228 09:30:00 EST, 276046464≥+24.3, 276046464≥+238782,margin ≥+20
VVV,DU3053535,4573,,41,1.79769313486232E+308,LMT,BUY,0,24.78,25.78,,True,GTC,,,20201228 09:30:00 EST, 248754546≥+24.29, 248754546≥+716127,margin ≥+20
TDC,DU3053535,4572,,41,1.79769313486232E+308,TRAIL,SELL,1.44,0,22.91,,False,GTC,,
TDC,DU3053535,4571,,41,1.79769313486232E+308,LMT,SELL,0,27.97,28.97,,True,GTC,,
TDC,DU3053535,4570,,41,1.79769313486232E+308,LMT,BUY,0,24.84,25.84,,True,GTC,,,20201228 09:30:00 EST, 46128760≥+24.36, 46128760≥+509764,margin ≥+20
CNO,DU3053535,4569,,41,1.79769313486232E+308,TRAIL,SELL,1.28,0,22.78,,False,GTC,,
CNO,DU3053535,4568,,41,1.79769313486232E+308,LMT,SELL,0,27.27,28.27,,True,GTC,,
CNO,DU3053535,4567,,41,1.79769313486232E+308,LMT,BUY,0,24.55,25.55,,True,GTC,,,20201228 09:30:00 EST, 75176372≥+24.06, 75176372≥+240800,margin ≥+20
BOMN,DU3053535,4566,,37,1.79769313486232E+308,TRAIL,SELL,2.44,0,24.28,,False,GTC,,
RCM,DU3053535,4517,,41,1.79769313486232E+308,LMT,SELL,0,27.21,28.21,,True,GTC,,
RCM,DU3053535,4516,,41,1.79769313486232E+308,LMT,BUY,0,24.45,25.45,,True,GTC,,,20201228 09:30:00 EST, 264479332≥+23.98, 264479332≥+342745,margin ≥+20
SGC,DU3053535,4515,,39,1.79769313486232E+308,TRAIL,SELL,2.41,0,23.06,,False,GTC,,
SGC,DU3053535,4514,,39,1.79769313486232E+308,LMT,SELL,0,31.49,32.49,,True,GTC,,
SGC,DU3053535,4513,,39,1.79769313486232E+308,LMT,BUY,0,25.98,26.98,,True,GTC,,,20201228 09:30:00 EST, 756607≥+25.47, 756607≥+22636,margin ≥+20
DEA,DU3053535,4512,,43,1.79769313486232E+308,TRAIL,SELL,1.1,0,22.08,,False,GTC,,
DEA,DU3053535,4511,,43,1.79769313486232E+308,LMT,SELL,0,25.92,26.92,,True,GTC,,
DEA,DU3053535,4510,,43,1.79769313486232E+308,LMT,BUY,0,23.64,24.64,,True,GTC,,,20201228 09:30:00 EST, 182880560≥+23.18, 182880560≥+350964,margin ≥+20
SLV,DU3053535,4525,,40,1.79769313486232E+308,LMT,BUY,0,25.26,26.26,,True,GTC,,,20201228 09:30:00 EST, 39039301≥+24.77, 39039301≥+1011309,margin ≥+20
QYLD,DU3053535,4524,,43,1.79769313486232E+308,TRAIL,SELL,0.42,0,22.77,,False,GTC,,
QYLD,DU3053535,4523,,43,1.79769313486232E+308,LMT,SELL,0,24.23,25.23,,True,GTC,,
QYLD,DU3053535,4522,,43,1.79769313486232E+308,LMT,BUY,0,23.65,24.65,,True,GTC,,,20201228 09:30:00 EST, 346727816≥+23.19, 346727816≥+27255,margin ≥+20
VLGEA,DU3053535,4521,,42,1.79769313486232E+308,TRAIL,SELL,1.06,0,22.37,,False,GTC,,
VLGEA,DU3053535,4520,,42,1.79769313486232E+308,LMT,SELL,0,26.08,27.08,,True,GTC,,
VLGEA,DU3053535,4519,,42,1.79769313486232E+308,LMT,BUY,0,23.9,24.9,,True,GTC,,,20201228 09:30:00 EST, 275799≥+23.43, 275799≥+22036,margin ≥+20
RCM,DU3053535,4518,,41,1.79769313486232E+308,TRAIL,SELL,1.3,0,22.68,,False,GTC,,
GOLD,DU3053535,4533,,41,1.79769313486232E+308,TRAIL,SELL,1.4,0,22.96,,False,GTC,,
GOLD,DU3053535,4532,,41,1.79769313486232E+308,LMT,SELL,0,27.85,28.85,,True,GTC,,
GOLD,DU3053535,4531,,41,1.79769313486232E+308,LMT,BUY,0,24.84,25.84,,True,GTC,,,20201228 09:30:00 EST, 611060≥+24.35, 611060≥+1553109,margin ≥+20
SC,DU3053535,4530,,42,1.79769313486232E+308,TRAIL,SELL,1.75,0,21.75,,False,GTC,,
SC,DU3053535,4529,,42,1.79769313486232E+308,LMT,SELL,0,27.89,28.89,,True,GTC,,
SC,DU3053535,4528,,42,1.79769313486232E+308,LMT,BUY,0,23.98,24.98,,True,GTC,,,20201228 09:30:00 EST, 142261436≥+23.51, 142261436≥+406436,margin ≥+20
SLV,DU3053535,4527,,40,1.79769313486232E+308,TRAIL,SELL,1.44,0,23.33,,False,GTC,,
SLV,DU3053535,4526,,40,1.79769313486232E+308,LMT,SELL,0,28.36,29.36,,True,GTC,,
MOS,DU3053535,4541,,41,1.79769313486232E+308,LMT,SELL,0,28.62,29.62,,True,GTC,,
MOS,DU3053535,4540,,41,1.79769313486232E+308,LMT,BUY,0,24.78,25.78,,True,GTC,,,20201228 09:30:00 EST, 88292752≥+24.29, 88292752≥+1171273,margin ≥+20
PGC,DU3053535,4539,,41,1.79769313486232E+308,TRAIL,SELL,1.61,0,22.55,,False,GTC,,
PGC,DU3053535,4538,,41,1.79769313486232E+308,LMT,SELL,0,28.2,29.2,,True,GTC,,
PGC,DU3053535,4537,,41,1.79769313486232E+308,LMT,BUY,0,24.65,25.65,,True,GTC,,,20201228 09:30:00 EST, 14486754≥+24.17, 14486754≥+28673,margin ≥+20
WEN,DU3053535,4536,,42,1.79769313486232E+308,TRAIL,SELL,1.09,0,22.46,,False,GTC,,
WEN,DU3053535,4535,,42,1.79769313486232E+308,LMT,SELL,0,26.28,27.28,,True,GTC,,
WEN,DU3053535,4534,,42,1.79769313486232E+308,LMT,BUY,0,24.02,25.02,,True,GTC,,,20201228 09:30:00 EST, 90655688≥+23.55, 90655688≥+661545,margin ≥+20
DXC,DU3053535,4613,,39,1.79769313486232E+308,LMT,SELL,0,29.92,30.92,,True,GTC,,
DXC,DU3053535,4612,,39,1.79769313486232E+308,LMT,BUY,0,25.73,26.73,,True,GTC,,,20201228 09:30:00 EST, 268960158≥+25.22, 268960158≥+1032273,margin ≥+20
ELY,DU3053535,4611,,38,1.79769313486232E+308,TRAIL,SELL,1.99,0,23.83,,False,GTC,,
ELY,DU3053535,4610,,38,1.79769313486232E+308,LMT,SELL,0,30.79,31.79,,True,GTC,,
ELY,DU3053535,4609,,38,1.79769313486232E+308,LMT,BUY,0,26.33,27.33,,True,GTC,,,20201228 09:30:00 EST, 6808≥+25.82, 6808≥+608800,margin ≥+20
XRX,DU3053535,4608,,40,1.79769313486232E+308,TRAIL,SELL,1.69,0,22.9,,False,GTC,,
XRX,DU3053535,4607,,40,1.79769313486232E+308,LMT,SELL,0,28.82,29.82,,True,GTC,,
XRX,DU3053535,4606,,40,1.79769313486232E+308,LMT,BUY,0,25.08,26.08,,True,GTC,,,20201228 09:30:00 EST, 375796353≥+24.59, 375796353≥+1424164,margin ≥+20
ENVA,DU3053535,4621,,38,1.79769313486232E+308,LMT,BUY,0,26.24,27.24,,True,GTC,,,20201228 09:30:00 EST, 171878394≥+25.73, 171878394≥+270727,margin ≥+20
RELX,DU3053535,4620,,40,1.79769313486232E+308,TRAIL,SELL,0.69,0,24.17,,False,GTC,,
RELX,DU3053535,4619,,40,1.79769313486232E+308,LMT,SELL,0,26.6,27.6,,True,GTC,,
RELX,DU3053535,4618,,40,1.79769313486232E+308,LMT,BUY,0,25.36,26.36,,True,GTC,,,20201228 09:30:00 EST, 198167234≥+24.87, 198167234≥+32982,margin ≥+20
EWA,DU3053535,4617,,40,1.79769313486232E+308,TRAIL,SELL,0.66,0,23.89,,False,GTC,,
EWA,DU3053535,4616,,40,1.79769313486232E+308,LMT,SELL,0,26.19,27.19,,True,GTC,,
EWA,DU3053535,4615,,40,1.79769313486232E+308,LMT,BUY,0,25.04,26.04,,True,GTC,,,20201228 09:30:00 EST, 2586606≥+24.55, 2586606≥+89782,margin ≥+20
DXC,DU3053535,4614,,39,1.79769313486232E+308,TRAIL,SELL,1.88,0,23.34,,False,GTC,,
EWH,DU3053535,4629,,40,1.79769313486232E+308,TRAIL,SELL,0.48,0,24.04,,False,GTC,,
EWH,DU3053535,4628,,40,1.79769313486232E+308,LMT,SELL,0,25.71,26.71,,True,GTC,,
EWH,DU3053535,4627,,40,1.79769313486232E+308,LMT,BUY,0,25.01,26.01,,True,GTC,,,20201228 09:30:00 EST, 2586543≥+24.52, 2586543≥+51673,margin ≥+20
NMIH,DU3053535,4626,,39,1.79769313486232E+308,TRAIL,SELL,1.96,0,23.53,,False,GTC,,
NMIH,DU3053535,4625,,39,1.79769313486232E+308,LMT,SELL,0,30.39,31.39,,True,GTC,,
NMIH,DU3053535,4624,,39,1.79769313486232E+308,LMT,BUY,0,26,27,,True,GTC,,,20201228 09:30:00 EST, 138031174≥+25.49, 138031174≥+215091,margin ≥+20
ENVA,DU3053535,4623,,38,1.79769313486232E+308,TRAIL,SELL,1.72,0,24.01,,False,GTC,,
ENVA,DU3053535,4622,,38,1.79769313486232E+308,LMT,SELL,0,30.03,31.03,,True,GTC,,
ILPT,DU3053535,4637,,41,1.79769313486232E+308,LMT,SELL,0,27.43,28.43,,True,GTC,,
ILPT,DU3053535,4636,,41,1.79769313486232E+308,LMT,BUY,0,24.88,25.88,,True,GTC,,,20201228 09:30:00 EST, 302548055≥+24.39, 302548055≥+282109,margin ≥+20
SCE PRL,DU3053535,4635,,40,1.79769313486232E+308,TRAIL,SELL,0.33,0,24.16,,False,GTC,,
SCE PRL,DU3053535,4634,,40,1.79769313486232E+308,LMT,SELL,0,25.3,26.3,,True,GTC,,
SCE PRL,DU3053535,4633,,40,1.79769313486232E+308,LMT,BUY,0,24.98,25.98,,True,GTC,,,20201228 09:30:00 EST, 280259074≥+24.49, 280259074≥+25382,margin ≥+20
LMNX,DU3053535,4632,,38,1.79769313486232E+308,TRAIL,SELL,1.9,0,24.32,,False,GTC,,
LMNX,DU3053535,4631,,38,1.79769313486232E+308,LMT,SELL,0,30.97,31.97,,True,GTC,,
LMNX,DU3053535,4630,,38,1.79769313486232E+308,LMT,BUY,0,26.74,27.74,,True,GTC,,,20201228 09:30:00 EST, 8068089≥+26.22, 8068089≥+296982,margin ≥+20
JEF,DU3053535,4581,,40,1.79769313486232E+308,TRAIL,SELL,1.24,0,23.53,,False,GTC,,
JEF,DU3053535,4580,,40,1.79769313486232E+308,LMT,SELL,0,27.87,28.87,,True,GTC,,
JEF,DU3053535,4579,,40,1.79769313486232E+308,LMT,BUY,0,25.27,26.27,,True,GTC,,,20201228 09:30:00 EST, 318911976≥+24.77, 318911976≥+1095836,margin ≥+20
FHB,DU3053535,4578,,40,1.79769313486232E+308,TRAIL,SELL,1.51,0,23.14,,False,GTC,,
FHB,DU3053535,4577,,40,1.79769313486232E+308,LMT,SELL,0,28.42,29.42,,True,GTC,,
FHB,DU3053535,4576,,40,1.79769313486232E+308,LMT,BUY,0,25.14,26.14,,True,GTC,,,20201228 09:30:00 EST, 242971206≥+24.64, 242971206≥+449218,margin ≥+20
VVV,DU3053535,4575,,41,1.79769313486232E+308,TRAIL,SELL,0.98,0,23.31,,False,GTC,,
VVV,DU3053535,4574,,41,1.79769313486232E+308,LMT,SELL,0,26.73,27.73,,True,GTC,,
LRN,DU3053535,4589,,40,1.79769313486232E+308,LMT,SELL,0,30.43,31.43,,True,GTC,,
LRN,DU3053535,4588,,40,1.79769313486232E+308,LMT,BUY,0,25.41,26.41,,True,GTC,,,20201228 09:30:00 EST, 455946269≥+24.92, 455946269≥+151836,margin ≥+20
GCP,DU3053535,4587,,40,1.79769313486232E+308,TRAIL,SELL,1.57,0,23.34,,False,GTC,,
GCP,DU3053535,4586,,40,1.79769313486232E+308,LMT,SELL,0,28.83,29.83,,True,GTC,,
GCP,DU3053535,4585,,40,1.79769313486232E+308,LMT,BUY,0,25.4,26.4,,True,GTC,,,20201228 09:30:00 EST, 219768320≥+24.91, 219768320≥+57709,margin ≥+20
TOWN,DU3053535,4584,,40,1.79769313486232E+308,TRAIL,SELL,1.54,0,23.23,,False,GTC,,
TOWN,DU3053535,4583,,40,1.79769313486232E+308,LMT,SELL,0,28.64,29.64,,True,GTC,,
TOWN,DU3053535,4582,,40,1.79769313486232E+308,LMT,BUY,0,25.27,26.27,,True,GTC,,,20201228 09:30:00 EST, 30217403≥+24.78, 30217403≥+126800,margin ≥+20
SIVR,DU3053535,4597,,38,1.79769313486232E+308,LMT,BUY,0,26.17,27.17,,True,GTC,,,20201228 09:30:00 EST, 334909235≥+25.65, 334909235≥+186091,margin ≥+20
VIRT,DU3053535,4596,,39,1.79769313486232E+308,TRAIL,SELL,1.21,0,24.28,,False,GTC,,
VIRT,DU3053535,4595,,39,1.79769313486232E+308,LMT,SELL,0,28.5,29.5,,True,GTC,,
VIRT,DU3053535,4594,,39,1.79769313486232E+308,LMT,BUY,0,25.99,26.99,,True,GTC,,,20201228 09:30:00 EST, 190480975≥+25.49, 190480975≥+275309,margin ≥+20
EPAC,DU3053535,4593,,40,1.79769313486232E+308,TRAIL,SELL,1.63,0,22.95,,False,GTC,,
EPAC,DU3053535,4592,,40,1.79769313486232E+308,LMT,SELL,0,28.64,29.64,,True,GTC,,
EPAC,DU3053535,4591,,40,1.79769313486232E+308,LMT,BUY,0,25.07,26.07,,True,GTC,,,20201228 09:30:00 EST, 399802179≥+24.58, 399802179≥+142655,margin ≥+20
LRN,DU3053535,4590,,40,1.79769313486232E+308,TRAIL,SELL,2.21,0,22.71,,False,GTC,,
JELD,DU3053535,4605,,39,1.79769313486232E+308,TRAIL,SELL,1.78,0,23.72,,False,GTC,,
JELD,DU3053535,4604,,39,1.79769313486232E+308,LMT,SELL,0,29.93,30.93,,True,GTC,,
JELD,DU3053535,4603,,39,1.79769313486232E+308,LMT,BUY,0,26,27,,True,GTC,,,20201228 09:30:00 EST, 263852212≥+25.49, 263852212≥+155891,margin ≥+20
HPQ,DU3053535,4602,,39,1.79769313486232E+308,TRAIL,SELL,1.16,0,23.89,,False,GTC,,
HPQ,DU3053535,4601,,39,1.79769313486232E+308,LMT,SELL,0,27.96,28.96,,True,GTC,,
HPQ,DU3053535,4600,,39,1.79769313486232E+308,LMT,BUY,0,25.55,26.55,,True,GTC,,,20201228 09:30:00 EST, 209411801≥+25.05, 209411801≥+3901600,margin ≥+20
SIVR,DU3053535,4599,,38,1.79769313486232E+308,TRAIL,SELL,1.41,0,24.25,,False,GTC,,
SIVR,DU3053535,4598,,38,1.79769313486232E+308,LMT,SELL,0,29.17,30.17,,True,GTC,,
GTY,DU3053535,5061,,32,1.79769313486232E+308,TRAIL,SELL,1.55,0,28.93,,False,GTC,,
GTY,DU3053535,5060,,32,1.79769313486232E+308,LMT,SELL,0,34.34,35.34,,True,GTC,,
GTY,DU3053535,5059,,32,1.79769313486232E+308,LMT,BUY,0,31.08,32.08,,True,GTC,,,20201228 09:30:00 EST, 7855≥+30.47, 7855≥+164873,margin ≥+20
FCPT,DU3053535,5058,,32,1.79769313486232E+308,TRAIL,SELL,1.85,0,29.32,,False,GTC,,
FCPT,DU3053535,5057,,32,1.79769313486232E+308,LMT,SELL,0,35.78,36.78,,True,GTC,,
FCPT,DU3053535,5056,,32,1.79769313486232E+308,LMT,BUY,0,31.79,32.79,,True,GTC,,,20201228 09:30:00 EST, 210810670≥+31.16, 210810670≥+215055,margin ≥+20
WFC,DU3053535,5055,,31,1.79769313486232E+308,TRAIL,SELL,2.16,0,29.53,,False,GTC,,
WFC,DU3053535,5054,,31,1.79769313486232E+308,LMT,SELL,0,37.08,38.08,,True,GTC,,
IIIV,DU3053535,5069,,29,1.79769313486232E+308,LMT,SELL,0,40.14,41.14,,True,GTC,,
IIIV,DU3053535,5068,,29,1.79769313486232E+308,LMT,BUY,0,34.36,35.36,,True,GTC,,,20201228 09:30:00 EST, 322592443≥+33.69, 322592443≥+148891,margin ≥+20
PSXP,DU3053535,5067,,31,1.79769313486232E+308,TRAIL,SELL,2.55,0,28.81,,False,GTC,,
PSXP,DU3053535,5066,,31,1.79769313486232E+308,LMT,SELL,0,37.73,38.73,,True,GTC,,
PSXP,DU3053535,5065,,31,1.79769313486232E+308,LMT,BUY,0,31.99,32.99,,True,GTC,,,20201228 09:30:00 EST, 131343645≥+31.36, 131343645≥+278745,margin ≥+20
HMC,DU3053535,5064,,32,1.79769313486232E+308,TRAIL,SELL,1.16,0,29.24,,False,GTC,,
HMC,DU3053535,5063,,32,1.79769313486232E+308,LMT,SELL,0,33.3,34.3,,True,GTC,,
HMC,DU3053535,5062,,32,1.79769313486232E+308,LMT,BUY,0,31.01,32.01,,True,GTC,,,20201228 09:30:00 EST, 8045≥+30.4, 8045≥+86909,margin ≥+20
PEAK,DU3053535,5077,,31,1.79769313486232E+308,LMT,BUY,0,31.93,32.93,,True,GTC,,,20201228 09:30:00 EST, 389700396≥+31.3, 389700396≥+1683509,margin ≥+20
HERO,DU3053535,5076,,31,1.79769313486232E+308,TRAIL,SELL,1.3,0,30.55,,False,GTC,,
HERO,DU3053535,5075,,31,1.79769313486232E+308,LMT,SELL,0,35.09,36.09,,True,GTC,,
HERO,DU3053535,5074,,31,1.79769313486232E+308,LMT,BUY,0,32.49,33.49,,True,GTC,,,20201228 09:30:00 EST, 389399755≥+31.85, 389399755≥+32418,margin ≥+20
HEES,DU3053535,5073,,31,1.79769313486232E+308,TRAIL,SELL,2.12,0,29.36,,False,GTC,,
HEES,DU3053535,5072,,31,1.79769313486232E+308,LMT,SELL,0,36.78,37.78,,True,GTC,,
HEES,DU3053535,5071,,31,1.79769313486232E+308,LMT,BUY,0,32.11,33.11,,True,GTC,,,20201228 09:30:00 EST, 37597921≥+31.48, 37597921≥+94564,margin ≥+20
IIIV,DU3053535,5070,,29,1.79769313486232E+308,TRAIL,SELL,2.58,0,31.11,,False,GTC,,
FBMS,DU3053535,5085,,31,1.79769313486232E+308,TRAIL,SELL,1.85,0,29.68,,False,GTC,,
FBMS,DU3053535,5084,,31,1.79769313486232E+308,LMT,SELL,0,36.16,37.16,,True,GTC,,
FBMS,DU3053535,5083,,31,1.79769313486232E+308,LMT,BUY,0,32.16,33.16,,True,GTC,,,20201228 09:30:00 EST, 30211079≥+31.53, 30211079≥+27727,margin ≥+20
WSBC,DU3053535,5082,,31,1.79769313486232E+308,TRAIL,SELL,1.96,0,29.58,,False,GTC,,
WSBC,DU3053535,5081,,31,1.79769313486232E+308,LMT,SELL,0,36.44,37.44,,True,GTC,,
WSBC,DU3053535,5080,,31,1.79769313486232E+308,LMT,BUY,0,32.17,33.17,,True,GTC,,,20201228 09:30:00 EST, 276139≥+31.54, 276139≥+156836,margin ≥+20
PEAK,DU3053535,5079,,31,1.79769313486232E+308,TRAIL,SELL,1.58,0,29.72,,False,GTC,,
PEAK,DU3053535,5078,,31,1.79769313486232E+308,LMT,SELL,0,35.24,36.24,,True,GTC,,
IRM,DU3053535,5029,,32,1.79769313486232E+308,LMT,BUY,0,31.55,32.55,,True,GTC,,,20201228 09:30:00 EST, 180350774≥+30.94, 180350774≥+1325564,margin ≥+20
SBCF,DU3053535,5028,,32,1.79769313486232E+308,TRAIL,SELL,2.05,0,28.79,,False,GTC,,
SBCF,DU3053535,5027,,32,1.79769313486232E+308,LMT,SELL,0,35.96,36.96,,True,GTC,,
SBCF,DU3053535,5026,,32,1.79769313486232E+308,LMT,BUY,0,31.46,32.46,,True,GTC,,,20201228 09:30:00 EST, 140006230≥+30.84, 140006230≥+323073,margin ≥+20
FHI,DU3053535,5025,,32,1.79769313486232E+308,TRAIL,SELL,1.47,0,29.04,,False,GTC,,
FHI,DU3053535,5024,,32,1.79769313486232E+308,LMT,SELL,0,34.19,35.19,,True,GTC,,
FHI,DU3053535,5023,,32,1.79769313486232E+308,LMT,BUY,0,31.12,32.12,,True,GTC,,,20201228 09:30:00 EST, 6477744≥+30.51, 6477744≥+271091,margin ≥+20
ILF,DU3053535,5022,,32,1.79769313486232E+308,TRAIL,SELL,1.33,0,29.28,,False,GTC,,
SEAS,DU3053535,5037,,30,1.79769313486232E+308,TRAIL,SELL,2.6,0,29.87,,False,GTC,,
SEAS,DU3053535,5036,,30,1.79769313486232E+308,LMT,SELL,0,38.98,39.98,,True,GTC,,
SEAS,DU3053535,5035,,30,1.79769313486232E+308,LMT,BUY,0,33.12,34.12,,True,GTC,,,20201228 09:30:00 EST, 125846698≥+32.47, 125846698≥+169127,margin ≥+20
EWU,DU3053535,5034,,32,1.79769313486232E+308,TRAIL,SELL,1.08,0,29.32,,False,GTC,,
EWU,DU3053535,5033,,32,1.79769313486232E+308,LMT,SELL,0,33.08,34.08,,True,GTC,,
EWU,DU3053535,5032,,32,1.79769313486232E+308,LMT,BUY,0,31,32,,True,GTC,,,20201228 09:30:00 EST, 253190561≥+30.39, 253190561≥+168327,margin ≥+20
IRM,DU3053535,5031,,32,1.79769313486232E+308,TRAIL,SELL,1.36,0,29.57,,False,GTC,,
IRM,DU3053535,5030,,32,1.79769313486232E+308,LMT,SELL,0,34.35,35.35,,True,GTC,,
AAT,DU3053535,5045,,32,1.79769313486232E+308,LMT,SELL,0,35.17,36.17,,True,GTC,,
AAT,DU3053535,5044,,32,1.79769313486232E+308,LMT,BUY,0,31.22,32.22,,True,GTC,,,20201228 09:30:00 EST, 82819360≥+30.61, 82819360≥+269000,margin ≥+20
YELP,DU3053535,5043,,32,1.79769313486232E+308,TRAIL,SELL,2.65,0,28.51,,False,GTC,,
YELP,DU3053535,5042,,32,1.79769313486232E+308,LMT,SELL,0,37.78,38.78,,True,GTC,,
YELP,DU3053535,5041,,32,1.79769313486232E+308,LMT,BUY,0,31.78,32.78,,True,GTC,,,20201228 09:30:00 EST, 103518430≥+31.16, 103518430≥+186909,margin ≥+20
CSV,DU3053535,5040,,31,1.79769313486232E+308,TRAIL,SELL,1.93,0,30.06,,False,GTC,,
CSV,DU3053535,5039,,31,1.79769313486232E+308,LMT,SELL,0,36.8,37.8,,True,GTC,,
CSV,DU3053535,5038,,31,1.79769313486232E+308,LMT,BUY,0,32.62,33.62,,True,GTC,,,20201228 09:30:00 EST, 6607664≥+31.99, 6607664≥+35327,margin ≥+20
WFC,DU3053535,5053,,31,1.79769313486232E+308,LMT,BUY,0,32.32,33.32,,True,GTC,,,20201228 09:30:00 EST, 10375≥+31.68, 10375≥+10776509,margin ≥+20
TPR,DU3053535,5052,,31,1.79769313486232E+308,TRAIL,SELL,2.45,0,29.71,,False,GTC,,
TPR,DU3053535,5051,,31,1.79769313486232E+308,LMT,SELL,0,38.29,39.29,,True,GTC,,
TPR,DU3053535,5050,,31,1.79769313486232E+308,LMT,BUY,0,32.8,33.8,,True,GTC,,,20201228 09:30:00 EST, 292491487≥+32.16, 292491487≥+1197291,margin ≥+20
CRS,DU3053535,5049,,32,1.79769313486232E+308,TRAIL,SELL,2.51,0,28.49,,False,GTC,,
CRS,DU3053535,5048,,32,1.79769313486232E+308,LMT,SELL,0,37.28,38.28,,True,GTC,,
CRS,DU3053535,5047,,32,1.79769313486232E+308,LMT,BUY,0,31.63,32.63,,True,GTC,,,20201228 09:30:00 EST, 6077≥+31.01, 6077≥+259582,margin ≥+20
AAT,DU3053535,5046,,32,1.79769313486232E+308,TRAIL,SELL,1.83,0,28.78,,False,GTC,,
HR,DU3053535,5088,,32,1.79769313486232E+308,TRAIL,SELL,1.28,0,29.62,,False,GTC,,
HR,DU3053535,5087,,32,1.79769313486232E+308,LMT,SELL,0,34.11,35.11,,True,GTC,,
HR,DU3053535,5086,,32,1.79769313486232E+308,LMT,BUY,0,31.52,32.52,,True,GTC,,,20201228 09:30:00 EST, 8127≥+30.9, 8127≥+701927,margin ≥+20
SWIR,DU3053535,2885,,64,1.79769313486232E+308,LMT,SELL,0,18.79,19.79,,True,GTC,,
SWIR,DU3053535,2884,,64,1.79769313486232E+308,LMT,BUY,0,15.84,16.84,,True,GTC,,,20201228 09:30:00 EST, 9653777≥+15.53, 9653777≥+25291,margin ≥+20
TAC,DU3053535,2883,,132,1.79769313486232E+308,TRAIL,SELL,0.45,0,7.08,,False,GTC,,
TAC,DU3053535,2882,,132,1.79769313486232E+308,LMT,SELL,0,8.66,9.66,,True,GTC,,
TAC,DU3053535,2881,,132,1.79769313486232E+308,LMT,BUY,0,7.68,8.68,,True,GTC,,,20201228 09:30:00 EST, 14487456≥+7.53, 14487456≥+119655,margin ≥+20
TACO,DU3053535,2880,,100,1.79769313486232E+308,TRAIL,SELL,0.7,0,9.23,,False,GTC,,
TACO,DU3053535,2879,,100,1.79769313486232E+308,LMT,SELL,0,11.66,12.66,,True,GTC,,
TACO,DU3053535,2878,,100,1.79769313486232E+308,LMT,BUY,0,10.12,11.12,,True,GTC,,,20201228 09:30:00 EST, 198740105≥+9.93, 198740105≥+84236,margin ≥+20
SVM,DU3053535,2893,,144,1.79769313486232E+308,LMT,BUY,0,7.06,8.06,,True,GTC,,,20201228 09:30:00 EST, 39924480≥+6.92, 39924480≥+124091,margin ≥+20
SVOKU,DU3053535,2892,,91,1.79769313486232E+308,TRAIL,SELL,0.57,0,10.41,,False,GTC,,
SVOKU,DU3053535,2891,,91,1.79769313486232E+308,LMT,SELL,0,12.41,13.41,,True,GTC,,
SVOKU,DU3053535,2890,,91,1.79769313486232E+308,LMT,BUY,0,11.2,12.2,,True,GTC,,,20201228 09:30:00 EST, 461318710≥+10.98, 461318710≥+33520,margin ≥+20
SWCH,DU3053535,2889,,59,1.79769313486232E+308,TRAIL,SELL,0.93,0,15.95,,False,GTC,,
SWCH,DU3053535,2888,,59,1.79769313486232E+308,LMT,SELL,0,19.22,20.22,,True,GTC,,
SWCH,DU3053535,2887,,59,1.79769313486232E+308,LMT,BUY,0,17.22,18.22,,True,GTC,,,20201228 09:30:00 EST, 291241967≥+16.88, 291241967≥+821000,margin ≥+20
SWIR,DU3053535,2886,,64,1.79769313486232E+308,TRAIL,SELL,1.3,0,14.23,,False,GTC,,
SUM,DU3053535,2901,,47,1.79769313486232E+308,TRAIL,SELL,1.59,0,19.3,,False,GTC,,
SUM,DU3053535,2900,,47,1.79769313486232E+308,LMT,SELL,0,24.85,25.85,,True,GTC,,
SUM,DU3053535,2899,,47,1.79769313486232E+308,LMT,BUY,0,21.3,22.3,,True,GTC,,,20201228 09:30:00 EST, 186465849≥+20.88, 186465849≥+187745,margin ≥+20
SUZ,DU3053535,2898,,86,1.79769313486232E+308,TRAIL,SELL,0.87,0,10.66,,False,GTC,,
SUZ,DU3053535,2897,,86,1.79769313486232E+308,LMT,SELL,0,13.7,14.7,,True,GTC,,
SUZ,DU3053535,2896,,86,1.79769313486232E+308,LMT,BUY,0,11.76,12.76,,True,GTC,,,20201228 09:30:00 EST, 75219572≥+11.53, 75219572≥+36891,margin ≥+20
SVM,DU3053535,2895,,144,1.79769313486232E+308,TRAIL,SELL,0.66,0,6.26,,False,GTC,,
SVM,DU3053535,2894,,144,1.79769313486232E+308,LMT,SELL,0,8.56,9.56,,True,GTC,,
STKL,DU3053535,2909,,89,1.79769313486232E+308,LMT,SELL,0,13.5,14.5,,True,GTC,,
STKL,DU3053535,2908,,89,1.79769313486232E+308,LMT,BUY,0,11.38,12.38,,True,GTC,,,20201228 09:30:00 EST, 4725186≥+11.16, 4725186≥+50327,margin ≥+20
STL,DU3053535,2907,,53,1.79769313486232E+308,TRAIL,SELL,1.31,0,17.52,,False,GTC,,
STL,DU3053535,2906,,53,1.79769313486232E+308,LMT,SELL,0,22.1,23.1,,True,GTC,,
STL,DU3053535,2905,,53,1.79769313486232E+308,LMT,BUY,0,19.2,20.2,,True,GTC,,,20201228 09:30:00 EST, 137132307≥+18.83, 137132307≥+626073,margin ≥+20
STWD,DU3053535,2904,,49,1.79769313486232E+308,TRAIL,SELL,1,0,19.27,,False,GTC,,
STWD,DU3053535,2903,,49,1.79769313486232E+308,LMT,SELL,0,22.76,23.76,,True,GTC,,
STWD,DU3053535,2902,,49,1.79769313486232E+308,LMT,BUY,0,20.67,21.67,,True,GTC,,,20201228 09:30:00 EST, 67418868≥+20.27, 67418868≥+646855,margin ≥+20
TFSL,DU3053535,2853,,54,1.79769313486232E+308,TRAIL,SELL,0.8,0,17.64,,False,GTC,,
TFSL,DU3053535,2852,,54,1.79769313486232E+308,LMT,SELL,0,20.46,21.46,,True,GTC,,
TFSL,DU3053535,2851,,54,1.79769313486232E+308,LMT,BUY,0,18.82,19.82,,True,GTC,,,20201228 09:30:00 EST, 43985746≥+18.45, 43985746≥+144545,margin ≥+20
TGH,DU3053535,2850,,47,1.79769313486232E+308,TRAIL,SELL,1.85,0,19.41,,False,GTC,,
TGH,DU3053535,2849,,47,1.79769313486232E+308,LMT,SELL,0,25.87,26.87,,True,GTC,,
TGH,DU3053535,2848,,47,1.79769313486232E+308,LMT,BUY,0,21.68,22.68,,True,GTC,,,20201228 09:30:00 EST, 46593894≥+21.25, 46593894≥+107927,margin ≥+20
TGNA,DU3053535,2847,,67,1.79769313486232E+308,TRAIL,SELL,0.93,0,13.87,,False,GTC,,
TGNA,DU3053535,2846,,67,1.79769313486232E+308,LMT,SELL,0,17.12,18.12,,True,GTC,,
TECK,DU3053535,2861,,51,1.79769313486232E+308,LMT,SELL,0,23.61,24.61,,True,GTC,,
TECK,DU3053535,2860,,51,1.79769313486232E+308,LMT,BUY,0,19.99,20.99,,True,GTC,,,20201228 09:30:00 EST, 39921623≥+19.6, 39921623≥+243400,margin ≥+20
TEF,DU3053535,2859,,221,1.79769313486232E+308,TRAIL,SELL,0.31,0,4.21,,False,GTC,,
TEF,DU3053535,2858,,221,1.79769313486232E+308,LMT,SELL,0,5.29,6.29,,True,GTC,,
TEF,DU3053535,2857,,221,1.79769313486232E+308,LMT,BUY,0,4.61,5.61,,True,GTC,,,20201228 09:30:00 EST, 12702≥+4.52, 12702≥+229164,margin ≥+20
TEVA,DU3053535,2856,,92,1.79769313486232E+308,TRAIL,SELL,0.73,0,10.12,,False,GTC,,
TEVA,DU3053535,2855,,92,1.79769313486232E+308,LMT,SELL,0,12.66,13.66,,True,GTC,,
TEVA,DU3053535,2854,,92,1.79769313486232E+308,LMT,BUY,0,11.06,12.06,,True,GTC,,,20201228 09:30:00 EST, 275085≥+10.84, 275085≥+698891,margin ≥+20
TBI,DU3053535,2869,,49,1.79769313486232E+308,LMT,BUY,0,20.8,21.8,,True,GTC,,,20201228 09:30:00 EST, 47619256≥+20.39, 47619256≥+130782,margin ≥+20
TCPC,DU3053535,2868,,80,1.79769313486232E+308,TRAIL,SELL,0.71,0,11.76,,False,GTC,,
TCPC,DU3053535,2867,,80,1.79769313486232E+308,LMT,SELL,0,14.25,15.25,,True,GTC,,
TCPC,DU3053535,2866,,80,1.79769313486232E+308,LMT,BUY,0,12.72,13.72,,True,GTC,,,20201228 09:30:00 EST, 329441111≥+12.47, 329441111≥+79018,margin ≥+20
TDS,DU3053535,2865,,50,1.79769313486232E+308,TRAIL,SELL,1.17,0,18.54,,False,GTC,,
TDS,DU3053535,2864,,50,1.79769313486232E+308,LMT,SELL,0,22.64,23.64,,True,GTC,,
TDS,DU3053535,2863,,50,1.79769313486232E+308,LMT,BUY,0,20.1,21.1,,True,GTC,,,20201228 09:30:00 EST, 101387488≥+19.71, 101387488≥+466909,margin ≥+20
TECK,DU3053535,2862,,51,1.79769313486232E+308,TRAIL,SELL,1.61,0,17.99,,False,GTC,,
TAK,DU3053535,2877,,50,1.79769313486232E+308,TRAIL,SELL,1,0,18.67,,False,GTC,,
TAK,DU3053535,2876,,50,1.79769313486232E+308,LMT,SELL,0,22.16,23.16,,True,GTC,,
TAK,DU3053535,2875,,50,1.79769313486232E+308,LMT,BUY,0,20.06,21.06,,True,GTC,,,20201228 09:30:00 EST, 75124183≥+19.66, 75124183≥+122800,margin ≥+20
TBBK,DU3053535,2874,,68,1.79769313486232E+308,TRAIL,SELL,1.06,0,13.59,,False,GTC,,
TBBK,DU3053535,2873,,68,1.79769313486232E+308,LMT,SELL,0,17.3,18.3,,True,GTC,,
TBBK,DU3053535,2872,,68,1.79769313486232E+308,LMT,BUY,0,14.95,15.95,,True,GTC,,,20201228 09:30:00 EST, 32821451≥+14.65, 32821451≥+111509,margin ≥+20
TBI,DU3053535,2871,,49,1.79769313486232E+308,TRAIL,SELL,1.29,0,19.1,,False,GTC,,
TBI,DU3053535,2870,,49,1.79769313486232E+308,LMT,SELL,0,23.61,24.61,,True,GTC,,
SLM,DU3053535,2949,,77,1.79769313486232E+308,TRAIL,SELL,0.62,0,12.23,,False,GTC,,
SLM,DU3053535,2948,,77,1.79769313486232E+308,LMT,SELL,0,14.38,15.38,,True,GTC,,
SLM,DU3053535,2947,,77,1.79769313486232E+308,LMT,BUY,0,13.1,14.1,,True,GTC,,,20201228 09:30:00 EST, 12211≥+12.84, 12211≥+952055,margin ≥+20
SLRC,DU3053535,2946,,55,1.79769313486232E+308,TRAIL,SELL,0.74,0,17.32,,False,GTC,,
SLRC,DU3053535,2945,,55,1.79769313486232E+308,LMT,SELL,0,19.9,20.9,,True,GTC,,
SLRC,DU3053535,2944,,55,1.79769313486232E+308,LMT,BUY,0,18.42,19.42,,True,GTC,,,20201228 09:30:00 EST, 72516371≥+18.06, 72516371≥+20982,margin ≥+20
SMFG,DU3053535,2943,,162,1.79769313486232E+308,TRAIL,SELL,0.18,0,5.98,,False,GTC,,
SMFG,DU3053535,2942,,162,1.79769313486232E+308,LMT,SELL,0,6.62,7.62,,True,GTC,,
SIRI,DU3053535,2957,,149,1.79769313486232E+308,LMT,SELL,0,7.52,8.52,,True,GTC,,
SIRI,DU3053535,2956,,149,1.79769313486232E+308,LMT,BUY,0,6.82,7.82,,True,GTC,,,20201228 09:30:00 EST, 138397467≥+6.68, 138397467≥+5254564,margin ≥+20
SITC,DU3053535,2955,,90,1.79769313486232E+308,TRAIL,SELL,0.77,0,10.28,,False,GTC,,
SITC,DU3053535,2954,,90,1.79769313486232E+308,LMT,SELL,0,13,14,,True,GTC,,
SITC,DU3053535,2953,,90,1.79769313486232E+308,LMT,BUY,0,11.28,12.28,,True,GTC,,,20201228 09:30:00 EST, 336638408≥+11.06, 336638408≥+683145,margin ≥+20
SJR,DU3053535,2952,,54,1.79769313486232E+308,TRAIL,SELL,0.66,0,17.79,,False,GTC,,
SJR,DU3053535,2951,,54,1.79769313486232E+308,LMT,SELL,0,20.11,21.11,,True,GTC,,
SJR,DU3053535,2950,,54,1.79769313486232E+308,LMT,BUY,0,18.82,19.82,,True,GTC,,,20201228 09:30:00 EST, 5026978≥+18.46, 5026978≥+115473,margin ≥+20
SHO,DU3053535,2965,,83,1.79769313486232E+308,LMT,BUY,0,12.16,13.16,,True,GTC,,,20201228 09:30:00 EST, 31729162≥+11.92, 31729162≥+688818,margin ≥+20
SID,DU3053535,2964,,159,1.79769313486232E+308,TRAIL,SELL,0.58,0,5.7,,False,GTC,,
SID,DU3053535,2963,,159,1.79769313486232E+308,LMT,SELL,0,7.73,8.73,,True,GTC,,
SID,DU3053535,2962,,159,1.79769313486232E+308,LMT,BUY,0,6.41,7.41,,True,GTC,,,20201228 09:30:00 EST, 6607727≥+6.28, 6607727≥+108273,margin ≥+20
SIGA,DU3053535,2961,,130,1.79769313486232E+308,TRAIL,SELL,0.45,0,7.18,,False,GTC,,
SIGA,DU3053535,2960,,130,1.79769313486232E+308,LMT,SELL,0,8.76,9.76,,True,GTC,,
SIGA,DU3053535,2959,,130,1.79769313486232E+308,LMT,BUY,0,7.79,8.79,,True,GTC,,,20201228 09:30:00 EST, 4818014≥+7.63, 4818014≥+96145,margin ≥+20
SIRI,DU3053535,2958,,149,1.79769313486232E+308,TRAIL,SELL,0.34,0,6.35,,False,GTC,,
SFE,DU3053535,2973,,142,1.79769313486232E+308,TRAIL,SELL,0.56,0,6.47,,False,GTC,,
SFE,DU3053535,2972,,142,1.79769313486232E+308,LMT,SELL,0,8.41,9.41,,True,GTC,,
SFE,DU3053535,2971,,142,1.79769313486232E+308,LMT,BUY,0,7.16,8.16,,True,GTC,,,20201228 09:30:00 EST, 67544931≥+7.02, 67544931≥+68255,margin ≥+20
SHLX,DU3053535,2970,,88,1.79769313486232E+308,TRAIL,SELL,1,0,10.35,,False,GTC,,
SHLX,DU3053535,2969,,88,1.79769313486232E+308,LMT,SELL,0,13.85,14.85,,True,GTC,,
SHLX,DU3053535,2968,,88,1.79769313486232E+308,LMT,BUY,0,11.57,12.57,,True,GTC,,,20201228 09:30:00 EST, 172017964≥+11.35, 172017964≥+479436,margin ≥+20
SHO,DU3053535,2967,,83,1.79769313486232E+308,TRAIL,SELL,0.86,0,11.06,,False,GTC,,
SHO,DU3053535,2966,,83,1.79769313486232E+308,LMT,SELL,0,14.06,15.06,,True,GTC,,
STAR,DU3053535,2917,,64,1.79769313486232E+308,LMT,BUY,0,15.85,16.85,,True,GTC,,,20201228 09:30:00 EST, 12034≥+15.54, 12034≥+325145,margin ≥+20
STAY,DU3053535,2916,,67,1.79769313486232E+308,TRAIL,SELL,0.89,0,14.02,,False,GTC,,
STAY,DU3053535,2915,,67,1.79769313486232E+308,LMT,SELL,0,17.13,18.13,,True,GTC,,
STAY,DU3053535,2914,,67,1.79769313486232E+308,LMT,BUY,0,15.21,16.21,,True,GTC,,,20201228 09:30:00 EST, 138197383≥+14.91, 138197383≥+237727,margin ≥+20
STFC,DU3053535,2913,,52,1.79769313486232E+308,TRAIL,SELL,1.42,0,17.79,,False,GTC,,
STFC,DU3053535,2912,,52,1.79769313486232E+308,LMT,SELL,0,22.78,23.78,,True,GTC,,
STFC,DU3053535,2911,,52,1.79769313486232E+308,LMT,BUY,0,19.6,20.6,,True,GTC,,,20201228 09:30:00 EST, 274706≥+19.22, 274706≥+32945,margin ≥+20
STKL,DU3053535,2910,,89,1.79769313486232E+308,TRAIL,SELL,0.94,0,10.22,,False,GTC,,
SSP,DU3053535,2925,,63,1.79769313486232E+308,TRAIL,SELL,1.34,0,14.35,,False,GTC,,
SSP,DU3053535,2924,,63,1.79769313486232E+308,LMT,SELL,0,19.05,20.05,,True,GTC,,
SSP,DU3053535,2923,,63,1.79769313486232E+308,LMT,BUY,0,16,17,,True,GTC,,,20201228 09:30:00 EST, 52581781≥+15.69, 52581781≥+276618,margin ≥+20
SSRM,DU3053535,2922,,48,1.79769313486232E+308,TRAIL,SELL,1.66,0,19.16,,False,GTC,,
SSRM,DU3053535,2921,,48,1.79769313486232E+308,LMT,SELL,0,24.96,25.96,,True,GTC,,
SSRM,DU3053535,2920,,48,1.79769313486232E+308,LMT,BUY,0,21.24,22.24,,True,GTC,,,20201228 09:30:00 EST, 284632520≥+20.82, 284632520≥+224291,margin ≥+20
STAR,DU3053535,2919,,64,1.79769313486232E+308,TRAIL,SELL,0.75,0,14.79,,False,GTC,,
STAR,DU3053535,2918,,64,1.79769313486232E+308,LMT,SELL,0,17.42,18.42,,True,GTC,,
SPH,DU3053535,2933,,61,1.79769313486232E+308,LMT,SELL,0,18.6,19.6,,True,GTC,,
SPH,DU3053535,2932,,61,1.79769313486232E+308,LMT,BUY,0,16.45,17.45,,True,GTC,,,20201228 09:30:00 EST, 1433753≥+16.13, 1433753≥+39345,margin ≥+20
SPKE,DU3053535,2931,,98,1.79769313486232E+308,TRAIL,SELL,0.69,0,9.42,,False,GTC,,
SPKE,DU3053535,2930,,98,1.79769313486232E+308,LMT,SELL,0,11.84,12.84,,True,GTC,,
SPKE,DU3053535,2929,,98,1.79769313486232E+308,LMT,BUY,0,10.32,11.32,,True,GTC,,,20201228 09:30:00 EST, 161829179≥+10.11, 161829179≥+72909,margin ≥+20
SPOK,DU3053535,2928,,88,1.79769313486232E+308,TRAIL,SELL,0.73,0,10.63,,False,GTC,,
SPOK,DU3053535,2927,,88,1.79769313486232E+308,LMT,SELL,0,13.19,14.19,,True,GTC,,
SPOK,DU3053535,2926,,88,1.79769313486232E+308,LMT,BUY,0,11.59,12.59,,True,GTC,,,20201228 09:30:00 EST, 160129221≥+11.36, 160129221≥+63582,margin ≥+20
SMFG,DU3053535,2941,,162,1.79769313486232E+308,LMT,BUY,0,6.29,7.29,,True,GTC,,,20201228 09:30:00 EST, 80410784≥+6.17, 80410784≥+228455,margin ≥+20
SNPR,DU3053535,2940,,83,1.79769313486232E+308,TRAIL,SELL,0.95,0,11.04,,False,GTC,,
SNPR,DU3053535,2939,,83,1.79769313486232E+308,LMT,SELL,0,14.38,15.38,,True,GTC,,
SNPR,DU3053535,2938,,83,1.79769313486232E+308,LMT,BUY,0,12.24,13.24,,True,GTC,,,20201228 09:30:00 EST, 452066200≥+12, 452066200≥+74436,margin ≥+20
SOAC,DU3053535,2937,,86,1.79769313486232E+308,TRAIL,SELL,0.84,0,10.71,,False,GTC,,
SOAC,DU3053535,2936,,86,1.79769313486232E+308,LMT,SELL,0,13.66,14.66,,True,GTC,,
SOAC,DU3053535,2935,,86,1.79769313486232E+308,LMT,BUY,0,11.78,12.78,,True,GTC,,,20201228 09:30:00 EST, 427737350≥+11.55, 427737350≥+115309,margin ≥+20
SPH,DU3053535,2934,,61,1.79769313486232E+308,TRAIL,SELL,0.99,0,15.14,,False,GTC,,
UIS,DU3053535,2757,,51,1.79769313486232E+308,TRAIL,SELL,1.23,0,18.11,,False,GTC,,
UIS,DU3053535,2756,,51,1.79769313486232E+308,LMT,SELL,0,22.4,23.4,,True,GTC,,
UIS,DU3053535,2755,,51,1.79769313486232E+308,LMT,BUY,0,19.72,20.72,,True,GTC,,,20201228 09:30:00 EST, 69884347≥+19.33, 69884347≥+108364,margin ≥+20
UMH,DU3053535,2754,,60,1.79769313486232E+308,TRAIL,SELL,1.11,0,15.53,,False,GTC,,
UMH,DU3053535,2753,,60,1.79769313486232E+308,LMT,SELL,0,19.43,20.43,,True,GTC,,
UMH,DU3053535,2752,,60,1.79769313486232E+308,LMT,BUY,0,16.98,17.98,,True,GTC,,,20201228 09:30:00 EST, 38615181≥+16.64, 38615181≥+134036,margin ≥+20
UMPQ,DU3053535,2751,,63,1.79769313486232E+308,TRAIL,SELL,0.85,0,14.92,,False,GTC,,
UMPQ,DU3053535,2750,,63,1.79769313486232E+308,LMT,SELL,0,17.9,18.9,,True,GTC,,
UA,DU3053535,2765,,61,1.79769313486232E+308,LMT,SELL,0,18.86,19.86,,True,GTC,,
UA,DU3053535,2764,,61,1.79769313486232E+308,LMT,BUY,0,16.54,17.54,,True,GTC,,,20201228 09:30:00 EST, 225590118≥+16.21, 225590118≥+764782,margin ≥+20
UBS,DU3053535,2763,,68,1.79769313486232E+308,TRAIL,SELL,0.59,0,14.03,,False,GTC,,
UBS,DU3053535,2762,,68,1.79769313486232E+308,LMT,SELL,0,16.09,17.09,,True,GTC,,
UBS,DU3053535,2761,,68,1.79769313486232E+308,LMT,BUY,0,14.91,15.91,,True,GTC,,,20201228 09:30:00 EST, 172721087≥+14.62, 172721087≥+164255,margin ≥+20
UFI,DU3053535,2760,,52,1.79769313486232E+308,TRAIL,SELL,1.67,0,17.25,,False,GTC,,
UFI,DU3053535,2759,,52,1.79769313486232E+308,LMT,SELL,0,23.1,24.1,,True,GTC,,
UFI,DU3053535,2758,,52,1.79769313486232E+308,LMT,BUY,0,19.3,20.3,,True,GTC,,,20201228 09:30:00 EST, 80598748≥+18.92, 80598748≥+24891,margin ≥+20
TWCT,DU3053535,2773,,91,1.79769313486232E+308,LMT,BUY,0,11.17,12.17,,True,GTC,,,20201228 09:30:00 EST, 453054789≥+10.95, 453054789≥+92273,margin ≥+20
TWNK,DU3053535,2772,,68,1.79769313486232E+308,TRAIL,SELL,0.64,0,14.03,,False,GTC,,
TWNK,DU3053535,2771,,68,1.79769313486232E+308,LMT,SELL,0,16.28,17.28,,True,GTC,,
TWNK,DU3053535,2770,,68,1.79769313486232E+308,LMT,BUY,0,14.96,15.96,,True,GTC,,,20201228 09:30:00 EST, 254457734≥+14.67, 254457734≥+451345,margin ≥+20
TWO,DU3053535,2769,,140,1.79769313486232E+308,TRAIL,SELL,0.52,0,6.58,,False,GTC,,
TWO,DU3053535,2768,,140,1.79769313486232E+308,LMT,SELL,0,8.38,9.38,,True,GTC,,
TWO,DU3053535,2767,,140,1.79769313486232E+308,LMT,BUY,0,7.24,8.24,,True,GTC,,,20201228 09:30:00 EST, 290404682≥+7.09, 290404682≥+861745,margin ≥+20
UA,DU3053535,2766,,61,1.79769313486232E+308,TRAIL,SELL,1.06,0,15.16,,False,GTC,,
TV,DU3053535,2781,,115,1.79769313486232E+308,TRAIL,SELL,0.59,0,8.07,,False,GTC,,
TV,DU3053535,2780,,115,1.79769313486232E+308,LMT,SELL,0,10.12,11.12,,True,GTC,,
TV,DU3053535,2779,,115,1.79769313486232E+308,LMT,BUY,0,8.83,9.83,,True,GTC,,,20201228 09:30:00 EST, 13056≥+8.66, 13056≥+83909,margin ≥+20
TVTY,DU3053535,2778,,48,1.79769313486232E+308,TRAIL,SELL,1.68,0,18.89,,False,GTC,,
TVTY,DU3053535,2777,,48,1.79769313486232E+308,LMT,SELL,0,24.76,25.76,,True,GTC,,
TVTY,DU3053535,2776,,48,1.79769313486232E+308,LMT,BUY,0,20.98,21.98,,True,GTC,,,20201228 09:30:00 EST, 261988977≥+20.57, 261988977≥+191836,margin ≥+20
TWCT,DU3053535,2775,,91,1.79769313486232E+308,TRAIL,SELL,0.66,0,10.29,,False,GTC,,
TWCT,DU3053535,2774,,91,1.79769313486232E+308,LMT,SELL,0,12.59,13.59,,True,GTC,,
VEON,DU3053535,2725,,572,1.79769313486232E+308,LMT,BUY,0,1.78,2.78,,True,GTC,,,20201228 09:30:00 EST, 271291043≥+1.75, 271291043≥+553891,margin ≥+20
VG,DU3053535,2724,,68,1.79769313486232E+308,TRAIL,SELL,1.08,0,13.57,,False,GTC,,
VG,DU3053535,2723,,68,1.79769313486232E+308,LMT,SELL,0,17.35,18.35,,True,GTC,,
VG,DU3053535,2722,,68,1.79769313486232E+308,LMT,BUY,0,14.94,15.94,,True,GTC,,,20201228 09:30:00 EST, 39126019≥+14.65, 39126019≥+2069291,margin ≥+20
VHC,DU3053535,2721,,174,1.79769313486232E+308,TRAIL,SELL,0.45,0,5.29,,False,GTC,,
VHC,DU3053535,2720,,174,1.79769313486232E+308,LMT,SELL,0,6.87,7.87,,True,GTC,,
VHC,DU3053535,2719,,174,1.79769313486232E+308,LMT,BUY,0,5.86,6.86,,True,GTC,,,20201228 09:30:00 EST, 47010788≥+5.74, 47010788≥+95000,margin ≥+20
VIAV,DU3053535,2718,,67,1.79769313486232E+308,TRAIL,SELL,0.75,0,13.97,,False,GTC,,
VECO,DU3053535,2733,,50,1.79769313486232E+308,TRAIL,SELL,1.35,0,18.49,,False,GTC,,
VECO,DU3053535,2732,,50,1.79769313486232E+308,LMT,SELL,0,23.2,24.2,,True,GTC,,
VECO,DU3053535,2731,,50,1.79769313486232E+308,LMT,BUY,0,20.23,21.23,,True,GTC,,,20201228 09:30:00 EST, 275708≥+19.83, 275708≥+249673,margin ≥+20
VEDL,DU3053535,2730,,113,1.79769313486232E+308,TRAIL,SELL,0.77,0,8.01,,False,GTC,,
VEDL,DU3053535,2729,,113,1.79769313486232E+308,LMT,SELL,0,10.69,11.69,,True,GTC,,
VEDL,DU3053535,2728,,113,1.79769313486232E+308,LMT,BUY,0,8.95,9.95,,True,GTC,,,20201228 09:30:00 EST, 193604636≥+8.77, 193604636≥+109509,margin ≥+20
VEON,DU3053535,2727,,572,1.79769313486232E+308,TRAIL,SELL,0.15,0,1.6,,False,GTC,,
VEON,DU3053535,2726,,572,1.79769313486232E+308,LMT,SELL,0,2.12,3.12,,True,GTC,,
UVE,DU3053535,2741,,63,1.79769313486232E+308,LMT,SELL,0,18.33,19.33,,True,GTC,,
UVE,DU3053535,2740,,63,1.79769313486232E+308,LMT,BUY,0,16.13,17.13,,True,GTC,,,20201228 09:30:00 EST, 30217916≥+15.81, 30217916≥+131673,margin ≥+20
UVSP,DU3053535,2739,,46,1.79769313486232E+308,TRAIL,SELL,1.41,0,19.93,,False,GTC,,
UVSP,DU3053535,2738,,46,1.79769313486232E+308,LMT,SELL,0,24.86,25.86,,True,GTC,,
UVSP,DU3053535,2737,,46,1.79769313486232E+308,LMT,BUY,0,21.77,22.77,,True,GTC,,,20201228 09:30:00 EST, 21557069≥+21.34, 21557069≥+64927,margin ≥+20
VALE,DU3053535,2736,,55,1.79769313486232E+308,TRAIL,SELL,1.23,0,16.85,,False,GTC,,
VALE,DU3053535,2735,,55,1.79769313486232E+308,LMT,SELL,0,21.17,22.17,,True,GTC,,
VALE,DU3053535,2734,,55,1.79769313486232E+308,LMT,BUY,0,18.44,19.44,,True,GTC,,,20201228 09:30:00 EST, 60581038≥+18.08, 60581038≥+2164618,margin ≥+20
UMPQ,DU3053535,2749,,63,1.79769313486232E+308,LMT,BUY,0,16.08,17.08,,True,GTC,,,20201228 09:30:00 EST, 6746242≥+15.77, 6746242≥+840709,margin ≥+20
UNVR,DU3053535,2748,,51,1.79769313486232E+308,TRAIL,SELL,0.98,0,18.44,,False,GTC,,
UNVR,DU3053535,2747,,51,1.79769313486232E+308,LMT,SELL,0,21.86,22.86,,True,GTC,,
UNVR,DU3053535,2746,,51,1.79769313486232E+308,LMT,BUY,0,19.81,20.81,,True,GTC,,,20201228 09:30:00 EST, 197066575≥+19.42, 197066575≥+572655,margin ≥+20
UROV,DU3053535,2745,,60,1.79769313486232E+308,TRAIL,SELL,0.48,0,16.06,,False,GTC,,
UROV,DU3053535,2744,,60,1.79769313486232E+308,LMT,SELL,0,17.74,18.74,,True,GTC,,
UROV,DU3053535,2743,,60,1.79769313486232E+308,LMT,BUY,0,16.87,17.87,,True,GTC,,,20201228 09:30:00 EST, 335150874≥+16.54, 335150874≥+23509,margin ≥+20
UVE,DU3053535,2742,,63,1.79769313486232E+308,TRAIL,SELL,1.01,0,14.8,,False,GTC,,
TME,DU3053535,2821,,49,1.79769313486232E+308,LMT,BUY,0,20.58,21.58,,True,GTC,,,20201228 09:30:00 EST, 344439802≥+20.17, 344439802≥+2143873,margin ≥+20
TNAV,DU3053535,2820,,208,1.79769313486232E+308,TRAIL,SELL,0.1,0,4.7,,False,GTC,,
TNAV,DU3053535,2819,,208,1.79769313486232E+308,LMT,SELL,0,5.06,6.06,,True,GTC,,
TNAV,DU3053535,2818,,208,1.79769313486232E+308,LMT,BUY,0,4.9,5.9,,True,GTC,,,20201228 09:30:00 EST, 75220364≥+4.8, 75220364≥+309636,margin ≥+20
TPH,DU3053535,2817,,53,1.79769313486232E+308,TRAIL,SELL,1.24,0,17.33,,False,GTC,,
TPH,DU3053535,2816,,53,1.79769313486232E+308,LMT,SELL,0,21.68,22.68,,True,GTC,,
TPH,DU3053535,2815,,53,1.79769313486232E+308,LMT,BUY,0,18.94,19.94,,True,GTC,,,20201228 09:30:00 EST, 121560188≥+18.57, 121560188≥+583091,margin ≥+20
TPRE,DU3053535,2814,,100,1.79769313486232E+308,TRAIL,SELL,0.56,0,9.41,,False,GTC,,
TKC,DU3053535,2829,,185,1.79769313486232E+308,TRAIL,SELL,0.31,0,5.09,,False,GTC,,
TKC,DU3053535,2828,,185,1.79769313486232E+308,LMT,SELL,0,6.19,7.19,,True,GTC,,
TKC,DU3053535,2827,,185,1.79769313486232E+308,LMT,BUY,0,5.51,6.51,,True,GTC,,,20201228 09:30:00 EST, 12816≥+5.4, 12816≥+41182,margin ≥+20
TLYS,DU3053535,2826,,110,1.79769313486232E+308,TRAIL,SELL,0.78,0,8.3,,False,GTC,,
TLYS,DU3053535,2825,,110,1.79769313486232E+308,LMT,SELL,0,11.02,12.02,,True,GTC,,
TLYS,DU3053535,2824,,110,1.79769313486232E+308,LMT,BUY,0,9.26,10.26,,True,GTC,,,20201228 09:30:00 EST, 106894641≥+9.08, 106894641≥+30691,margin ≥+20
TME,DU3053535,2823,,49,1.79769313486232E+308,TRAIL,SELL,1.47,0,18.71,,False,GTC,,
TME,DU3053535,2822,,49,1.79769313486232E+308,LMT,SELL,0,23.84,24.84,,True,GTC,,
TILE,DU3053535,2837,,97,1.79769313486232E+308,LMT,SELL,0,12.66,13.66,,True,GTC,,
TILE,DU3053535,2836,,97,1.79769313486232E+308,LMT,BUY,0,10.49,11.49,,True,GTC,,,20201228 09:30:00 EST, 107233203≥+10.29, 107233203≥+350818,margin ≥+20
TIMB,DU3053535,2835,,67,1.79769313486232E+308,TRAIL,SELL,0.82,0,13.98,,False,GTC,,
TIMB,DU3053535,2834,,67,1.79769313486232E+308,LMT,SELL,0,16.86,17.86,,True,GTC,,
TIMB,DU3053535,2833,,67,1.79769313486232E+308,LMT,BUY,0,15.1,16.1,,True,GTC,,,20201228 09:30:00 EST, 449074379≥+14.8, 449074379≥+37345,margin ≥+20
TIPT,DU3053535,2832,,184,1.79769313486232E+308,TRAIL,SELL,0.22,0,5.2,,False,GTC,,
TIPT,DU3053535,2831,,184,1.79769313486232E+308,LMT,SELL,0,5.97,6.97,,True,GTC,,
TIPT,DU3053535,2830,,184,1.79769313486232E+308,LMT,BUY,0,5.53,6.53,,True,GTC,,,20201228 09:30:00 EST, 130702655≥+5.42, 130702655≥+34836,margin ≥+20
TGNA,DU3053535,2845,,67,1.79769313486232E+308,LMT,BUY,0,15.09,16.09,,True,GTC,,,20201228 09:30:00 EST, 196887976≥+14.79, 196887976≥+864945,margin ≥+20
TGP,DU3053535,2844,,79,1.79769313486232E+308,TRAIL,SELL,0.79,0,11.76,,False,GTC,,
TGP,DU3053535,2843,,79,1.79769313486232E+308,LMT,SELL,0,14.52,15.52,,True,GTC,,
TGP,DU3053535,2842,,79,1.79769313486232E+308,LMT,BUY,0,12.8,13.8,,True,GTC,,,20201228 09:30:00 EST, 34486048≥+12.55, 34486048≥+158309,margin ≥+20
THCA,DU3053535,2841,,84,1.79769313486232E+308,TRAIL,SELL,0.95,0,10.85,,False,GTC,,
THCA,DU3053535,2840,,84,1.79769313486232E+308,LMT,SELL,0,14.16,15.16,,True,GTC,,
THCA,DU3053535,2839,,84,1.79769313486232E+308,LMT,BUY,0,12.03,13.03,,True,GTC,,,20201228 09:30:00 EST, 376344538≥+11.8, 376344538≥+99273,margin ≥+20
TILE,DU3053535,2838,,97,1.79769313486232E+308,TRAIL,SELL,0.95,0,9.34,,False,GTC,,
TTM,DU3053535,2789,,77,1.79769313486232E+308,LMT,SELL,0,15,16,,True,GTC,,
TTM,DU3053535,2788,,77,1.79769313486232E+308,LMT,BUY,0,13.09,14.09,,True,GTC,,,20201228 09:30:00 EST, 31232219≥+12.83, 31232219≥+209455,margin ≥+20
TTMI,DU3053535,2787,,70,1.79769313486232E+308,TRAIL,SELL,0.67,0,13.49,,False,GTC,,
TTMI,DU3053535,2786,,70,1.79769313486232E+308,LMT,SELL,0,15.85,16.85,,True,GTC,,
TTMI,DU3053535,2785,,70,1.79769313486232E+308,LMT,BUY,0,14.45,15.45,,True,GTC,,,20201228 09:30:00 EST, 10311716≥+14.16, 10311716≥+277745,margin ≥+20
TU,DU3053535,2784,,48,1.79769313486232E+308,TRAIL,SELL,0.66,0,19.97,,False,GTC,,
TU,DU3053535,2783,,48,1.79769313486232E+308,LMT,SELL,0,22.28,23.28,,True,GTC,,
TU,DU3053535,2782,,48,1.79769313486232E+308,LMT,BUY,0,21.04,22.04,,True,GTC,,,20201228 09:30:00 EST, 121811784≥+20.63, 121811784≥+165927,margin ≥+20
TRTX,DU3053535,2797,,85,1.79769313486232E+308,LMT,BUY,0,11.96,12.96,,True,GTC,,,20201228 09:30:00 EST, 282665987≥+11.72, 282665987≥+199218,margin ≥+20
TRUE,DU3053535,2796,,205,1.79769313486232E+308,TRAIL,SELL,0.45,0,4.42,,False,GTC,,
TRUE,DU3053535,2795,,205,1.79769313486232E+308,LMT,SELL,0,5.99,6.99,,True,GTC,,
TRUE,DU3053535,2794,,205,1.79769313486232E+308,LMT,BUY,0,4.97,5.97,,True,GTC,,,20201228 09:30:00 EST, 151525644≥+4.87, 151525644≥+656036,margin ≥+20
TS,DU3053535,2793,,57,1.79769313486232E+308,TRAIL,SELL,1.08,0,16.35,,False,GTC,,
TS,DU3053535,2792,,57,1.79769313486232E+308,LMT,SELL,0,20.14,21.14,,True,GTC,,
TS,DU3053535,2791,,57,1.79769313486232E+308,LMT,BUY,0,17.78,18.78,,True,GTC,,,20201228 09:30:00 EST, 16675601≥+17.44, 16675601≥+120836,margin ≥+20
TTM,DU3053535,2790,,77,1.79769313486232E+308,TRAIL,SELL,0.87,0,11.96,,False,GTC,,
TROX,DU3053535,2805,,66,1.79769313486232E+308,TRAIL,SELL,1.19,0,13.91,,False,GTC,,
TROX,DU3053535,2804,,66,1.79769313486232E+308,LMT,SELL,0,18.08,19.08,,True,GTC,,
TROX,DU3053535,2803,,66,1.79769313486232E+308,LMT,BUY,0,15.4,16.4,,True,GTC,,,20201228 09:30:00 EST, 357888136≥+15.1, 357888136≥+416782,margin ≥+20
TRST,DU3053535,2802,,144,1.79769313486232E+308,TRAIL,SELL,0.35,0,6.55,,False,GTC,,
TRST,DU3053535,2801,,144,1.79769313486232E+308,LMT,SELL,0,7.79,8.79,,True,GTC,,
TRST,DU3053535,2800,,144,1.79769313486232E+308,LMT,BUY,0,7.04,8.04,,True,GTC,,,20201228 09:30:00 EST, 275334≥+6.9, 275334≥+417364,margin ≥+20
TRTX,DU3053535,2799,,85,1.79769313486232E+308,TRAIL,SELL,0.9,0,10.83,,False,GTC,,
TRTX,DU3053535,2798,,85,1.79769313486232E+308,LMT,SELL,0,13.96,14.96,,True,GTC,,
TPRE,DU3053535,2813,,100,1.79769313486232E+308,LMT,SELL,0,11.36,12.36,,True,GTC,,
TPRE,DU3053535,2812,,100,1.79769313486232E+308,LMT,BUY,0,10.16,11.16,,True,GTC,,,20201228 09:30:00 EST, 132732895≥+9.96, 132732895≥+74218,margin ≥+20
TRC,DU3053535,2811,,64,1.79769313486232E+308,TRAIL,SELL,0.89,0,14.67,,False,GTC,,
TRC,DU3053535,2810,,64,1.79769313486232E+308,LMT,SELL,0,17.77,18.77,,True,GTC,,
TRC,DU3053535,2809,,64,1.79769313486232E+308,LMT,BUY,0,15.87,16.87,,True,GTC,,,20201228 09:30:00 EST, 757590≥+15.56, 757590≥+112255,margin ≥+20
TREC,DU3053535,2808,,136,1.79769313486232E+308,TRAIL,SELL,0.44,0,6.88,,False,GTC,,
TREC,DU3053535,2807,,136,1.79769313486232E+308,LMT,SELL,0,8.42,9.42,,True,GTC,,
TREC,DU3053535,2806,,136,1.79769313486232E+308,LMT,BUY,0,7.47,8.47,,True,GTC,,,20201228 09:30:00 EST, 152814010≥+7.32, 152814010≥+48618,margin ≥+20
AMX,DU3053535,2629,,67,1.79769313486232E+308,LMT,BUY,0,15.21,16.21,,True,GTC,,,20201228 09:30:00 EST, 4442≥+14.91, 4442≥+239455,margin ≥+20
APSG,DU3053535,2628,,91,1.79769313486232E+308,TRAIL,SELL,0.56,0,10.36,,False,GTC,,
APSG,DU3053535,2627,,91,1.79769313486232E+308,LMT,SELL,0,12.31,13.31,,True,GTC,,
APSG,DU3053535,2626,,91,1.79769313486232E+308,LMT,BUY,0,11.14,12.14,,True,GTC,,,20201228 09:30:00 EST, 455575426≥+10.92, 455575426≥+118855,margin ≥+20
ARCC,DU3053535,2625,,58,1.79769313486232E+308,TRAIL,SELL,0.66,0,16.53,,False,GTC,,
ARCC,DU3053535,2624,,58,1.79769313486232E+308,LMT,SELL,0,18.84,19.84,,True,GTC,,
ARCC,DU3053535,2623,,58,1.79769313486232E+308,LMT,BUY,0,17.53,18.53,,True,GTC,,,20201228 09:30:00 EST, 31400554≥+17.19, 31400554≥+217418,margin ≥+20
ARI,DU3053535,2622,,81,1.79769313486232E+308,TRAIL,SELL,0.76,0,11.5,,False,GTC,,
AMBC,DU3053535,2637,,53,1.79769313486232E+308,TRAIL,SELL,1.26,0,17.27,,False,GTC,,
AMBC,DU3053535,2636,,53,1.79769313486232E+308,LMT,SELL,0,21.68,22.68,,True,GTC,,
AMBC,DU3053535,2635,,53,1.79769313486232E+308,LMT,BUY,0,18.9,19.9,,True,GTC,,,20201228 09:30:00 EST, 126945652≥+18.53, 126945652≥+234091,margin ≥+20
AMKR,DU3053535,2634,,62,1.79769313486232E+308,TRAIL,SELL,0.93,0,15.18,,False,GTC,,
AMKR,DU3053535,2633,,62,1.79769313486232E+308,LMT,SELL,0,18.44,19.44,,True,GTC,,
AMKR,DU3053535,2632,,62,1.79769313486232E+308,LMT,BUY,0,16.43,17.43,,True,GTC,,,20201228 09:30:00 EST, 4726244≥+16.11, 4726244≥+313255,margin ≥+20
AMX,DU3053535,2631,,67,1.79769313486232E+308,TRAIL,SELL,0.76,0,14.15,,False,GTC,,
AMX,DU3053535,2630,,67,1.79769313486232E+308,LMT,SELL,0,16.82,17.82,,True,GTC,,
AKR,DU3053535,2645,,62,1.79769313486232E+308,LMT,SELL,0,19.36,20.36,,True,GTC,,
AKR,DU3053535,2644,,62,1.79769313486232E+308,LMT,BUY,0,16.27,17.27,,True,GTC,,,20201228 09:30:00 EST, 6607467≥+15.95, 6607467≥+570800,margin ≥+20
ALEX,DU3053535,2643,,56,1.79769313486232E+308,TRAIL,SELL,1.18,0,16.46,,False,GTC,,
ALEX,DU3053535,2642,,56,1.79769313486232E+308,LMT,SELL,0,20.6,21.6,,True,GTC,,
ALEX,DU3053535,2641,,56,1.79769313486232E+308,LMT,BUY,0,17.99,18.99,,True,GTC,,,20201228 09:30:00 EST, 108670127≥+17.64, 108670127≥+346927,margin ≥+20
ALLT,DU3053535,2640,,84,1.79769313486232E+308,TRAIL,SELL,0.98,0,10.85,,False,GTC,,
ALLT,DU3053535,2639,,84,1.79769313486232E+308,LMT,SELL,0,14.29,15.29,,True,GTC,,
ALLT,DU3053535,2638,,84,1.79769313486232E+308,LMT,BUY,0,12.07,13.07,,True,GTC,,,20201228 09:30:00 EST, 41641102≥+11.83, 41641102≥+152255,margin ≥+20
AFIN,DU3053535,2653,,117,1.79769313486232E+308,LMT,BUY,0,8.66,9.66,,True,GTC,,,20201228 09:30:00 EST, 326197490≥+8.49, 326197490≥+387945,margin ≥+20
AHH,DU3053535,2652,,85,1.79769313486232E+308,TRAIL,SELL,0.72,0,10.96,,False,GTC,,
AHH,DU3053535,2651,,85,1.79769313486232E+308,LMT,SELL,0,13.47,14.47,,True,GTC,,
AHH,DU3053535,2650,,85,1.79769313486232E+308,LMT,BUY,0,11.91,12.91,,True,GTC,,,20201228 09:30:00 EST, 127149802≥+11.67, 127149802≥+247382,margin ≥+20
AINV,DU3053535,2649,,83,1.79769313486232E+308,TRAIL,SELL,0.78,0,11.18,,False,GTC,,
AINV,DU3053535,2648,,83,1.79769313486232E+308,LMT,SELL,0,13.89,14.89,,True,GTC,,
AINV,DU3053535,2647,,83,1.79769313486232E+308,LMT,BUY,0,12.19,13.19,,True,GTC,,,20201228 09:30:00 EST, 344162255≥+11.95, 344162255≥+146455,margin ≥+20
AKR,DU3053535,2646,,62,1.79769313486232E+308,TRAIL,SELL,1.37,0,14.58,,False,GTC,,
AMPH,DU3053535,2597,,49,1.79769313486232E+308,LMT,SELL,0,23.01,24.01,,True,GTC,,
AMPH,DU3053535,2596,,49,1.79769313486232E+308,LMT,BUY,0,20.43,21.43,,True,GTC,,,20201228 09:30:00 EST, 158060518≥+20.03, 158060518≥+97818,margin ≥+20
AEGN,DU3053535,2595,,49,1.79769313486232E+308,TRAIL,SELL,1.42,0,18.87,,False,GTC,,
AEGN,DU3053535,2594,,49,1.79769313486232E+308,LMT,SELL,0,23.83,24.83,,True,GTC,,
AEGN,DU3053535,2593,,49,1.79769313486232E+308,LMT,BUY,0,20.69,21.69,,True,GTC,,,20201228 09:30:00 EST, 96724118≥+20.29, 96724118≥+79273,margin ≥+20
AVID,DU3053535,2592,,65,1.79769313486232E+308,TRAIL,SELL,1.28,0,13.91,,False,GTC,,
AVID,DU3053535,2591,,65,1.79769313486232E+308,LMT,SELL,0,18.38,19.38,,True,GTC,,
AVID,DU3053535,2590,,65,1.79769313486232E+308,LMT,BUY,0,15.49,16.49,,True,GTC,,,20201228 09:30:00 EST, 266575≥+15.18, 266575≥+91400,margin ≥+20
BANC,DU3053535,2605,,63,1.79769313486232E+308,LMT,BUY,0,16,17,,True,GTC,,,20201228 09:30:00 EST, 131122722≥+15.69, 131122722≥+118927,margin ≥+20
BBDC,DU3053535,2604,,104,1.79769313486232E+308,TRAIL,SELL,0.42,0,9.16,,False,GTC,,
BBDC,DU3053535,2603,,104,1.79769313486232E+308,LMT,SELL,0,10.63,11.63,,True,GTC,,
BBDC,DU3053535,2602,,104,1.79769313486232E+308,LMT,BUY,0,9.77,10.77,,True,GTC,,,20201228 09:30:00 EST, 327230557≥+9.58, 327230557≥+37091,margin ≥+20
BCOV,DU3053535,2601,,52,1.79769313486232E+308,TRAIL,SELL,1.64,0,17.53,,False,GTC,,
BCOV,DU3053535,2600,,52,1.79769313486232E+308,LMT,SELL,0,23.28,24.28,,True,GTC,,
BCOV,DU3053535,2599,,52,1.79769313486232E+308,LMT,BUY,0,19.56,20.56,,True,GTC,,,20201228 09:30:00 EST, 102517028≥+19.17, 102517028≥+74382,margin ≥+20
AMPH,DU3053535,2598,,49,1.79769313486232E+308,TRAIL,SELL,1.2,0,18.83,,False,GTC,,
AXGN,DU3053535,2613,,54,1.79769313486232E+308,TRAIL,SELL,1.54,0,16.93,,False,GTC,,
AXGN,DU3053535,2612,,54,1.79769313486232E+308,LMT,SELL,0,22.34,23.34,,True,GTC,,
AXGN,DU3053535,2611,,54,1.79769313486232E+308,LMT,BUY,0,18.85,19.85,,True,GTC,,,20201228 09:30:00 EST, 95844254≥+18.48, 95844254≥+80327,margin ≥+20
BAK,DU3053535,2610,,104,1.79769313486232E+308,TRAIL,SELL,0.69,0,8.84,,False,GTC,,
BAK,DU3053535,2609,,104,1.79769313486232E+308,LMT,SELL,0,11.27,12.27,,True,GTC,,
BAK,DU3053535,2608,,104,1.79769313486232E+308,LMT,BUY,0,9.73,10.73,,True,GTC,,,20201228 09:30:00 EST, 6607745≥+9.54, 6607745≥+220145,margin ≥+20
BANC,DU3053535,2607,,63,1.79769313486232E+308,TRAIL,SELL,0.95,0,14.74,,False,GTC,,
BANC,DU3053535,2606,,63,1.79769313486232E+308,LMT,SELL,0,18.07,19.07,,True,GTC,,
ARI,DU3053535,2621,,81,1.79769313486232E+308,LMT,SELL,0,14.16,15.16,,True,GTC,,
ARI,DU3053535,2620,,81,1.79769313486232E+308,LMT,BUY,0,12.51,13.51,,True,GTC,,,20201228 09:30:00 EST, 69052095≥+12.26, 69052095≥+272745,margin ≥+20
ARR,DU3053535,2619,,88,1.79769313486232E+308,TRAIL,SELL,0.51,0,10.83,,False,GTC,,
ARR,DU3053535,2618,,88,1.79769313486232E+308,LMT,SELL,0,12.63,13.63,,True,GTC,,
ARR,DU3053535,2617,,88,1.79769313486232E+308,LMT,BUY,0,11.57,12.57,,True,GTC,,,20201228 09:30:00 EST, 198163396≥+11.35, 198163396≥+287982,margin ≥+20
AVYA,DU3053535,2616,,46,1.79769313486232E+308,TRAIL,SELL,1.76,0,19.81,,False,GTC,,
AVYA,DU3053535,2615,,46,1.79769313486232E+308,LMT,SELL,0,25.95,26.95,,True,GTC,,
AVYA,DU3053535,2614,,46,1.79769313486232E+308,LMT,BUY,0,21.99,22.99,,True,GTC,,,20201228 09:30:00 EST, 300355239≥+21.56, 300355239≥+433709,margin ≥+20
VRT,DU3053535,2693,,48,1.79769313486232E+308,LMT,SELL,0,24.84,25.84,,True,GTC,,
VRT,DU3053535,2692,,48,1.79769313486232E+308,LMT,BUY,0,21.17,22.17,,True,GTC,,,20201228 09:30:00 EST, 402783527≥+20.75, 402783527≥+828764,margin ≥+20
VST,DU3053535,2691,,51,1.79769313486232E+308,TRAIL,SELL,1.12,0,18.27,,False,GTC,,
VST,DU3053535,2690,,51,1.79769313486232E+308,LMT,SELL,0,22.19,23.19,,True,GTC,,
VST,DU3053535,2689,,51,1.79769313486232E+308,LMT,BUY,0,19.78,20.78,,True,GTC,,,20201228 09:30:00 EST, 254457731≥+19.39, 254457731≥+2066673,margin ≥+20
VTRS,DU3053535,2688,,53,1.79769313486232E+308,TRAIL,SELL,1.18,0,17.63,,False,GTC,,
VTRS,DU3053535,2687,,53,1.79769313486232E+308,LMT,SELL,0,21.77,22.77,,True,GTC,,
VTRS,DU3053535,2686,,53,1.79769313486232E+308,LMT,BUY,0,19.19,20.19,,True,GTC,,,20201228 09:30:00 EST, 454859695≥+18.81, 454859695≥+5932873,margin ≥+20
VNDA,DU3053535,2701,,68,1.79769313486232E+308,LMT,BUY,0,14.91,15.91,,True,GTC,,,20201228 09:30:00 EST, 38689842≥+14.62, 38689842≥+330691,margin ≥+20
VOD,DU3053535,2700,,55,1.79769313486232E+308,TRAIL,SELL,0.95,0,17.1,,False,GTC,,
VOD,DU3053535,2699,,55,1.79769313486232E+308,LMT,SELL,0,20.41,21.41,,True,GTC,,
VOD,DU3053535,2698,,55,1.79769313486232E+308,LMT,BUY,0,18.41,19.41,,True,GTC,,,20201228 09:30:00 EST, 144463724≥+18.04, 144463724≥+389273,margin ≥+20
VRRM,DU3053535,2697,,69,1.79769313486232E+308,TRAIL,SELL,0.85,0,13.52,,False,GTC,,
VRRM,DU3053535,2696,,69,1.79769313486232E+308,LMT,SELL,0,16.48,17.48,,True,GTC,,
VRRM,DU3053535,2695,,69,1.79769313486232E+308,LMT,BUY,0,14.65,15.65,,True,GTC,,,20201228 09:30:00 EST, 337722877≥+14.36, 337722877≥+314618,margin ≥+20
VRT,DU3053535,2694,,48,1.79769313486232E+308,TRAIL,SELL,1.63,0,19.12,,False,GTC,,
VLY,DU3053535,2709,,96,1.79769313486232E+308,TRAIL,SELL,0.63,0,9.78,,False,GTC,,
VLY,DU3053535,2708,,96,1.79769313486232E+308,LMT,SELL,0,11.98,12.98,,True,GTC,,
VLY,DU3053535,2707,,96,1.79769313486232E+308,LMT,BUY,0,10.62,11.62,,True,GTC,,,20201228 09:30:00 EST, 13508≥+10.41, 13508≥+1104964,margin ≥+20
VMD,DU3053535,2706,,108,1.79769313486232E+308,TRAIL,SELL,0.71,0,8.51,,False,GTC,,
VMD,DU3053535,2705,,108,1.79769313486232E+308,LMT,SELL,0,11.02,12.02,,True,GTC,,
VMD,DU3053535,2704,,108,1.79769313486232E+308,LMT,BUY,0,9.41,10.41,,True,GTC,,,20201228 09:30:00 EST, 376694783≥+9.23, 376694783≥+31564,margin ≥+20
VNDA,DU3053535,2703,,68,1.79769313486232E+308,TRAIL,SELL,1.24,0,13.38,,False,GTC,,
VNDA,DU3053535,2702,,68,1.79769313486232E+308,LMT,SELL,0,17.71,18.71,,True,GTC,,
VIAV,DU3053535,2717,,67,1.79769313486232E+308,LMT,SELL,0,16.6,17.6,,True,GTC,,
VIAV,DU3053535,2716,,67,1.79769313486232E+308,LMT,BUY,0,15.02,16.02,,True,GTC,,,20201228 09:30:00 EST, 201113049≥+14.73, 201113049≥+595382,margin ≥+20
VIV,DU3053535,2715,,103,1.79769313486232E+308,TRAIL,SELL,0.65,0,8.97,,False,GTC,,
VIV,DU3053535,2714,,103,1.79769313486232E+308,LMT,SELL,0,11.24,12.24,,True,GTC,,
VIV,DU3053535,2713,,103,1.79769313486232E+308,LMT,BUY,0,9.81,10.81,,True,GTC,,,20201228 09:30:00 EST, 455575437≥+9.62, 455575437≥+125036,margin ≥+20
VKTX,DU3053535,2712,,142,1.79769313486232E+308,TRAIL,SELL,0.61,0,6.41,,False,GTC,,
VKTX,DU3053535,2711,,142,1.79769313486232E+308,LMT,SELL,0,8.55,9.55,,True,GTC,,
VKTX,DU3053535,2710,,142,1.79769313486232E+308,LMT,BUY,0,7.16,8.16,,True,GTC,,,20201228 09:30:00 EST, 192379311≥+7.02, 192379311≥+345691,margin ≥+20
ACRE,DU3053535,2661,,75,1.79769313486232E+308,TRAIL,SELL,0.95,0,12.22,,False,GTC,,
ACRE,DU3053535,2660,,75,1.79769313486232E+308,LMT,SELL,0,15.55,16.55,,True,GTC,,
ACRE,DU3053535,2659,,75,1.79769313486232E+308,LMT,BUY,0,13.43,14.43,,True,GTC,,,20201228 09:30:00 EST, 106619222≥+13.17, 106619222≥+279800,margin ≥+20
ADTN,DU3053535,2658,,63,1.79769313486232E+308,TRAIL,SELL,1.11,0,14.72,,False,GTC,,
ADTN,DU3053535,2657,,63,1.79769313486232E+308,LMT,SELL,0,18.6,19.6,,True,GTC,,
ADTN,DU3053535,2656,,63,1.79769313486232E+308,LMT,BUY,0,16.15,17.15,,True,GTC,,,20201228 09:30:00 EST, 265818≥+15.83, 265818≥+131109,margin ≥+20
AFIN,DU3053535,2655,,117,1.79769313486232E+308,TRAIL,SELL,0.72,0,7.77,,False,GTC,,
AFIN,DU3053535,2654,,117,1.79769313486232E+308,LMT,SELL,0,10.3,11.3,,True,GTC,,
ZNGA,DU3053535,2669,,98,1.79769313486232E+308,LMT,SELL,0,12.09,13.09,,True,GTC,,
ZNGA,DU3053535,2668,,98,1.79769313486232E+308,LMT,BUY,0,10.4,11.4,,True,GTC,,,20201228 09:30:00 EST, 98760277≥+10.19, 98760277≥+4726091,margin ≥+20
ZYXI,DU3053535,2667,,66,1.79769313486232E+308,TRAIL,SELL,1.3,0,13.66,,False,GTC,,
ZYXI,DU3053535,2666,,66,1.79769313486232E+308,LMT,SELL,0,18.2,19.2,,True,GTC,,
ZYXI,DU3053535,2665,,66,1.79769313486232E+308,LMT,BUY,0,15.26,16.26,,True,GTC,,,20201228 09:30:00 EST, 52413740≥+14.96, 52413740≥+88927,margin ≥+20
ACH,DU3053535,2664,,105,1.79769313486232E+308,TRAIL,SELL,0.68,0,8.82,,False,GTC,,
ACH,DU3053535,2663,,105,1.79769313486232E+308,LMT,SELL,0,11.21,12.21,,True,GTC,,
ACH,DU3053535,2662,,105,1.79769313486232E+308,LMT,BUY,0,9.69,10.69,,True,GTC,,,20201228 09:30:00 EST, 753861≥+9.5, 753861≥+27964,margin ≥+20
WPF,DU3053535,2677,,81,1.79769313486232E+308,LMT,BUY,0,12.52,13.52,,True,GTC,,,20201228 09:30:00 EST, 433252140≥+12.28, 433252140≥+342873,margin ≥+20
ZAGG,DU3053535,2676,,222,1.79769313486232E+308,TRAIL,SELL,0.32,0,4.17,,False,GTC,,
ZAGG,DU3053535,2675,,222,1.79769313486232E+308,LMT,SELL,0,5.3,6.3,,True,GTC,,
ZAGG,DU3053535,2674,,222,1.79769313486232E+308,LMT,BUY,0,4.58,5.58,,True,GTC,,,20201228 09:30:00 EST, 45058022≥+4.49, 45058022≥+64164,margin ≥+20
ZIXI,DU3053535,2673,,113,1.79769313486232E+308,TRAIL,SELL,0.85,0,8,,False,GTC,,
ZIXI,DU3053535,2672,,113,1.79769313486232E+308,LMT,SELL,0,10.96,11.96,,True,GTC,,
ZIXI,DU3053535,2671,,113,1.79769313486232E+308,LMT,BUY,0,9.02,10.02,,True,GTC,,,20201228 09:30:00 EST, 6267574≥+8.84, 6267574≥+287018,margin ≥+20
ZNGA,DU3053535,2670,,98,1.79769313486232E+308,TRAIL,SELL,0.76,0,9.44,,False,GTC,,
WNC,DU3053535,2685,,53,1.79769313486232E+308,TRAIL,SELL,1.25,0,17.48,,False,GTC,,
WNC,DU3053535,2684,,53,1.79769313486232E+308,LMT,SELL,0,21.84,22.84,,True,GTC,,
WNC,DU3053535,2683,,53,1.79769313486232E+308,LMT,BUY,0,19.1,20.1,,True,GTC,,,20201228 09:30:00 EST, 13839≥+18.72, 13839≥+224836,margin ≥+20
WOW,DU3053535,2682,,96,1.79769313486232E+308,TRAIL,SELL,0.9,0,9.46,,False,GTC,,
WOW,DU3053535,2681,,96,1.79769313486232E+308,LMT,SELL,0,12.6,13.6,,True,GTC,,
WOW,DU3053535,2680,,96,1.79769313486232E+308,LMT,BUY,0,10.57,11.57,,True,GTC,,,20201228 09:30:00 EST, 277216820≥+10.36, 277216820≥+174145,margin ≥+20
WPF,DU3053535,2679,,81,1.79769313486232E+308,TRAIL,SELL,1.09,0,11.19,,False,GTC,,
WPF,DU3053535,2678,,81,1.79769313486232E+308,LMT,SELL,0,14.99,15.99,,True,GTC,,
ABEV,DU3053535,2525,,295,1.79769313486232E+308,LMT,SELL,0,4.05,5.05,,True,GTC,,
ABEV,DU3053535,2524,,295,1.79769313486232E+308,LMT,BUY,0,3.45,4.45,,True,GTC,,,20201228 09:30:00 EST, 137736417≥+3.38, 137736417≥+2176018,margin ≥+20
BBD,DU3053535,2523,,175,1.79769313486232E+308,TRAIL,SELL,0.39,0,5.3,,False,GTC,,
BBD,DU3053535,2522,,175,1.79769313486232E+308,LMT,SELL,0,6.65,7.65,,True,GTC,,
BBD,DU3053535,2521,,175,1.79769313486232E+308,LMT,BUY,0,5.8,6.8,,True,GTC,,,20201228 09:30:00 EST, 28213000≥+5.69, 28213000≥+1925455,margin ≥+20
ACAM,DU3053535,2565,,93,1.79769313486232E+308,TRAIL,SELL,0.32,0,10.37,,False,GTC,,
ACAM,DU3053535,2564,,93,1.79769313486232E+308,LMT,SELL,0,11.48,12.48,,True,GTC,,
ACAM,DU3053535,2563,,93,1.79769313486232E+308,LMT,BUY,0,10.9,11.9,,True,GTC,,,20201228 09:30:00 EST, 360888852≥+10.68, 360888852≥+37218,margin ≥+20
ARCO,DU3053535,2562,,177,1.79769313486232E+308,TRAIL,SELL,0.46,0,5.17,,False,GTC,,
ARCO,DU3053535,2561,,177,1.79769313486232E+308,LMT,SELL,0,6.78,7.78,,True,GTC,,
ARCO,DU3053535,2560,,177,1.79769313486232E+308,LMT,BUY,0,5.74,6.74,,True,GTC,,,20201228 09:30:00 EST, 86766101≥+5.63, 86766101≥+58127,margin ≥+20
ACCO,DU3053535,2559,,106,1.79769313486232E+308,TRAIL,SELL,0.74,0,8.67,,False,GTC,,
ACCO,DU3053535,2558,,106,1.79769313486232E+308,LMT,SELL,0,11.27,12.27,,True,GTC,,
ASB,DU3053535,2573,,56,1.79769313486232E+308,LMT,SELL,0,19.93,20.93,,True,GTC,,
ASB,DU3053535,2572,,56,1.79769313486232E+308,LMT,BUY,0,17.92,18.92,,True,GTC,,,20201228 09:30:00 EST, 266410≥+17.57, 266410≥+476073,margin ≥+20
APG,DU3053535,2571,,51,1.79769313486232E+308,TRAIL,SELL,1.44,0,17.8,,False,GTC,,
APG,DU3053535,2570,,51,1.79769313486232E+308,LMT,SELL,0,22.85,23.85,,True,GTC,,
APG,DU3053535,2569,,51,1.79769313486232E+308,LMT,BUY,0,19.63,20.63,,True,GTC,,,20201228 09:30:00 EST, 419583227≥+19.24, 419583227≥+287582,margin ≥+20
ATCO,DU3053535,2568,,85,1.79769313486232E+308,TRAIL,SELL,1.04,0,10.66,,False,GTC,,
ATCO,DU3053535,2567,,85,1.79769313486232E+308,LMT,SELL,0,14.31,15.31,,True,GTC,,
ATCO,DU3053535,2566,,85,1.79769313486232E+308,LMT,BUY,0,11.94,12.94,,True,GTC,,,20201228 09:30:00 EST, 404491449≥+11.7, 404491449≥+125909,margin ≥+20
AT,DU3053535,2581,,479,1.79769313486232E+308,LMT,BUY,0,2.13,3.13,,True,GTC,,,20201228 09:30:00 EST, 70887420≥+2.09, 70887420≥+78600,margin ≥+20
APTS,DU3053535,2580,,121,1.79769313486232E+308,TRAIL,SELL,0.64,0,7.59,,False,GTC,,
APTS,DU3053535,2579,,121,1.79769313486232E+308,LMT,SELL,0,9.82,10.82,,True,GTC,,
APTS,DU3053535,2578,,121,1.79769313486232E+308,LMT,BUY,0,8.39,9.39,,True,GTC,,,20201228 09:30:00 EST, 81911134≥+8.23, 81911134≥+73273,margin ≥+20
AQN,DU3053535,2577,,59,1.79769313486232E+308,TRAIL,SELL,0.64,0,16.05,,False,GTC,,
AQN,DU3053535,2576,,59,1.79769313486232E+308,LMT,SELL,0,18.29,19.29,,True,GTC,,
AQN,DU3053535,2575,,59,1.79769313486232E+308,LMT,BUY,0,17.02,18.02,,True,GTC,,,20201228 09:30:00 EST, 69947434≥+16.69, 69947434≥+119073,margin ≥+20
ASB,DU3053535,2574,,56,1.79769313486232E+308,TRAIL,SELL,0.94,0,16.63,,False,GTC,,
ASUR,DU3053535,2589,,123,1.79769313486232E+308,TRAIL,SELL,0.68,0,7.42,,False,GTC,,
ASUR,DU3053535,2588,,123,1.79769313486232E+308,LMT,SELL,0,9.8,10.8,,True,GTC,,
ASUR,DU3053535,2587,,123,1.79769313486232E+308,LMT,BUY,0,8.26,9.26,,True,GTC,,,20201228 09:30:00 EST, 71395427≥+8.1, 71395427≥+54345,margin ≥+20
AAIC,DU3053535,2586,,244,1.79769313486232E+308,TRAIL,SELL,0.36,0,3.72,,False,GTC,,
AAIC,DU3053535,2585,,244,1.79769313486232E+308,LMT,SELL,0,4.98,5.98,,True,GTC,,
AAIC,DU3053535,2584,,244,1.79769313486232E+308,LMT,BUY,0,4.16,5.16,,True,GTC,,,20201228 09:30:00 EST, 69259320≥+4.08, 69259320≥+62945,margin ≥+20
AT,DU3053535,2583,,479,1.79769313486232E+308,TRAIL,SELL,0.09,0,1.99,,False,GTC,,
AT,DU3053535,2582,,479,1.79769313486232E+308,LMT,SELL,0,2.32,3.32,,True,GTC,,
AEO,DU3053535,2533,,47,1.79769313486232E+308,LMT,BUY,0,21.56,22.56,,True,GTC,,,20201228 09:30:00 EST, 4725951≥+21.13, 4725951≥+490291,margin ≥+20
AG,DU3053535,2532,,75,1.79769313486232E+308,TRAIL,SELL,1.2,0,11.99,,False,GTC,,
AG,DU3053535,2531,,75,1.79769313486232E+308,LMT,SELL,0,16.18,17.18,,True,GTC,,
AG,DU3053535,2530,,75,1.79769313486232E+308,LMT,BUY,0,13.45,14.45,,True,GTC,,,20201228 09:30:00 EST, 41855679≥+13.18, 41855679≥+464200,margin ≥+20
AUY,DU3053535,2529,,164,1.79769313486232E+308,TRAIL,SELL,0.46,0,5.62,,False,GTC,,
AUY,DU3053535,2528,,164,1.79769313486232E+308,LMT,SELL,0,7.22,8.22,,True,GTC,,
AUY,DU3053535,2527,,164,1.79769313486232E+308,LMT,BUY,0,6.2,7.2,,True,GTC,,,20201228 09:30:00 EST, 26985516≥+6.08, 26985516≥+1164764,margin ≥+20
ABEV,DU3053535,2526,,295,1.79769313486232E+308,TRAIL,SELL,0.27,0,3.11,,False,GTC,,
AGNC,DU3053535,2541,,62,1.79769313486232E+308,TRAIL,SELL,0.56,0,15.49,,False,GTC,,
AGNC,DU3053535,2540,,62,1.79769313486232E+308,LMT,SELL,0,17.44,18.44,,True,GTC,,
AGNC,DU3053535,2539,,62,1.79769313486232E+308,LMT,BUY,0,16.37,17.37,,True,GTC,,,20201228 09:30:00 EST, 249963585≥+16.05, 249963585≥+1767236,margin ≥+20
AMCR,DU3053535,2538,,83,1.79769313486232E+308,TRAIL,SELL,0.55,0,11.5,,False,GTC,,
AMCR,DU3053535,2537,,83,1.79769313486232E+308,LMT,SELL,0,13.41,14.41,,True,GTC,,
AMCR,DU3053535,2536,,83,1.79769313486232E+308,LMT,BUY,0,12.29,13.29,,True,GTC,,,20201228 09:30:00 EST, 364845429≥+12.05, 364845429≥+3634964,margin ≥+20
AEO,DU3053535,2535,,47,1.79769313486232E+308,TRAIL,SELL,1.59,0,19.54,,False,GTC,,
AEO,DU3053535,2534,,47,1.79769313486232E+308,LMT,SELL,0,25.11,26.11,,True,GTC,,
AACQ,DU3053535,2549,,90,1.79769313486232E+308,LMT,SELL,0,12.58,13.58,,True,GTC,,
AACQ,DU3053535,2548,,90,1.79769313486232E+308,LMT,BUY,0,11.27,12.27,,True,GTC,,,20201228 09:30:00 EST, 443757877≥+11.05, 443757877≥+157582,margin ≥+20
ACI,DU3053535,2547,,60,1.79769313486232E+308,TRAIL,SELL,0.93,0,15.47,,False,GTC,,
ACI,DU3053535,2546,,60,1.79769313486232E+308,LMT,SELL,0,18.73,19.73,,True,GTC,,
ACI,DU3053535,2545,,60,1.79769313486232E+308,LMT,BUY,0,16.73,17.73,,True,GTC,,,20201228 09:30:00 EST, 429435235≥+16.4, 429435235≥+454764,margin ≥+20
ADT,DU3053535,2544,,110,1.79769313486232E+308,TRAIL,SELL,0.7,0,8.36,,False,GTC,,
ADT,DU3053535,2543,,110,1.79769313486232E+308,LMT,SELL,0,10.81,11.81,,True,GTC,,
ADT,DU3053535,2542,,110,1.79769313486232E+308,LMT,BUY,0,9.24,10.24,,True,GTC,,,20201228 09:30:00 EST, 302902498≥+9.06, 302902498≥+811236,margin ≥+20
ACCO,DU3053535,2557,,106,1.79769313486232E+308,LMT,BUY,0,9.6,10.6,,True,GTC,,,20201228 09:30:00 EST, 35442319≥+9.42, 35442319≥+309727,margin ≥+20
ASX,DU3053535,2556,,166,1.79769313486232E+308,TRAIL,SELL,0.34,0,5.66,,False,GTC,,
ASX,DU3053535,2555,,166,1.79769313486232E+308,LMT,SELL,0,6.86,7.86,,True,GTC,,
ASX,DU3053535,2554,,166,1.79769313486232E+308,LMT,BUY,0,6.12,7.12,,True,GTC,,,20201228 09:30:00 EST, 314244771≥+6, 314244771≥+75036,margin ≥+20
AEG,DU3053535,2553,,252,1.79769313486232E+308,TRAIL,SELL,0.27,0,3.7,,False,GTC,,
AEG,DU3053535,2552,,252,1.79769313486232E+308,LMT,SELL,0,4.64,5.64,,True,GTC,,
AEG,DU3053535,2551,,252,1.79769313486232E+308,LMT,BUY,0,4.05,5.05,,True,GTC,,,20201228 09:30:00 EST, 4200≥+3.97, 4200≥+56309,margin ≥+20
AACQ,DU3053535,2550,,90,1.79769313486232E+308,TRAIL,SELL,0.61,0,10.43,,False,GTC,,
