,Account,Id,Ref,Qty,filled,Type,Action,Aux,Lmt,TrailStop,AlgoStrategy,LimitOffset,RTH,TIF,,
ALSK,DU3053535,8513,,256,1.79769313486232E+308,LMT,SELL,0,4.97,5.97,,1.79769313486232E+308,True,GTC,,
ALSK,DU3053535,8514,,256,1.79769313486232E+308,TRAIL LIMIT,SELL,0.36,0,3.54,,-1.77,True,GTC,,
APLE,DU3053535,8511,,71,1.79769313486232E+308,TRAIL LIMIT,SELL,0.9,0,13.03,,-6.52,True,GTC,,
ALSK,DU3053535,8512,,256,1.79769313486232E+308,LMT,BUY,0,3.98,4.98,,1.79769313486232E+308,True,GTC,,,20201229 09:30:00 EST, 6857405≥+3.9, 6857405≥+88127,margin ≥+20
AGRX,DU3053535,8517,,313,1.79769313486232E+308,TRAIL LIMIT,SELL,0.27,0,2.92,,-1.46,True,GTC,,
ABR,DU3053535,8518,,66,1.79769313486232E+308,LMT,BUY,0,15.4,16.4,,1.79769313486232E+308,True,GTC,,,20201229 09:30:00 EST, 29661257≥+15.1, 29661257≥+536945,margin ≥+20
AGRX,DU3053535,8515,,313,1.79769313486232E+308,LMT,BUY,0,3.25,4.25,,1.79769313486232E+308,True,GTC,,,20201229 09:30:00 EST, 152520360≥+3.19, 152520360≥+82909,margin ≥+20
AGRX,DU3053535,8516,,313,1.79769313486232E+308,LMT,SELL,0,4,5,,1.79769313486232E+308,True,GTC,,
ACCO,DU3053535,8505,,106,1.79769313486232E+308,TRAIL LIMIT,SELL,0.71,0,8.68,,-4.34,True,GTC,,
ATI,DU3053535,8506,,55,1.79769313486232E+308,LMT,BUY,0,18.35,19.35,,1.79769313486232E+308,True,GTC,,,20201229 09:30:00 EST, 1946967≥+17.99, 1946967≥+682691,margin ≥+20
ACCO,DU3053535,8503,,106,1.79769313486232E+308,LMT,BUY,0,9.58,10.58,,1.79769313486232E+308,True,GTC,,,20201229 09:30:00 EST, 35442319≥+9.39, 35442319≥+311927,margin ≥+20
ACCO,DU3053535,8504,,106,1.79769313486232E+308,LMT,SELL,0,11.54,12.54,,1.79769313486232E+308,True,GTC,,
APLE,DU3053535,8509,,71,1.79769313486232E+308,LMT,BUY,0,14.21,15.21,,1.79769313486232E+308,True,GTC,,,20201229 09:30:00 EST, 194322803≥+13.93, 194322803≥+614109,margin ≥+20
APLE,DU3053535,8510,,71,1.79769313486232E+308,LMT,SELL,0,16.65,17.65,,1.79769313486232E+308,True,GTC,,
ATI,DU3053535,8507,,55,1.79769313486232E+308,LMT,SELL,0,22.47,23.47,,1.79769313486232E+308,True,GTC,,
ATI,DU3053535,8508,,55,1.79769313486232E+308,TRAIL LIMIT,SELL,1.49,0,16.49,,-8.24,True,GTC,,
APG,DU3053535,8529,,52,1.79769313486232E+308,TRAIL LIMIT,SELL,1.38,0,17.8,,-8.9,True,GTC,,
AMRX,DU3053535,8530,,205,1.79769313486232E+308,LMT,BUY,0,4.97,5.97,,1.79769313486232E+308,True,GTC,,,20201229 09:30:00 EST, 316490716≥+4.87, 316490716≥+143509,margin ≥+20
APG,DU3053535,8527,,52,1.79769313486232E+308,LMT,BUY,0,19.57,20.57,,1.79769313486232E+308,True,GTC,,,20201229 09:30:00 EST, 419583227≥+19.19, 419583227≥+283800,margin ≥+20
APG,DU3053535,8528,,52,1.79769313486232E+308,LMT,SELL,0,23.33,24.33,,1.79769313486232E+308,True,GTC,,
ASB,DU3053535,8533,,56,1.79769313486232E+308,LMT,BUY,0,17.98,18.98,,1.79769313486232E+308,True,GTC,,,20201229 09:30:00 EST, 266410≥+17.63, 266410≥+485109,margin ≥+20
ASB,DU3053535,8534,,56,1.79769313486232E+308,LMT,SELL,0,20.43,21.43,,1.79769313486232E+308,True,GTC,,
AMRX,DU3053535,8531,,205,1.79769313486232E+308,LMT,SELL,0,6.19,7.19,,1.79769313486232E+308,True,GTC,,
AMRX,DU3053535,8532,,205,1.79769313486232E+308,TRAIL LIMIT,SELL,0.44,0,4.43,,-2.21,True,GTC,,
AERI,DU3053535,8521,,68,1.79769313486232E+308,LMT,BUY,0,14.99,15.99,,1.79769313486232E+308,True,GTC,,,20201229 09:30:00 EST, 137407026≥+14.69, 137407026≥+290091,margin ≥+20
AERI,DU3053535,8522,,68,1.79769313486232E+308,LMT,SELL,0,18.65,19.65,,1.79769313486232E+308,True,GTC,,
ABR,DU3053535,8519,,66,1.79769313486232E+308,LMT,SELL,0,17.77,18.77,,1.79769313486232E+308,True,GTC,,
ABR,DU3053535,8520,,66,1.79769313486232E+308,TRAIL LIMIT,SELL,0.89,0,14.2,,-7.1,True,GTC,,
ATCO,DU3053535,8525,,86,1.79769313486232E+308,LMT,SELL,0,14.54,15.54,,1.79769313486232E+308,True,GTC,,
ATCO,DU3053535,8526,,86,1.79769313486232E+308,TRAIL LIMIT,SELL,0.99,0,10.57,,-5.28,True,GTC,,
AERI,DU3053535,8523,,68,1.79769313486232E+308,TRAIL LIMIT,SELL,1.32,0,13.37,,-6.68,True,GTC,,
ATCO,DU3053535,8524,,86,1.79769313486232E+308,LMT,BUY,0,11.8,12.8,,1.79769313486232E+308,True,GTC,,,20201229 09:30:00 EST, 404491449≥+11.57, 404491449≥+124236,margin ≥+20
AGNC,DU3053535,8481,,62,1.79769313486232E+308,TRAIL LIMIT,SELL,0.55,0,15.52,,-7.76,True,GTC,,
ADT,DU3053535,8482,,111,1.79769313486232E+308,LMT,BUY,0,9.16,10.16,,1.79769313486232E+308,True,GTC,,,20201229 09:30:00 EST, 302902498≥+8.98, 302902498≥+911636,margin ≥+20
AGNC,DU3053535,8479,,62,1.79769313486232E+308,LMT,BUY,0,16.38,17.38,,1.79769313486232E+308,True,GTC,,,20201229 09:30:00 EST, 249963585≥+16.06, 249963585≥+1957727,margin ≥+20
AGNC,DU3053535,8480,,62,1.79769313486232E+308,LMT,SELL,0,17.71,18.71,,1.79769313486232E+308,True,GTC,,
ANH,DU3053535,8485,,342,1.79769313486232E+308,LMT,BUY,0,2.98,3.98,,1.79769313486232E+308,True,GTC,,,20201229 09:30:00 EST, 6604231≥+2.92, 6604231≥+306091,margin ≥+20
ANH,DU3053535,8486,,342,1.79769313486232E+308,LMT,SELL,0,3.7,4.7,,1.79769313486232E+308,True,GTC,,
ADT,DU3053535,8483,,111,1.79769313486232E+308,LMT,SELL,0,11.06,12.06,,1.79769313486232E+308,True,GTC,,
ADT,DU3053535,8484,,111,1.79769313486232E+308,TRAIL LIMIT,SELL,0.69,0,8.29,,-4.14,True,GTC,,
AEO,DU3053535,8473,,47,1.79769313486232E+308,LMT,BUY,0,21.57,22.57,,1.79769313486232E+308,True,GTC,,,20201229 09:30:00 EST, 4725951≥+21.15, 4725951≥+494091,margin ≥+20
AEO,DU3053535,8474,,47,1.79769313486232E+308,LMT,SELL,0,25.95,26.95,,1.79769313486232E+308,True,GTC,,
AG,DU3053535,8471,,74,1.79769313486232E+308,LMT,SELL,0,17,18,,1.79769313486232E+308,True,GTC,,
AG,DU3053535,8472,,74,1.79769313486232E+308,TRAIL LIMIT,SELL,1.21,0,12.18,,-6.09,True,GTC,,
AMCR,DU3053535,8477,,83,1.79769313486232E+308,LMT,SELL,0,13.62,14.62,,1.79769313486232E+308,True,GTC,,
AMCR,DU3053535,8478,,83,1.79769313486232E+308,TRAIL LIMIT,SELL,0.53,0,11.5,,-5.75,True,GTC,,
AEO,DU3053535,8475,,47,1.79769313486232E+308,TRAIL LIMIT,SELL,1.6,0,19.55,,-9.78,True,GTC,,
AMCR,DU3053535,8476,,83,1.79769313486232E+308,LMT,BUY,0,12.27,13.27,,1.79769313486232E+308,True,GTC,,,20201229 09:30:00 EST, 364845429≥+12.03, 364845429≥+3398745,margin ≥+20
AEG,DU3053535,8497,,250,1.79769313486232E+308,LMT,BUY,0,4.07,5.07,,1.79769313486232E+308,True,GTC,,,20201229 09:30:00 EST, 4200≥+3.99, 4200≥+62855,margin ≥+20
AEG,DU3053535,8498,,250,1.79769313486232E+308,LMT,SELL,0,4.81,5.81,,1.79769313486232E+308,True,GTC,,
AACQ,DU3053535,8495,,89,1.79769313486232E+308,LMT,SELL,0,13.02,14.02,,1.79769313486232E+308,True,GTC,,
AACQ,DU3053535,8496,,89,1.79769313486232E+308,TRAIL LIMIT,SELL,0.64,0,10.48,,-5.24,True,GTC,,
ASX,DU3053535,8501,,165,1.79769313486232E+308,LMT,SELL,0,7.08,8.08,,1.79769313486232E+308,True,GTC,,
ASX,DU3053535,8502,,165,1.79769313486232E+308,TRAIL LIMIT,SELL,0.35,0,5.68,,-2.84,True,GTC,,
AEG,DU3053535,8499,,250,1.79769313486232E+308,TRAIL LIMIT,SELL,0.27,0,3.71,,-1.85,True,GTC,,
ASX,DU3053535,8500,,165,1.79769313486232E+308,LMT,BUY,0,6.15,7.15,,1.79769313486232E+308,True,GTC,,,20201229 09:30:00 EST, 314244771≥+6.03, 314244771≥+77200,margin ≥+20
BBVA,DU3053535,8489,,187,1.79769313486232E+308,LMT,SELL,0,6.53,7.53,,1.79769313486232E+308,True,GTC,,
BBVA,DU3053535,8490,,187,1.79769313486232E+308,TRAIL LIMIT,SELL,0.4,0,4.93,,-2.47,True,GTC,,
ANH,DU3053535,8487,,342,1.79769313486232E+308,TRAIL LIMIT,SELL,0.26,0,2.66,,-1.33,True,GTC,,
BBVA,DU3053535,8488,,187,1.79769313486232E+308,LMT,BUY,0,5.44,6.44,,1.79769313486232E+308,True,GTC,,,20201229 09:30:00 EST, 4815≥+5.33, 4815≥+147527,margin ≥+20
ACI,DU3053535,8493,,60,1.79769313486232E+308,TRAIL LIMIT,SELL,0.93,0,15.55,,-7.78,True,GTC,,
AACQ,DU3053535,8494,,89,1.79769313486232E+308,LMT,BUY,0,11.33,12.33,,1.79769313486232E+308,True,GTC,,,20201229 09:30:00 EST, 443757877≥+11.11, 443757877≥+153673,margin ≥+20
ACI,DU3053535,8491,,60,1.79769313486232E+308,LMT,BUY,0,16.81,17.81,,1.79769313486232E+308,True,GTC,,,20201229 09:30:00 EST, 429435235≥+16.48, 429435235≥+446691,margin ≥+20
ACI,DU3053535,8492,,60,1.79769313486232E+308,LMT,SELL,0,19.27,20.27,,1.79769313486232E+308,True,GTC,,
ABEV,DU3053535,8465,,298,1.79769313486232E+308,LMT,SELL,0,4.11,5.11,,1.79769313486232E+308,True,GTC,,
ABEV,DU3053535,8466,,298,1.79769313486232E+308,TRAIL LIMIT,SELL,0.25,0,3.09,,-1.54,True,GTC,,
BBD,DU3053535,8463,,176,1.79769313486232E+308,TRAIL LIMIT,SELL,0.38,0,5.3,,-2.65,True,GTC,,
ABEV,DU3053535,8464,,298,1.79769313486232E+308,LMT,BUY,0,3.41,4.41,,1.79769313486232E+308,True,GTC,,,20201229 09:30:00 EST, 137736417≥+3.35, 137736417≥+2119909,margin ≥+20
AUY,DU3053535,8469,,164,1.79769313486232E+308,TRAIL LIMIT,SELL,0.46,0,5.62,,-2.81,True,GTC,,
AG,DU3053535,8470,,74,1.79769313486232E+308,LMT,BUY,0,13.65,14.65,,1.79769313486232E+308,True,GTC,,,20201229 09:30:00 EST, 41855679≥+13.38, 41855679≥+466127,margin ≥+20
AUY,DU3053535,8467,,164,1.79769313486232E+308,LMT,BUY,0,6.21,7.21,,1.79769313486232E+308,True,GTC,,,20201229 09:30:00 EST, 26985516≥+6.08, 26985516≥+1160618,margin ≥+20
AUY,DU3053535,8468,,164,1.79769313486232E+308,LMT,SELL,0,7.46,8.46,,1.79769313486232E+308,True,GTC,,
BBD,DU3053535,8461,,176,1.79769313486232E+308,LMT,BUY,0,5.79,6.79,,1.79769313486232E+308,True,GTC,,,20201229 09:30:00 EST, 28213000≥+5.68, 28213000≥+1742873,margin ≥+20
BBD,DU3053535,8462,,176,1.79769313486232E+308,LMT,SELL,0,6.82,7.82,,1.79769313486232E+308,True,GTC,,
TWNK,DU3053535,8769,,68,1.79769313486232E+308,TRAIL LIMIT,SELL,0.64,0,14.01,,-7,True,GTC,,
TWCT,DU3053535,8770,,89,1.79769313486232E+308,LMT,BUY,0,11.43,12.43,,1.79769313486232E+308,True,GTC,,,20201229 09:30:00 EST, 453054789≥+11.21, 453054789≥+96509,margin ≥+20
TWNK,DU3053535,8767,,68,1.79769313486232E+308,LMT,BUY,0,14.94,15.94,,1.79769313486232E+308,True,GTC,,,20201229 09:30:00 EST, 254457734≥+14.65, 254457734≥+472673,margin ≥+20
TWNK,DU3053535,8768,,68,1.79769313486232E+308,LMT,SELL,0,16.57,17.57,,1.79769313486232E+308,True,GTC,,
TVTY,DU3053535,8773,,48,1.79769313486232E+308,LMT,BUY,0,21,22,,1.79769313486232E+308,True,GTC,,,20201229 09:30:00 EST, 261988977≥+20.58, 261988977≥+193836,margin ≥+20
TVTY,DU3053535,8774,,48,1.79769313486232E+308,LMT,SELL,0,25.58,26.58,,1.79769313486232E+308,True,GTC,,
TWCT,DU3053535,8771,,89,1.79769313486232E+308,LMT,SELL,0,13.77,14.77,,1.79769313486232E+308,True,GTC,,
TWCT,DU3053535,8772,,89,1.79769313486232E+308,TRAIL LIMIT,SELL,0.86,0,10.35,,-5.17,True,GTC,,
UA,DU3053535,8761,,61,1.79769313486232E+308,LMT,BUY,0,16.47,17.47,,1.79769313486232E+308,True,GTC,,,20201229 09:30:00 EST, 225590118≥+16.15, 225590118≥+713073,margin ≥+20
UA,DU3053535,8762,,61,1.79769313486232E+308,LMT,SELL,0,19.24,20.24,,1.79769313486232E+308,True,GTC,,
UAA,DU3053535,8759,,54,1.79769313486232E+308,LMT,SELL,0,22.01,23.01,,1.79769313486232E+308,True,GTC,,
UAA,DU3053535,8760,,54,1.79769313486232E+308,TRAIL LIMIT,SELL,1.18,0,17.28,,-8.64,True,GTC,,
TWO,DU3053535,8765,,141,1.79769313486232E+308,LMT,SELL,0,8.64,9.64,,1.79769313486232E+308,True,GTC,,
TWO,DU3053535,8766,,141,1.79769313486232E+308,TRAIL LIMIT,SELL,0.52,0,6.58,,-3.29,True,GTC,,
UA,DU3053535,8763,,61,1.79769313486232E+308,TRAIL LIMIT,SELL,1.03,0,15.12,,-7.56,True,GTC,,
TWO,DU3053535,8764,,141,1.79769313486232E+308,LMT,BUY,0,7.23,8.23,,1.79769313486232E+308,True,GTC,,,20201229 09:30:00 EST, 290404682≥+7.09, 290404682≥+868382,margin ≥+20
TTM,DU3053535,8785,,77,1.79769313486232E+308,LMT,BUY,0,13.23,14.23,,1.79769313486232E+308,True,GTC,,,20201229 09:30:00 EST, 31232219≥+12.97, 31232219≥+226145,margin ≥+20
TTM,DU3053535,8786,,77,1.79769313486232E+308,LMT,SELL,0,15.87,16.87,,1.79769313486232E+308,True,GTC,,
TTMI,DU3053535,8783,,70,1.79769313486232E+308,LMT,SELL,0,16.23,17.23,,1.79769313486232E+308,True,GTC,,
TTMI,DU3053535,8784,,70,1.79769313486232E+308,TRAIL LIMIT,SELL,0.68,0,13.53,,-6.76,True,GTC,,
TS,DU3053535,8789,,57,1.79769313486232E+308,LMT,SELL,0,20.62,21.62,,1.79769313486232E+308,True,GTC,,
TS,DU3053535,8790,,57,1.79769313486232E+308,TRAIL LIMIT,SELL,1.08,0,16.29,,-8.15,True,GTC,,
TTM,DU3053535,8787,,77,1.79769313486232E+308,TRAIL LIMIT,SELL,0.97,0,12,,-6,True,GTC,,
TS,DU3053535,8788,,57,1.79769313486232E+308,LMT,BUY,0,17.72,18.72,,1.79769313486232E+308,True,GTC,,,20201229 09:30:00 EST, 16675601≥+17.37, 16675601≥+120091,margin ≥+20
TV,DU3053535,8777,,116,1.79769313486232E+308,LMT,SELL,0,10.32,11.32,,1.79769313486232E+308,True,GTC,,
TV,DU3053535,8778,,116,1.79769313486232E+308,TRAIL LIMIT,SELL,0.57,0,8.04,,-4.02,True,GTC,,
TVTY,DU3053535,8775,,48,1.79769313486232E+308,TRAIL LIMIT,SELL,1.67,0,18.92,,-9.46,True,GTC,,
TV,DU3053535,8776,,116,1.79769313486232E+308,LMT,BUY,0,8.79,9.79,,1.79769313486232E+308,True,GTC,,,20201229 09:30:00 EST, 13056≥+8.61, 13056≥+81836,margin ≥+20
TU,DU3053535,8781,,48,1.79769313486232E+308,TRAIL LIMIT,SELL,0.64,0,19.97,,-9.99,True,GTC,,
TTMI,DU3053535,8782,,70,1.79769313486232E+308,LMT,BUY,0,14.49,15.49,,1.79769313486232E+308,True,GTC,,,20201229 09:30:00 EST, 10311716≥+14.21, 10311716≥+288945,margin ≥+20
TU,DU3053535,8779,,48,1.79769313486232E+308,LMT,BUY,0,21.02,22.02,,1.79769313486232E+308,True,GTC,,,20201229 09:30:00 EST, 121811784≥+20.61, 121811784≥+163236,margin ≥+20
TU,DU3053535,8780,,48,1.79769313486232E+308,LMT,SELL,0,22.54,23.54,,1.79769313486232E+308,True,GTC,,
UMH,DU3053535,8737,,60,1.79769313486232E+308,LMT,BUY,0,16.88,17.88,,1.79769313486232E+308,True,GTC,,,20201229 09:30:00 EST, 38615181≥+16.55, 38615181≥+137618,margin ≥+20
UMH,DU3053535,8738,,60,1.79769313486232E+308,LMT,SELL,0,19.66,20.66,,1.79769313486232E+308,True,GTC,,
UMPQ,DU3053535,8735,,63,1.79769313486232E+308,LMT,SELL,0,18.29,19.29,,1.79769313486232E+308,True,GTC,,
UMPQ,DU3053535,8736,,63,1.79769313486232E+308,TRAIL LIMIT,SELL,0.84,0,14.95,,-7.48,True,GTC,,
UMC,DU3053535,8741,,109,1.79769313486232E+308,LMT,SELL,0,11.65,12.65,,1.79769313486232E+308,True,GTC,,
UMC,DU3053535,8742,,109,1.79769313486232E+308,TRAIL LIMIT,SELL,0.85,0,8.26,,-4.13,True,GTC,,
UMH,DU3053535,8739,,60,1.79769313486232E+308,TRAIL LIMIT,SELL,1.04,0,15.52,,-7.76,True,GTC,,
UMC,DU3053535,8740,,109,1.79769313486232E+308,LMT,BUY,0,9.29,10.29,,1.79769313486232E+308,True,GTC,,,20201229 09:30:00 EST, 46613372≥+9.11, 46613372≥+304673,margin ≥+20
UNVR,DU3053535,8729,,51,1.79769313486232E+308,LMT,SELL,0,22.47,23.47,,1.79769313486232E+308,True,GTC,,
UNVR,DU3053535,8730,,51,1.79769313486232E+308,TRAIL LIMIT,SELL,1,0,18.49,,-9.24,True,GTC,,
UROV,DU3053535,8727,,60,1.79769313486232E+308,TRAIL LIMIT,SELL,0.49,0,16.05,,-8.02,True,GTC,,
UNVR,DU3053535,8728,,51,1.79769313486232E+308,LMT,BUY,0,19.88,20.88,,1.79769313486232E+308,True,GTC,,,20201229 09:30:00 EST, 197066575≥+19.49, 197066575≥+509527,margin ≥+20
UNIT,DU3053535,8733,,81,1.79769313486232E+308,TRAIL LIMIT,SELL,0.94,0,11.35,,-5.67,True,GTC,,
UMPQ,DU3053535,8734,,63,1.79769313486232E+308,LMT,BUY,0,16.1,17.1,,1.79769313486232E+308,True,GTC,,,20201229 09:30:00 EST, 6746242≥+15.78, 6746242≥+847964,margin ≥+20
UNIT,DU3053535,8731,,81,1.79769313486232E+308,LMT,BUY,0,12.54,13.54,,1.79769313486232E+308,True,GTC,,,20201229 09:30:00 EST, 267950803≥+12.29, 267950803≥+2632818,margin ≥+20
UNIT,DU3053535,8732,,81,1.79769313486232E+308,LMT,SELL,0,15.11,16.11,,1.79769313486232E+308,True,GTC,,
UBS,DU3053535,8753,,68,1.79769313486232E+308,LMT,SELL,0,16.24,17.24,,1.79769313486232E+308,True,GTC,,
UBS,DU3053535,8754,,68,1.79769313486232E+308,TRAIL LIMIT,SELL,0.55,0,14.02,,-7.01,True,GTC,,
UE,DU3053535,8751,,67,1.79769313486232E+308,TRAIL LIMIT,SELL,1,0,13.75,,-6.87,True,GTC,,
UBS,DU3053535,8752,,68,1.79769313486232E+308,LMT,BUY,0,14.87,15.87,,1.79769313486232E+308,True,GTC,,,20201229 09:30:00 EST, 172721087≥+14.58, 172721087≥+156818,margin ≥+20
UBA,DU3053535,8757,,65,1.79769313486232E+308,TRAIL LIMIT,SELL,1.09,0,14.26,,-7.13,True,GTC,,
UAA,DU3053535,8758,,54,1.79769313486232E+308,LMT,BUY,0,18.83,19.83,,1.79769313486232E+308,True,GTC,,,20201229 09:30:00 EST, 36786278≥+18.46, 36786278≥+914891,margin ≥+20
UBA,DU3053535,8755,,65,1.79769313486232E+308,LMT,BUY,0,15.66,16.66,,1.79769313486232E+308,True,GTC,,,20201229 09:30:00 EST, 6207417≥+15.35, 6207417≥+167000,margin ≥+20
UBA,DU3053535,8756,,65,1.79769313486232E+308,LMT,SELL,0,18.62,19.62,,1.79769313486232E+308,True,GTC,,
UGP,DU3053535,8745,,204,1.79769313486232E+308,TRAIL LIMIT,SELL,0.32,0,4.57,,-2.28,True,GTC,,
UFI,DU3053535,8746,,52,1.79769313486232E+308,LMT,BUY,0,19.38,20.38,,1.79769313486232E+308,True,GTC,,,20201229 09:30:00 EST, 80598748≥+19, 80598748≥+25127,margin ≥+20
UGP,DU3053535,8743,,204,1.79769313486232E+308,LMT,BUY,0,4.99,5.99,,1.79769313486232E+308,True,GTC,,,20201229 09:30:00 EST, 6608627≥+4.9, 6608627≥+107945,margin ≥+20
UGP,DU3053535,8744,,204,1.79769313486232E+308,LMT,SELL,0,5.87,6.87,,1.79769313486232E+308,True,GTC,,
UE,DU3053535,8749,,67,1.79769313486232E+308,LMT,BUY,0,15.05,16.05,,1.79769313486232E+308,True,GTC,,,20201229 09:30:00 EST, 178687328≥+14.76, 178687328≥+333527,margin ≥+20
UE,DU3053535,8750,,67,1.79769313486232E+308,LMT,SELL,0,17.76,18.76,,1.79769313486232E+308,True,GTC,,
UFI,DU3053535,8747,,52,1.79769313486232E+308,LMT,SELL,0,24.13,25.13,,1.79769313486232E+308,True,GTC,,
UFI,DU3053535,8748,,52,1.79769313486232E+308,TRAIL LIMIT,SELL,1.71,0,17.29,,-8.64,True,GTC,,
VGR,DU3053535,8705,,76,1.79769313486232E+308,LMT,SELL,0,15.56,16.56,,1.79769313486232E+308,True,GTC,,
VGR,DU3053535,8706,,76,1.79769313486232E+308,TRAIL LIMIT,SELL,0.81,0,12.31,,-6.16,True,GTC,,
VHC,DU3053535,8703,,174,1.79769313486232E+308,TRAIL LIMIT,SELL,0.46,0,5.29,,-2.65,True,GTC,,
VGR,DU3053535,8704,,76,1.79769313486232E+308,LMT,BUY,0,13.38,14.38,,1.79769313486232E+308,True,GTC,,,20201229 09:30:00 EST, 4971≥+13.12, 4971≥+821764,margin ≥+20
VG,DU3053535,8709,,68,1.79769313486232E+308,TRAIL LIMIT,SELL,1.08,0,13.56,,-6.78,True,GTC,,
VEON,DU3053535,8710,,573,1.79769313486232E+308,LMT,BUY,0,1.78,2.78,,1.79769313486232E+308,True,GTC,,,20201229 09:30:00 EST, 271291043≥+1.74, 271291043≥+567927,margin ≥+20
VG,DU3053535,8707,,68,1.79769313486232E+308,LMT,BUY,0,14.93,15.93,,1.79769313486232E+308,True,GTC,,,20201229 09:30:00 EST, 39126019≥+14.64, 39126019≥+1936055,margin ≥+20
VG,DU3053535,8708,,68,1.79769313486232E+308,LMT,SELL,0,17.89,18.89,,1.79769313486232E+308,True,GTC,,
VLY,DU3053535,8697,,96,1.79769313486232E+308,TRAIL LIMIT,SELL,0.61,0,9.78,,-4.89,True,GTC,,
VIV,DU3053535,8698,,104,1.79769313486232E+308,LMT,BUY,0,9.77,10.77,,1.79769313486232E+308,True,GTC,,,20201229 09:30:00 EST, 455575437≥+9.58, 455575437≥+116364,margin ≥+20
VLY,DU3053535,8695,,96,1.79769313486232E+308,LMT,BUY,0,10.6,11.6,,1.79769313486232E+308,True,GTC,,,20201229 09:30:00 EST, 13508≥+10.39, 13508≥+1105873,margin ≥+20
VLY,DU3053535,8696,,96,1.79769313486232E+308,LMT,SELL,0,12.22,13.22,,1.79769313486232E+308,True,GTC,,
VHC,DU3053535,8701,,174,1.79769313486232E+308,LMT,BUY,0,5.86,6.86,,1.79769313486232E+308,True,GTC,,,20201229 09:30:00 EST, 47010788≥+5.74, 47010788≥+95418,margin ≥+20
VHC,DU3053535,8702,,174,1.79769313486232E+308,LMT,SELL,0,7.11,8.11,,1.79769313486232E+308,True,GTC,,
VIV,DU3053535,8699,,104,1.79769313486232E+308,LMT,SELL,0,11.47,12.47,,1.79769313486232E+308,True,GTC,,
VIV,DU3053535,8700,,104,1.79769313486232E+308,TRAIL LIMIT,SELL,0.63,0,8.95,,-4.48,True,GTC,,
UVSP,DU3053535,8721,,46,1.79769313486232E+308,TRAIL LIMIT,SELL,1.45,0,19.99,,-9.99,True,GTC,,
UVE,DU3053535,8722,,63,1.79769313486232E+308,LMT,BUY,0,16.13,17.13,,1.79769313486232E+308,True,GTC,,,20201229 09:30:00 EST, 30217916≥+15.81, 30217916≥+134091,margin ≥+20
UVSP,DU3053535,8719,,46,1.79769313486232E+308,LMT,BUY,0,21.87,22.87,,1.79769313486232E+308,True,GTC,,,20201229 09:30:00 EST, 21557069≥+21.45, 21557069≥+66127,margin ≥+20
UVSP,DU3053535,8720,,46,1.79769313486232E+308,LMT,SELL,0,25.81,26.81,,1.79769313486232E+308,True,GTC,,
UROV,DU3053535,8725,,60,1.79769313486232E+308,LMT,BUY,0,16.87,17.87,,1.79769313486232E+308,True,GTC,,,20201229 09:30:00 EST, 335150874≥+16.54, 335150874≥+24945,margin ≥+20
UROV,DU3053535,8726,,60,1.79769313486232E+308,LMT,SELL,0,18,19,,1.79769313486232E+308,True,GTC,,
UVE,DU3053535,8723,,63,1.79769313486232E+308,LMT,SELL,0,18.82,19.82,,1.79769313486232E+308,True,GTC,,
UVE,DU3053535,8724,,63,1.79769313486232E+308,TRAIL LIMIT,SELL,1,0,14.81,,-7.4,True,GTC,,
VEDL,DU3053535,8713,,113,1.79769313486232E+308,LMT,BUY,0,8.99,9.99,,1.79769313486232E+308,True,GTC,,,20201229 09:30:00 EST, 193604636≥+8.82, 193604636≥+118909,margin ≥+20
VEDL,DU3053535,8714,,113,1.79769313486232E+308,LMT,SELL,0,11.03,12.03,,1.79769313486232E+308,True,GTC,,
VEON,DU3053535,8711,,573,1.79769313486232E+308,LMT,SELL,0,2.18,3.18,,1.79769313486232E+308,True,GTC,,
VEON,DU3053535,8712,,573,1.79769313486232E+308,TRAIL LIMIT,SELL,0.15,0,1.6,,-0.8,True,GTC,,
VALE,DU3053535,8717,,55,1.79769313486232E+308,LMT,SELL,0,21.56,22.56,,1.79769313486232E+308,True,GTC,,
VALE,DU3053535,8718,,55,1.79769313486232E+308,TRAIL LIMIT,SELL,1.19,0,16.81,,-8.41,True,GTC,,
VEDL,DU3053535,8715,,113,1.79769313486232E+308,TRAIL LIMIT,SELL,0.74,0,8.08,,-4.04,True,GTC,,
VALE,DU3053535,8716,,55,1.79769313486232E+308,LMT,BUY,0,18.36,19.36,,1.79769313486232E+308,True,GTC,,,20201229 09:30:00 EST, 60581038≥+18, 60581038≥+2015109,margin ≥+20
VTRS,DU3053535,8673,,53,1.79769313486232E+308,TRAIL LIMIT,SELL,1.12,0,17.65,,-8.83,True,GTC,,
VST,DU3053535,8674,,51,1.79769313486232E+308,LMT,BUY,0,19.84,20.84,,1.79769313486232E+308,True,GTC,,,20201229 09:30:00 EST, 254457731≥+19.45, 254457731≥+2019909,margin ≥+20
VTRS,DU3053535,8671,,53,1.79769313486232E+308,LMT,BUY,0,19.14,20.14,,1.79769313486232E+308,True,GTC,,,20201229 09:30:00 EST, 454859695≥+18.76, 454859695≥+5830927,margin ≥+20
VTRS,DU3053535,8672,,53,1.79769313486232E+308,LMT,SELL,0,22.12,23.12,,1.79769313486232E+308,True,GTC,,
VRT,DU3053535,8677,,47,1.79769313486232E+308,LMT,BUY,0,21.26,22.26,,1.79769313486232E+308,True,GTC,,,20201229 09:30:00 EST, 402783527≥+20.84, 402783527≥+827091,margin ≥+20
VRT,DU3053535,8678,,47,1.79769313486232E+308,LMT,SELL,0,25.79,26.79,,1.79769313486232E+308,True,GTC,,
VST,DU3053535,8675,,51,1.79769313486232E+308,LMT,SELL,0,22.84,23.84,,1.79769313486232E+308,True,GTC,,
VST,DU3053535,8676,,51,1.79769313486232E+308,TRAIL LIMIT,SELL,1.13,0,18.31,,-9.15,True,GTC,,
WIT,DU3053535,8665,,172,1.79769313486232E+308,LMT,BUY,0,5.9,6.9,,1.79769313486232E+308,True,GTC,,,20201229 09:30:00 EST, 13775≥+5.79, 13775≥+410727,margin ≥+20
WIT,DU3053535,8666,,172,1.79769313486232E+308,LMT,SELL,0,6.85,7.85,,1.79769313486232E+308,True,GTC,,
WNC,DU3053535,8663,,53,1.79769313486232E+308,LMT,SELL,0,22.25,23.25,,1.79769313486232E+308,True,GTC,,
WNC,DU3053535,8664,,53,1.79769313486232E+308,TRAIL LIMIT,SELL,1.21,0,17.4,,-8.7,True,GTC,,
WETF,DU3053535,8669,,176,1.79769313486232E+308,LMT,SELL,0,7.27,8.27,,1.79769313486232E+308,True,GTC,,
WETF,DU3053535,8670,,176,1.79769313486232E+308,TRAIL LIMIT,SELL,0.53,0,5.13,,-2.57,True,GTC,,
WIT,DU3053535,8667,,172,1.79769313486232E+308,TRAIL LIMIT,SELL,0.35,0,5.43,,-2.71,True,GTC,,
WETF,DU3053535,8668,,176,1.79769313486232E+308,LMT,BUY,0,5.77,6.77,,1.79769313486232E+308,True,GTC,,,20201229 09:30:00 EST, 4813429≥+5.66, 4813429≥+681836,margin ≥+20
VNDA,DU3053535,8689,,68,1.79769313486232E+308,LMT,BUY,0,14.84,15.84,,1.79769313486232E+308,True,GTC,,,20201229 09:30:00 EST, 38689842≥+14.55, 38689842≥+369455,margin ≥+20
VNDA,DU3053535,8690,,68,1.79769313486232E+308,LMT,SELL,0,18.17,19.17,,1.79769313486232E+308,True,GTC,,
VOD,DU3053535,8687,,55,1.79769313486232E+308,LMT,SELL,0,20.72,21.72,,1.79769313486232E+308,True,GTC,,
VOD,DU3053535,8688,,55,1.79769313486232E+308,TRAIL LIMIT,SELL,0.93,0,17,,-8.5,True,GTC,,
VMD,DU3053535,8693,,109,1.79769313486232E+308,LMT,SELL,0,11.23,12.23,,1.79769313486232E+308,True,GTC,,
VMD,DU3053535,8694,,109,1.79769313486232E+308,TRAIL LIMIT,SELL,0.7,0,8.42,,-4.21,True,GTC,,
VNDA,DU3053535,8691,,68,1.79769313486232E+308,TRAIL LIMIT,SELL,1.21,0,13.34,,-6.67,True,GTC,,
VMD,DU3053535,8692,,109,1.79769313486232E+308,LMT,BUY,0,9.31,10.31,,1.79769313486232E+308,True,GTC,,,20201229 09:30:00 EST, 376694783≥+9.12, 376694783≥+30036,margin ≥+20
VRS,DU3053535,8681,,77,1.79769313486232E+308,LMT,SELL,0,15.24,16.24,,1.79769313486232E+308,True,GTC,,
VRS,DU3053535,8682,,77,1.79769313486232E+308,TRAIL LIMIT,SELL,0.78,0,12.12,,-6.06,True,GTC,,
VRT,DU3053535,8679,,47,1.79769313486232E+308,TRAIL LIMIT,SELL,1.65,0,19.19,,-9.59,True,GTC,,
VRS,DU3053535,8680,,77,1.79769313486232E+308,LMT,BUY,0,13.16,14.16,,1.79769313486232E+308,True,GTC,,,20201229 09:30:00 EST, 239691886≥+12.9, 239691886≥+146673,margin ≥+20
VRRM,DU3053535,8685,,69,1.79769313486232E+308,TRAIL LIMIT,SELL,0.84,0,13.54,,-6.77,True,GTC,,
VOD,DU3053535,8686,,55,1.79769313486232E+308,LMT,BUY,0,18.29,19.29,,1.79769313486232E+308,True,GTC,,,20201229 09:30:00 EST, 144463724≥+17.93, 144463724≥+375182,margin ≥+20
VRRM,DU3053535,8683,,69,1.79769313486232E+308,LMT,BUY,0,14.66,15.66,,1.79769313486232E+308,True,GTC,,,20201229 09:30:00 EST, 337722877≥+14.38, 337722877≥+321255,margin ≥+20
VRRM,DU3053535,8684,,69,1.79769313486232E+308,LMT,SELL,0,16.88,17.88,,1.79769313486232E+308,True,GTC,,
ZYXI,DU3053535,8641,,66,1.79769313486232E+308,LMT,BUY,0,15.25,16.25,,1.79769313486232E+308,True,GTC,,,20201229 09:30:00 EST, 52413740≥+14.95, 52413740≥+86691,margin ≥+20
ZYXI,DU3053535,8642,,66,1.79769313486232E+308,LMT,SELL,0,18.88,19.88,,1.79769313486232E+308,True,GTC,,
ACH,DU3053535,8639,,105,1.79769313486232E+308,LMT,SELL,0,11.53,12.53,,1.79769313486232E+308,True,GTC,,
ACH,DU3053535,8640,,105,1.79769313486232E+308,TRAIL LIMIT,SELL,0.68,0,8.81,,-4.41,True,GTC,,
ZNGA,DU3053535,8645,,97,1.79769313486232E+308,LMT,SELL,0,12.54,13.54,,1.79769313486232E+308,True,GTC,,
ZNGA,DU3053535,8646,,97,1.79769313486232E+308,TRAIL LIMIT,SELL,0.75,0,9.54,,-4.77,True,GTC,,
ZYXI,DU3053535,8643,,66,1.79769313486232E+308,TRAIL LIMIT,SELL,1.31,0,13.64,,-6.82,True,GTC,,
ZNGA,DU3053535,8644,,97,1.79769313486232E+308,LMT,BUY,0,10.49,11.49,,1.79769313486232E+308,True,GTC,,,20201229 09:30:00 EST, 98760277≥+10.29, 98760277≥+4927364,margin ≥+20
ADTN,DU3053535,8633,,62,1.79769313486232E+308,LMT,SELL,0,19.76,20.76,,1.79769313486232E+308,True,GTC,,
ADTN,DU3053535,8634,,62,1.79769313486232E+308,TRAIL LIMIT,SELL,1.23,0,14.85,,-7.42,True,GTC,,
AFIN,DU3053535,8631,,117,1.79769313486232E+308,TRAIL LIMIT,SELL,0.72,0,7.77,,-3.89,True,GTC,,
ADTN,DU3053535,8632,,62,1.79769313486232E+308,LMT,BUY,0,16.4,17.4,,1.79769313486232E+308,True,GTC,,,20201229 09:30:00 EST, 265818≥+16.08, 265818≥+136345,margin ≥+20
ACRE,DU3053535,8637,,75,1.79769313486232E+308,TRAIL LIMIT,SELL,0.96,0,12.28,,-6.14,True,GTC,,
ACH,DU3053535,8638,,105,1.79769313486232E+308,LMT,BUY,0,9.68,10.68,,1.79769313486232E+308,True,GTC,,,20201229 09:30:00 EST, 753861≥+9.49, 753861≥+27255,margin ≥+20
ACRE,DU3053535,8635,,75,1.79769313486232E+308,LMT,BUY,0,13.51,14.51,,1.79769313486232E+308,True,GTC,,,20201229 09:30:00 EST, 106619222≥+13.24, 106619222≥+284236,margin ≥+20
ACRE,DU3053535,8636,,75,1.79769313486232E+308,LMT,SELL,0,16.11,17.11,,1.79769313486232E+308,True,GTC,,
WSR,DU3053535,8657,,116,1.79769313486232E+308,LMT,SELL,0,10.54,11.54,,1.79769313486232E+308,True,GTC,,
WSR,DU3053535,8658,,116,1.79769313486232E+308,TRAIL LIMIT,SELL,0.65,0,7.96,,-3.98,True,GTC,,
XHR,DU3053535,8655,,62,1.79769313486232E+308,TRAIL LIMIT,SELL,1.3,0,14.82,,-7.41,True,GTC,,
WSR,DU3053535,8656,,116,1.79769313486232E+308,LMT,BUY,0,8.78,9.78,,1.79769313486232E+308,True,GTC,,,20201229 09:30:00 EST, 78363996≥+8.6, 78363996≥+292200,margin ≥+20
WPF,DU3053535,8661,,81,1.79769313486232E+308,TRAIL LIMIT,SELL,1.08,0,11.25,,-5.62,True,GTC,,
WNC,DU3053535,8662,,53,1.79769313486232E+308,LMT,BUY,0,18.99,19.99,,1.79769313486232E+308,True,GTC,,,20201229 09:30:00 EST, 13839≥+18.62, 13839≥+226018,margin ≥+20
WPF,DU3053535,8659,,81,1.79769313486232E+308,LMT,BUY,0,12.58,13.58,,1.79769313486232E+308,True,GTC,,,20201229 09:30:00 EST, 433252140≥+12.34, 433252140≥+411982,margin ≥+20
WPF,DU3053535,8660,,81,1.79769313486232E+308,LMT,SELL,0,15.59,16.59,,1.79769313486232E+308,True,GTC,,
ZIXI,DU3053535,8649,,111,1.79769313486232E+308,TRAIL LIMIT,SELL,0.84,0,8.12,,-4.06,True,GTC,,
ZAGG,DU3053535,8650,,222,1.79769313486232E+308,LMT,BUY,0,4.58,5.58,,1.79769313486232E+308,True,GTC,,,20201229 09:30:00 EST, 45058022≥+4.49, 45058022≥+63636,margin ≥+20
ZIXI,DU3053535,8647,,111,1.79769313486232E+308,LMT,BUY,0,9.14,10.14,,1.79769313486232E+308,True,GTC,,,20201229 09:30:00 EST, 6267574≥+8.96, 6267574≥+285109,margin ≥+20
ZIXI,DU3053535,8648,,111,1.79769313486232E+308,LMT,SELL,0,11.47,12.47,,1.79769313486232E+308,True,GTC,,
XHR,DU3053535,8653,,62,1.79769313486232E+308,LMT,BUY,0,16.44,17.44,,1.79769313486232E+308,True,GTC,,,20201229 09:30:00 EST, 182675372≥+16.12, 182675372≥+334509,margin ≥+20
XHR,DU3053535,8654,,62,1.79769313486232E+308,LMT,SELL,0,20.01,21.01,,1.79769313486232E+308,True,GTC,,
ZAGG,DU3053535,8651,,222,1.79769313486232E+308,LMT,SELL,0,5.4,6.4,,1.79769313486232E+308,True,GTC,,
ZAGG,DU3053535,8652,,222,1.79769313486232E+308,TRAIL LIMIT,SELL,0.3,0,4.19,,-2.1,True,GTC,,
AMX,DU3053535,8609,,67,1.79769313486232E+308,LMT,SELL,0,17.07,18.07,,1.79769313486232E+308,True,GTC,,
AMX,DU3053535,8610,,67,1.79769313486232E+308,TRAIL LIMIT,SELL,0.72,0,14.18,,-7.09,True,GTC,,
ANGO,DU3053535,8607,,64,1.79769313486232E+308,TRAIL LIMIT,SELL,1.27,0,14.35,,-7.17,True,GTC,,
AMX,DU3053535,8608,,67,1.79769313486232E+308,LMT,BUY,0,15.2,16.2,,1.79769313486232E+308,True,GTC,,,20201229 09:30:00 EST, 4442≥+14.9, 4442≥+237218,margin ≥+20
AMKR,DU3053535,8613,,61,1.79769313486232E+308,TRAIL LIMIT,SELL,0.97,0,15.19,,-7.6,True,GTC,,
AMBC,DU3053535,8614,,54,1.79769313486232E+308,LMT,BUY,0,18.77,19.77,,1.79769313486232E+308,True,GTC,,,20201229 09:30:00 EST, 126945652≥+18.4, 126945652≥+223255,margin ≥+20
AMKR,DU3053535,8611,,61,1.79769313486232E+308,LMT,BUY,0,16.48,17.48,,1.79769313486232E+308,True,GTC,,,20201229 09:30:00 EST, 4726244≥+16.16, 4726244≥+319273,margin ≥+20
AMKR,DU3053535,8612,,61,1.79769313486232E+308,LMT,SELL,0,19.08,20.08,,1.79769313486232E+308,True,GTC,,
ARCC,DU3053535,8601,,58,1.79769313486232E+308,TRAIL LIMIT,SELL,0.65,0,16.49,,-8.25,True,GTC,,
APSG,DU3053535,8602,,90,1.79769313486232E+308,LMT,BUY,0,11.32,12.32,,1.79769313486232E+308,True,GTC,,,20201229 09:30:00 EST, 455575426≥+11.1, 455575426≥+38873,margin ≥+20
ARCC,DU3053535,8599,,58,1.79769313486232E+308,LMT,BUY,0,17.48,18.48,,1.79769313486232E+308,True,GTC,,,20201229 09:30:00 EST, 31400554≥+17.14, 31400554≥+257127,margin ≥+20
ARCC,DU3053535,8600,,58,1.79769313486232E+308,LMT,SELL,0,19.1,20.1,,1.79769313486232E+308,True,GTC,,
ANGO,DU3053535,8605,,64,1.79769313486232E+308,LMT,BUY,0,15.93,16.93,,1.79769313486232E+308,True,GTC,,,20201229 09:30:00 EST, 29442967≥+15.62, 29442967≥+185309,margin ≥+20
ANGO,DU3053535,8606,,64,1.79769313486232E+308,LMT,SELL,0,19.43,20.43,,1.79769313486232E+308,True,GTC,,
APSG,DU3053535,8603,,90,1.79769313486232E+308,LMT,SELL,0,13.21,14.21,,1.79769313486232E+308,True,GTC,,
APSG,DU3053535,8604,,90,1.79769313486232E+308,TRAIL LIMIT,SELL,0.7,0,10.39,,-5.19,True,GTC,,
AINV,DU3053535,8625,,83,1.79769313486232E+308,TRAIL LIMIT,SELL,0.78,0,11.13,,-5.56,True,GTC,,
AHH,DU3053535,8626,,85,1.79769313486232E+308,LMT,BUY,0,11.97,12.97,,1.79769313486232E+308,True,GTC,,,20201229 09:30:00 EST, 127149802≥+11.74, 127149802≥+257891,margin ≥+20
AINV,DU3053535,8623,,83,1.79769313486232E+308,LMT,BUY,0,12.15,13.15,,1.79769313486232E+308,True,GTC,,,20201229 09:30:00 EST, 344162255≥+11.91, 344162255≥+175273,margin ≥+20
AINV,DU3053535,8624,,83,1.79769313486232E+308,LMT,SELL,0,14.24,15.24,,1.79769313486232E+308,True,GTC,,
AFIN,DU3053535,8629,,117,1.79769313486232E+308,LMT,BUY,0,8.66,9.66,,1.79769313486232E+308,True,GTC,,,20201229 09:30:00 EST, 326197490≥+8.49, 326197490≥+392164,margin ≥+20
AFIN,DU3053535,8630,,117,1.79769313486232E+308,LMT,SELL,0,10.66,11.66,,1.79769313486232E+308,True,GTC,,
AHH,DU3053535,8627,,85,1.79769313486232E+308,LMT,SELL,0,13.94,14.94,,1.79769313486232E+308,True,GTC,,
AHH,DU3053535,8628,,85,1.79769313486232E+308,TRAIL LIMIT,SELL,0.73,0,11,,-5.5,True,GTC,,
ALLT,DU3053535,8617,,83,1.79769313486232E+308,LMT,BUY,0,12.15,13.15,,1.79769313486232E+308,True,GTC,,,20201229 09:30:00 EST, 41641102≥+11.91, 41641102≥+152255,margin ≥+20
ALLT,DU3053535,8618,,83,1.79769313486232E+308,LMT,SELL,0,14.87,15.87,,1.79769313486232E+308,True,GTC,,
AMBC,DU3053535,8615,,54,1.79769313486232E+308,LMT,SELL,0,22.09,23.09,,1.79769313486232E+308,True,GTC,,
AMBC,DU3053535,8616,,54,1.79769313486232E+308,TRAIL LIMIT,SELL,1.23,0,17.17,,-8.58,True,GTC,,
ALEX,DU3053535,8621,,56,1.79769313486232E+308,LMT,SELL,0,21.24,22.24,,1.79769313486232E+308,True,GTC,,
ALEX,DU3053535,8622,,56,1.79769313486232E+308,TRAIL LIMIT,SELL,1.18,0,16.52,,-8.26,True,GTC,,
ALLT,DU3053535,8619,,83,1.79769313486232E+308,TRAIL LIMIT,SELL,0.99,0,10.92,,-5.46,True,GTC,,
ALEX,DU3053535,8620,,56,1.79769313486232E+308,LMT,BUY,0,18.06,19.06,,1.79769313486232E+308,True,GTC,,,20201229 09:30:00 EST, 108670127≥+17.7, 108670127≥+349309,margin ≥+20
BAK,DU3053535,8577,,104,1.79769313486232E+308,TRAIL LIMIT,SELL,0.68,0,8.86,,-4.43,True,GTC,,
AXGN,DU3053535,8578,,53,1.79769313486232E+308,LMT,BUY,0,18.96,19.96,,1.79769313486232E+308,True,GTC,,,20201229 09:30:00 EST, 95844254≥+18.58, 95844254≥+79400,margin ≥+20
BAK,DU3053535,8575,,104,1.79769313486232E+308,LMT,BUY,0,9.73,10.73,,1.79769313486232E+308,True,GTC,,,20201229 09:30:00 EST, 6607745≥+9.54, 6607745≥+220073,margin ≥+20
BAK,DU3053535,8576,,104,1.79769313486232E+308,LMT,SELL,0,11.59,12.59,,1.79769313486232E+308,True,GTC,,
AWP,DU3053535,8581,,184,1.79769313486232E+308,LMT,BUY,0,5.53,6.53,,1.79769313486232E+308,True,GTC,,,20201229 09:30:00 EST, 314840642≥+5.42, 314840642≥+49836,margin ≥+20
AWP,DU3053535,8582,,184,1.79769313486232E+308,LMT,SELL,0,6.17,7.17,,1.79769313486232E+308,True,GTC,,
AXGN,DU3053535,8579,,53,1.79769313486232E+308,LMT,SELL,0,23.15,24.15,,1.79769313486232E+308,True,GTC,,
AXGN,DU3053535,8580,,53,1.79769313486232E+308,TRAIL LIMIT,SELL,1.52,0,17.06,,-8.53,True,GTC,,
BAR,DU3053535,8569,,52,1.79769313486232E+308,LMT,BUY,0,19.34,20.34,,1.79769313486232E+308,True,GTC,,,20201229 09:30:00 EST, 287646824≥+18.96, 287646824≥+22964,margin ≥+20
BAR,DU3053535,8570,,52,1.79769313486232E+308,LMT,SELL,0,20.22,21.22,,1.79769313486232E+308,True,GTC,,
BBDC,DU3053535,8567,,104,1.79769313486232E+308,LMT,SELL,0,10.86,11.86,,1.79769313486232E+308,True,GTC,,
BBDC,DU3053535,8568,,104,1.79769313486232E+308,TRAIL LIMIT,SELL,0.43,0,9.14,,-4.57,True,GTC,,
BANC,DU3053535,8573,,63,1.79769313486232E+308,LMT,SELL,0,18.47,19.47,,1.79769313486232E+308,True,GTC,,
BANC,DU3053535,8574,,63,1.79769313486232E+308,TRAIL LIMIT,SELL,0.92,0,14.78,,-7.39,True,GTC,,
BAR,DU3053535,8571,,52,1.79769313486232E+308,TRAIL LIMIT,SELL,0.42,0,18.54,,-9.27,True,GTC,,
BANC,DU3053535,8572,,63,1.79769313486232E+308,LMT,BUY,0,16.02,17.02,,1.79769313486232E+308,True,GTC,,,20201229 09:30:00 EST, 131122722≥+15.7, 131122722≥+120818,margin ≥+20
ARR,DU3053535,8593,,88,1.79769313486232E+308,LMT,BUY,0,11.55,12.55,,1.79769313486232E+308,True,GTC,,,20201229 09:30:00 EST, 198163396≥+11.32, 198163396≥+302491,margin ≥+20
ARR,DU3053535,8594,,88,1.79769313486232E+308,LMT,SELL,0,12.87,13.87,,1.79769313486232E+308,True,GTC,,
ATEN,DU3053535,8591,,96,1.79769313486232E+308,LMT,SELL,0,13.3,14.3,,1.79769313486232E+308,True,GTC,,
ATEN,DU3053535,8592,,96,1.79769313486232E+308,TRAIL LIMIT,SELL,0.98,0,9.39,,-4.69,True,GTC,,
ARI,DU3053535,8597,,81,1.79769313486232E+308,LMT,SELL,0,14.54,15.54,,1.79769313486232E+308,True,GTC,,
ARI,DU3053535,8598,,81,1.79769313486232E+308,TRAIL LIMIT,SELL,0.75,0,11.55,,-5.78,True,GTC,,
ARR,DU3053535,8595,,88,1.79769313486232E+308,TRAIL LIMIT,SELL,0.52,0,10.8,,-5.4,True,GTC,,
ARI,DU3053535,8596,,81,1.79769313486232E+308,LMT,BUY,0,12.54,13.54,,1.79769313486232E+308,True,GTC,,,20201229 09:30:00 EST, 69052095≥+12.29, 69052095≥+274164,margin ≥+20
AVYA,DU3053535,8585,,46,1.79769313486232E+308,LMT,SELL,0,26.82,27.82,,1.79769313486232E+308,True,GTC,,
AVYA,DU3053535,8586,,46,1.79769313486232E+308,TRAIL LIMIT,SELL,1.8,0,19.64,,-9.82,True,GTC,,
AWP,DU3053535,8583,,184,1.79769313486232E+308,TRAIL LIMIT,SELL,0.25,0,5.17,,-2.59,True,GTC,,
AVYA,DU3053535,8584,,46,1.79769313486232E+308,LMT,BUY,0,21.86,22.86,,1.79769313486232E+308,True,GTC,,,20201229 09:30:00 EST, 300355239≥+21.43, 300355239≥+441036,margin ≥+20
AVAN,DU3053535,8589,,93,1.79769313486232E+308,TRAIL LIMIT,SELL,0.56,0,10.11,,-5.05,True,GTC,,
ATEN,DU3053535,8590,,96,1.79769313486232E+308,LMT,BUY,0,10.58,11.58,,1.79769313486232E+308,True,GTC,,,20201229 09:30:00 EST, 146405187≥+10.37, 146405187≥+317582,margin ≥+20
AVAN,DU3053535,8587,,93,1.79769313486232E+308,LMT,BUY,0,10.89,11.89,,1.79769313486232E+308,True,GTC,,,20201229 09:30:00 EST, 455575431≥+10.67, 455575431≥+57818,margin ≥+20
AVAN,DU3053535,8588,,93,1.79769313486232E+308,LMT,SELL,0,12.35,13.35,,1.79769313486232E+308,True,GTC,,
AAIC,DU3053535,8545,,244,1.79769313486232E+308,LMT,BUY,0,4.16,5.16,,1.79769313486232E+308,True,GTC,,,20201229 09:30:00 EST, 69259320≥+4.08, 69259320≥+66073,margin ≥+20
AAIC,DU3053535,8546,,244,1.79769313486232E+308,LMT,SELL,0,5.13,6.13,,1.79769313486232E+308,True,GTC,,
AT,DU3053535,8543,,481,1.79769313486232E+308,LMT,SELL,0,2.35,3.35,,1.79769313486232E+308,True,GTC,,
AT,DU3053535,8544,,481,1.79769313486232E+308,TRAIL LIMIT,SELL,0.09,0,1.99,,-1,True,GTC,,
ASUR,DU3053535,8549,,123,1.79769313486232E+308,LMT,SELL,0,10.08,11.08,,1.79769313486232E+308,True,GTC,,
ASUR,DU3053535,8550,,123,1.79769313486232E+308,TRAIL LIMIT,SELL,0.66,0,7.43,,-3.71,True,GTC,,
AAIC,DU3053535,8547,,244,1.79769313486232E+308,TRAIL LIMIT,SELL,0.35,0,3.73,,-1.86,True,GTC,,
ASUR,DU3053535,8548,,123,1.79769313486232E+308,LMT,BUY,0,8.26,9.26,,1.79769313486232E+308,True,GTC,,,20201229 09:30:00 EST, 71395427≥+8.09, 71395427≥+55927,margin ≥+20
AQN,DU3053535,8537,,59,1.79769313486232E+308,LMT,SELL,0,19.13,20.13,,1.79769313486232E+308,True,GTC,,
AQN,DU3053535,8538,,59,1.79769313486232E+308,TRAIL LIMIT,SELL,0.76,0,16.08,,-8.04,True,GTC,,
ASB,DU3053535,8535,,56,1.79769313486232E+308,TRAIL LIMIT,SELL,0.93,0,16.69,,-8.34,True,GTC,,
AQN,DU3053535,8536,,59,1.79769313486232E+308,LMT,BUY,0,17.18,18.18,,1.79769313486232E+308,True,GTC,,,20201229 09:30:00 EST, 69947434≥+16.84, 69947434≥+119564,margin ≥+20
APTS,DU3053535,8541,,122,1.79769313486232E+308,TRAIL LIMIT,SELL,0.63,0,7.54,,-3.77,True,GTC,,
AT,DU3053535,8542,,481,1.79769313486232E+308,LMT,BUY,0,2.12,3.12,,1.79769313486232E+308,True,GTC,,,20201229 09:30:00 EST, 70887420≥+2.08, 70887420≥+82691,margin ≥+20
APTS,DU3053535,8539,,122,1.79769313486232E+308,LMT,BUY,0,8.33,9.33,,1.79769313486232E+308,True,GTC,,,20201229 09:30:00 EST, 81911134≥+8.17, 81911134≥+72309,margin ≥+20
APTS,DU3053535,8540,,122,1.79769313486232E+308,LMT,SELL,0,10.05,11.05,,1.79769313486232E+308,True,GTC,,
BCOV,DU3053535,8561,,51,1.79769313486232E+308,LMT,SELL,0,25.01,26.01,,1.79769313486232E+308,True,GTC,,
BCOV,DU3053535,8562,,51,1.79769313486232E+308,TRAIL LIMIT,SELL,1.83,0,17.7,,-8.85,True,GTC,,
AEGN,DU3053535,8559,,49,1.79769313486232E+308,TRAIL LIMIT,SELL,1.47,0,18.87,,-9.44,True,GTC,,
BCOV,DU3053535,8560,,51,1.79769313486232E+308,LMT,BUY,0,19.92,20.92,,1.79769313486232E+308,True,GTC,,,20201229 09:30:00 EST, 102517028≥+19.53, 102517028≥+74927,margin ≥+20
BCOR,DU3053535,8565,,66,1.79769313486232E+308,TRAIL LIMIT,SELL,1.1,0,14,,-7,True,GTC,,
BBDC,DU3053535,8566,,104,1.79769313486232E+308,LMT,BUY,0,9.76,10.76,,1.79769313486232E+308,True,GTC,,,20201229 09:30:00 EST, 327230557≥+9.57, 327230557≥+38382,margin ≥+20
BCOR,DU3053535,8563,,66,1.79769313486232E+308,LMT,BUY,0,15.4,16.4,,1.79769313486232E+308,True,GTC,,,20201229 09:30:00 EST, 108548634≥+15.1, 108548634≥+129655,margin ≥+20
BCOR,DU3053535,8564,,66,1.79769313486232E+308,LMT,SELL,0,18.41,19.41,,1.79769313486232E+308,True,GTC,,
AVID,DU3053535,8553,,65,1.79769313486232E+308,TRAIL LIMIT,SELL,1.24,0,13.93,,-6.96,True,GTC,,
ACTC,DU3053535,8554,,83,1.79769313486232E+308,LMT,BUY,0,12.16,13.16,,1.79769313486232E+308,True,GTC,,,20201229 09:30:00 EST, 456801235≥+11.92, 456801235≥+45945,margin ≥+20
AVID,DU3053535,8551,,65,1.79769313486232E+308,LMT,BUY,0,15.47,16.47,,1.79769313486232E+308,True,GTC,,,20201229 09:30:00 EST, 266575≥+15.17, 266575≥+87673,margin ≥+20
AVID,DU3053535,8552,,65,1.79769313486232E+308,LMT,SELL,0,18.88,19.88,,1.79769313486232E+308,True,GTC,,
AEGN,DU3053535,8557,,49,1.79769313486232E+308,LMT,BUY,0,20.75,21.75,,1.79769313486232E+308,True,GTC,,,20201229 09:30:00 EST, 96724118≥+20.34, 96724118≥+80236,margin ≥+20
AEGN,DU3053535,8558,,49,1.79769313486232E+308,LMT,SELL,0,24.76,25.76,,1.79769313486232E+308,True,GTC,,
ACTC,DU3053535,8555,,83,1.79769313486232E+308,LMT,SELL,0,15.2,16.2,,1.79769313486232E+308,True,GTC,,
ACTC,DU3053535,8556,,83,1.79769313486232E+308,TRAIL LIMIT,SELL,1.09,0,10.83,,-5.42,True,GTC,,
IBN,DU3053535,9541,,67,1.79769313486232E+308,LMT,BUY,0,15.01,16.01,,1.79769313486232E+308,True,GTC,,,20201229 09:30:00 EST, 8068883≥+14.72, 8068883≥+629455,margin ≥+20
IGAC,DU3053535,9540,,92,1.79769313486232E+308,TRAIL LIMIT,SELL,0.66,0,10.18,,-5.09,True,GTC,,
HZON,DU3053535,9544,,87,1.79769313486232E+308,LMT,BUY,0,11.59,12.59,,1.79769313486232E+308,True,GTC,,,20201229 09:30:00 EST, 458553473≥+11.37, 458553473≥+38964,margin ≥+20
HZON,DU3053535,9545,,87,1.79769313486232E+308,LMT,SELL,0,14.23,15.23,,1.79769313486232E+308,True,GTC,,
IBN,DU3053535,9542,,67,1.79769313486232E+308,LMT,SELL,0,16.63,17.63,,1.79769313486232E+308,True,GTC,,
IBN,DU3053535,9543,,67,1.79769313486232E+308,TRAIL LIMIT,SELL,0.64,0,14.08,,-7.04,True,GTC,,
IGR,DU3053535,9534,,143,1.79769313486232E+308,TRAIL LIMIT,SELL,0.22,0,6.75,,-3.38,True,GTC,,
IGD,DU3053535,9535,,185,1.79769313486232E+308,LMT,BUY,0,5.49,6.49,,1.79769313486232E+308,True,GTC,,,20201229 09:30:00 EST, 148429920≥+5.38, 148429920≥+33800,margin ≥+20
IGR,DU3053535,9532,,143,1.79769313486232E+308,LMT,BUY,0,7.11,8.11,,1.79769313486232E+308,True,GTC,,,20201229 09:30:00 EST, 90655693≥+6.97, 90655693≥+33273,margin ≥+20
IGR,DU3053535,9533,,143,1.79769313486232E+308,LMT,SELL,0,7.65,8.65,,1.79769313486232E+308,True,GTC,,
IGAC,DU3053535,9538,,92,1.79769313486232E+308,LMT,BUY,0,11.06,12.06,,1.79769313486232E+308,True,GTC,,,20201229 09:30:00 EST, 456801244≥+10.84, 456801244≥+150455,margin ≥+20
IGAC,DU3053535,9539,,92,1.79769313486232E+308,LMT,SELL,0,12.81,13.81,,1.79769313486232E+308,True,GTC,,
IGD,DU3053535,9536,,185,1.79769313486232E+308,LMT,SELL,0,5.89,6.89,,1.79769313486232E+308,True,GTC,,
IGD,DU3053535,9537,,185,1.79769313486232E+308,TRAIL LIMIT,SELL,0.17,0,5.22,,-2.61,True,GTC,,
HST,DU3053535,9556,,64,1.79769313486232E+308,LMT,BUY,0,15.77,16.77,,1.79769313486232E+308,True,GTC,,,20201229 09:30:00 EST, 8057≥+15.47, 8057≥+3261618,margin ≥+20
HST,DU3053535,9557,,64,1.79769313486232E+308,LMT,SELL,0,19.22,20.22,,1.79769313486232E+308,True,GTC,,
HTBK,DU3053535,9554,,104,1.79769313486232E+308,LMT,SELL,0,11.53,12.53,,1.79769313486232E+308,True,GTC,,
HTBK,DU3053535,9555,,104,1.79769313486232E+308,TRAIL LIMIT,SELL,0.64,0,8.98,,-4.49,True,GTC,,
HSC,DU3053535,9560,,53,1.79769313486232E+308,LMT,SELL,0,23.58,24.58,,1.79769313486232E+308,True,GTC,,
HSC,DU3053535,9561,,53,1.79769313486232E+308,TRAIL LIMIT,SELL,1.58,0,17.24,,-8.62,True,GTC,,
HST,DU3053535,9558,,64,1.79769313486232E+308,TRAIL LIMIT,SELL,1.25,0,14.21,,-7.1,True,GTC,,
HSC,DU3053535,9559,,53,1.79769313486232E+308,LMT,BUY,0,19.2,20.2,,1.79769313486232E+308,True,GTC,,,20201229 09:30:00 EST, 8175≥+18.83, 8175≥+314709,margin ≥+20
HTLD,DU3053535,9548,,52,1.79769313486232E+308,LMT,SELL,0,21.44,22.44,,1.79769313486232E+308,True,GTC,,
HTLD,DU3053535,9549,,52,1.79769313486232E+308,TRAIL LIMIT,SELL,0.75,0,18.43,,-9.22,True,GTC,,
HZON,DU3053535,9546,,87,1.79769313486232E+308,TRAIL LIMIT,SELL,0.95,0,10.41,,-5.2,True,GTC,,
HTLD,DU3053535,9547,,52,1.79769313486232E+308,LMT,BUY,0,19.56,20.56,,1.79769313486232E+308,True,GTC,,,20201229 09:30:00 EST, 270278≥+19.18, 270278≥+130127,margin ≥+20
HTGC,DU3053535,9552,,67,1.79769313486232E+308,TRAIL LIMIT,SELL,0.63,0,14.14,,-7.07,True,GTC,,
HTBK,DU3053535,9553,,104,1.79769313486232E+308,LMT,BUY,0,9.81,10.81,,1.79769313486232E+308,True,GTC,,,20201229 09:30:00 EST, 4813045≥+9.61, 4813045≥+210545,margin ≥+20
HTGC,DU3053535,9550,,67,1.79769313486232E+308,LMT,BUY,0,15.07,16.07,,1.79769313486232E+308,True,GTC,,,20201229 09:30:00 EST, 34822226≥+14.78, 34822226≥+173582,margin ≥+20
HTGC,DU3053535,9551,,67,1.79769313486232E+308,LMT,SELL,0,16.68,17.68,,1.79769313486232E+308,True,GTC,,
IRT,DU3053535,9507,,70,1.79769313486232E+308,TRAIL LIMIT,SELL,0.78,0,13.46,,-6.73,True,GTC,,
INVA,DU3053535,9508,,77,1.79769313486232E+308,LMT,BUY,0,13.21,14.21,,1.79769313486232E+308,True,GTC,,,20201229 09:30:00 EST, 218462822≥+12.95, 218462822≥+449818,margin ≥+20
IRT,DU3053535,9505,,70,1.79769313486232E+308,LMT,BUY,0,14.52,15.52,,1.79769313486232E+308,True,GTC,,,20201229 09:30:00 EST, 132629528≥+14.24, 132629528≥+302964,margin ≥+20
IRT,DU3053535,9506,,70,1.79769313486232E+308,LMT,SELL,0,16.58,17.58,,1.79769313486232E+308,True,GTC,,
INOV,DU3053535,9511,,49,1.79769313486232E+308,LMT,BUY,0,20.71,21.71,,1.79769313486232E+308,True,GTC,,,20201229 09:30:00 EST, 183623073≥+20.3, 183623073≥+208527,margin ≥+20
INOV,DU3053535,9512,,49,1.79769313486232E+308,LMT,SELL,0,24.64,25.64,,1.79769313486232E+308,True,GTC,,
INVA,DU3053535,9509,,77,1.79769313486232E+308,LMT,SELL,0,16.04,17.04,,1.79769313486232E+308,True,GTC,,
INVA,DU3053535,9510,,77,1.79769313486232E+308,TRAIL LIMIT,SELL,1.03,0,11.92,,-5.96,True,GTC,,
ISBC,DU3053535,9499,,91,1.79769313486232E+308,LMT,BUY,0,11.11,12.11,,1.79769313486232E+308,True,GTC,,,20201229 09:30:00 EST, 150700033≥+10.89, 150700033≥+615309,margin ≥+20
ISBC,DU3053535,9500,,91,1.79769313486232E+308,LMT,SELL,0,12.75,13.75,,1.79769313486232E+308,True,GTC,,
ITI,DU3053535,9497,,158,1.79769313486232E+308,LMT,SELL,0,7.95,8.95,,1.79769313486232E+308,True,GTC,,
ITI,DU3053535,9498,,158,1.79769313486232E+308,TRAIL LIMIT,SELL,0.55,0,5.75,,-2.88,True,GTC,,
IRWD,DU3053535,9503,,78,1.79769313486232E+308,LMT,SELL,0,14.94,15.94,,1.79769313486232E+308,True,GTC,,
IRWD,DU3053535,9504,,78,1.79769313486232E+308,TRAIL LIMIT,SELL,0.75,0,11.93,,-5.97,True,GTC,,
ISBC,DU3053535,9501,,91,1.79769313486232E+308,TRAIL LIMIT,SELL,0.62,0,10.27,,-5.14,True,GTC,,
IRWD,DU3053535,9502,,78,1.79769313486232E+308,LMT,BUY,0,12.93,13.93,,1.79769313486232E+308,True,GTC,,,20201229 09:30:00 EST, 72384253≥+12.68, 72384253≥+729364,margin ≥+20
IMO,DU3053535,9526,,48,1.79769313486232E+308,LMT,BUY,0,20.88,21.88,,1.79769313486232E+308,True,GTC,,,20201229 09:30:00 EST, 5800707≥+20.47, 5800707≥+26182,margin ≥+20
IMO,DU3053535,9527,,48,1.79769313486232E+308,LMT,SELL,0,24.65,25.65,,1.79769313486232E+308,True,GTC,,
IMPX,DU3053535,9524,,92,1.79769313486232E+308,LMT,SELL,0,12.67,13.67,,1.79769313486232E+308,True,GTC,,
IMPX,DU3053535,9525,,92,1.79769313486232E+308,TRAIL LIMIT,SELL,0.6,0,10.25,,-5.12,True,GTC,,
III,DU3053535,9530,,289,1.79769313486232E+308,LMT,SELL,0,4.37,5.37,,1.79769313486232E+308,True,GTC,,
III,DU3053535,9531,,289,1.79769313486232E+308,TRAIL LIMIT,SELL,0.31,0,3.15,,-1.58,True,GTC,,
IMO,DU3053535,9528,,48,1.79769313486232E+308,TRAIL LIMIT,SELL,1.39,0,19.08,,-9.54,True,GTC,,
III,DU3053535,9529,,289,1.79769313486232E+308,LMT,BUY,0,3.52,4.52,,1.79769313486232E+308,True,GTC,,,20201229 09:30:00 EST, 42870941≥+3.45, 42870941≥+68309,margin ≥+20
ING,DU3053535,9515,,98,1.79769313486232E+308,LMT,SELL,0,12.13,13.13,,1.79769313486232E+308,True,GTC,,
ING,DU3053535,9516,,98,1.79769313486232E+308,TRAIL LIMIT,SELL,0.64,0,9.55,,-4.78,True,GTC,,
INOV,DU3053535,9513,,49,1.79769313486232E+308,TRAIL LIMIT,SELL,1.45,0,18.86,,-9.43,True,GTC,,
ING,DU3053535,9514,,98,1.79769313486232E+308,LMT,BUY,0,10.4,11.4,,1.79769313486232E+308,True,GTC,,,20201229 09:30:00 EST, 2865956≥+10.19, 2865956≥+188236,margin ≥+20
IMXI,DU3053535,9522,,57,1.79769313486232E+308,TRAIL LIMIT,SELL,1.16,0,16.28,,-8.14,True,GTC,,
IMPX,DU3053535,9523,,92,1.79769313486232E+308,LMT,BUY,0,11.07,12.07,,1.79769313486232E+308,True,GTC,,,20201229 09:30:00 EST, 455575421≥+10.86, 455575421≥+44873,margin ≥+20
IMXI,DU3053535,9520,,57,1.79769313486232E+308,LMT,BUY,0,17.79,18.79,,1.79769313486232E+308,True,GTC,,,20201229 09:30:00 EST, 327709672≥+17.44, 327709672≥+166364,margin ≥+20
IMXI,DU3053535,9521,,57,1.79769313486232E+308,LMT,SELL,0,20.92,21.92,,1.79769313486232E+308,True,GTC,,
JIH,DU3053535,9475,,87,1.79769313486232E+308,LMT,BUY,0,11.65,12.65,,1.79769313486232E+308,True,GTC,,,20201229 09:30:00 EST, 396177800≥+11.42, 396177800≥+540091,margin ≥+20
JIH,DU3053535,9476,,87,1.79769313486232E+308,LMT,SELL,0,13.6,14.6,,1.79769313486232E+308,True,GTC,,
JQC,DU3053535,9473,,156,1.79769313486232E+308,LMT,SELL,0,6.92,7.92,,1.79769313486232E+308,True,GTC,,
JQC,DU3053535,9474,,156,1.79769313486232E+308,TRAIL LIMIT,SELL,0.17,0,6.23,,-3.12,True,GTC,,
JBLU,DU3053535,9479,,62,1.79769313486232E+308,LMT,SELL,0,20.34,21.34,,1.79769313486232E+308,True,GTC,,
JBLU,DU3053535,9480,,62,1.79769313486232E+308,TRAIL LIMIT,SELL,1.46,0,14.49,,-7.24,True,GTC,,
JIH,DU3053535,9477,,87,1.79769313486232E+308,TRAIL LIMIT,SELL,0.73,0,10.7,,-5.35,True,GTC,,
JBLU,DU3053535,9478,,62,1.79769313486232E+308,LMT,BUY,0,16.28,17.28,,1.79769313486232E+308,True,GTC,,,20201229 09:30:00 EST, 14765981≥+15.96, 14765981≥+1639091,margin ≥+20
KAR,DU3053535,9467,,50,1.79769313486232E+308,LMT,SELL,0,24.09,25.09,,1.79769313486232E+308,True,GTC,,
KAR,DU3053535,9468,,50,1.79769313486232E+308,TRAIL LIMIT,SELL,1.39,0,18.53,,-9.27,True,GTC,,
KBAL,DU3053535,9465,,75,1.79769313486232E+308,TRAIL LIMIT,SELL,1,0,12.23,,-6.12,True,GTC,,
KAR,DU3053535,9466,,50,1.79769313486232E+308,LMT,BUY,0,20.32,21.32,,1.79769313486232E+308,True,GTC,,,20201229 09:30:00 EST, 70907405≥+19.92, 70907405≥+463127,margin ≥+20
JYAC,DU3053535,9471,,92,1.79769313486232E+308,TRAIL LIMIT,SELL,0.4,0,10.38,,-5.19,True,GTC,,
JQC,DU3053535,9472,,156,1.79769313486232E+308,LMT,BUY,0,6.53,7.53,,1.79769313486232E+308,True,GTC,,,20201229 09:30:00 EST, 18832912≥+6.4, 18832912≥+70745,margin ≥+20
JYAC,DU3053535,9469,,92,1.79769313486232E+308,LMT,BUY,0,10.99,11.99,,1.79769313486232E+308,True,GTC,,,20201229 09:30:00 EST, 455975110≥+10.78, 455975110≥+27109,margin ≥+20
JYAC,DU3053535,9470,,92,1.79769313486232E+308,LMT,SELL,0,11.97,12.97,,1.79769313486232E+308,True,GTC,,
IVAC,DU3053535,9491,,127,1.79769313486232E+308,LMT,SELL,0,9.95,10.95,,1.79769313486232E+308,True,GTC,,
IVAC,DU3053535,9492,,127,1.79769313486232E+308,TRAIL LIMIT,SELL,0.71,0,7.13,,-3.57,True,GTC,,
IVC,DU3053535,9489,,105,1.79769313486232E+308,TRAIL LIMIT,SELL,0.86,0,8.65,,-4.32,True,GTC,,
IVAC,DU3053535,9490,,127,1.79769313486232E+308,LMT,BUY,0,7.99,8.99,,1.79769313486232E+308,True,GTC,,,20201229 09:30:00 EST, 4813740≥+7.83, 4813740≥+30345,margin ≥+20
ITUB,DU3053535,9495,,151,1.79769313486232E+308,TRAIL LIMIT,SELL,0.44,0,6.16,,-3.08,True,GTC,,
ITI,DU3053535,9496,,158,1.79769313486232E+308,LMT,BUY,0,6.42,7.42,,1.79769313486232E+308,True,GTC,,,20201229 09:30:00 EST, 272660≥+6.3, 272660≥+42400,margin ≥+20
ITUB,DU3053535,9493,,151,1.79769313486232E+308,LMT,BUY,0,6.73,7.73,,1.79769313486232E+308,True,GTC,,,20201229 09:30:00 EST, 58996617≥+6.6, 58996617≥+1684982,margin ≥+20
ITUB,DU3053535,9494,,151,1.79769313486232E+308,LMT,SELL,0,7.92,8.92,,1.79769313486232E+308,True,GTC,,
IVZ,DU3053535,9483,,53,1.79769313486232E+308,TRAIL LIMIT,SELL,1.22,0,17.4,,-8.7,True,GTC,,
IVR,DU3053535,9484,,274,1.79769313486232E+308,LMT,BUY,0,3.71,4.71,,1.79769313486232E+308,True,GTC,,,20201229 09:30:00 EST, 61228762≥+3.64, 61228762≥+1314145,margin ≥+20
IVZ,DU3053535,9481,,53,1.79769313486232E+308,LMT,BUY,0,18.99,19.99,,1.79769313486232E+308,True,GTC,,,20201229 09:30:00 EST, 47550606≥+18.62, 47550606≥+4068745,margin ≥+20
IVZ,DU3053535,9482,,53,1.79769313486232E+308,LMT,SELL,0,22.28,23.28,,1.79769313486232E+308,True,GTC,,
IVC,DU3053535,9487,,105,1.79769313486232E+308,LMT,BUY,0,9.7,10.7,,1.79769313486232E+308,True,GTC,,,20201229 09:30:00 EST, 270777≥+9.51, 270777≥+78255,margin ≥+20
IVC,DU3053535,9488,,105,1.79769313486232E+308,LMT,SELL,0,12.08,13.08,,1.79769313486232E+308,True,GTC,,
IVR,DU3053535,9485,,274,1.79769313486232E+308,LMT,SELL,0,4.62,5.62,,1.79769313486232E+308,True,GTC,,
IVR,DU3053535,9486,,274,1.79769313486232E+308,TRAIL LIMIT,SELL,0.33,0,3.31,,-1.66,True,GTC,,
KMF,DU3053535,9443,,165,1.79769313486232E+308,LMT,SELL,0,7.05,8.05,,1.79769313486232E+308,True,GTC,,
KMF,DU3053535,9444,,165,1.79769313486232E+308,TRAIL LIMIT,SELL,0.34,0,5.69,,-2.85,True,GTC,,
KMI,DU3053535,9441,,66,1.79769313486232E+308,TRAIL LIMIT,SELL,0.86,0,14.19,,-7.1,True,GTC,,
KMF,DU3053535,9442,,165,1.79769313486232E+308,LMT,BUY,0,6.15,7.15,,1.79769313486232E+308,True,GTC,,,20201229 09:30:00 EST, 81330131≥+6.03, 81330131≥+51182,margin ≥+20
KMDA,DU3053535,9447,,144,1.79769313486232E+308,TRAIL LIMIT,SELL,0.46,0,6.45,,-3.22,True,GTC,,
KIM,DU3053535,9448,,63,1.79769313486232E+308,LMT,BUY,0,16.17,17.17,,1.79769313486232E+308,True,GTC,,,20201229 09:30:00 EST, 8845≥+15.86, 8845≥+1355509,margin ≥+20
KMDA,DU3053535,9445,,144,1.79769313486232E+308,LMT,BUY,0,7.06,8.06,,1.79769313486232E+308,True,GTC,,,20201229 09:30:00 EST, 128636953≥+6.92, 128636953≥+123182,margin ≥+20
KMDA,DU3053535,9446,,144,1.79769313486232E+308,LMT,SELL,0,8.31,9.31,,1.79769313486232E+308,True,GTC,,
KNL,DU3053535,9435,,65,1.79769313486232E+308,TRAIL LIMIT,SELL,1.19,0,14.13,,-7.06,True,GTC,,
KN,DU3053535,9436,,53,1.79769313486232E+308,LMT,BUY,0,19.17,20.17,,1.79769313486232E+308,True,GTC,,,20201229 09:30:00 EST, 143926983≥+18.79, 143926983≥+478055,margin ≥+20
KNL,DU3053535,9433,,65,1.79769313486232E+308,LMT,BUY,0,15.63,16.63,,1.79769313486232E+308,True,GTC,,,20201229 09:30:00 EST, 32606999≥+15.33, 32606999≥+158982,margin ≥+20
KNL,DU3053535,9434,,65,1.79769313486232E+308,LMT,SELL,0,18.9,19.9,,1.79769313486232E+308,True,GTC,,
KMI,DU3053535,9439,,66,1.79769313486232E+308,LMT,BUY,0,15.35,16.35,,1.79769313486232E+308,True,GTC,,,20201229 09:30:00 EST, 83975037≥+15.05, 83975037≥+5351455,margin ≥+20
KMI,DU3053535,9440,,66,1.79769313486232E+308,LMT,SELL,0,17.63,18.63,,1.79769313486232E+308,True,GTC,,
KN,DU3053535,9437,,53,1.79769313486232E+308,LMT,SELL,0,21.49,22.49,,1.79769313486232E+308,True,GTC,,
KN,DU3053535,9438,,53,1.79769313486232E+308,TRAIL LIMIT,SELL,0.9,0,17.89,,-8.94,True,GTC,,
KEP,DU3053535,9459,,80,1.79769313486232E+308,TRAIL LIMIT,SELL,0.77,0,11.71,,-5.86,True,GTC,,
KELYA,DU3053535,9460,,44,1.79769313486232E+308,LMT,BUY,0,23.07,24.07,,1.79769313486232E+308,True,GTC,,,20201229 09:30:00 EST, 270939≥+22.62, 270939≥+100055,margin ≥+20
KEP,DU3053535,9457,,80,1.79769313486232E+308,LMT,BUY,0,12.72,13.72,,1.79769313486232E+308,True,GTC,,,20201229 09:30:00 EST, 8803≥+12.47, 8803≥+26164,margin ≥+20
KEP,DU3053535,9458,,80,1.79769313486232E+308,LMT,SELL,0,14.77,15.77,,1.79769313486232E+308,True,GTC,,
KBAL,DU3053535,9463,,75,1.79769313486232E+308,LMT,BUY,0,13.49,14.49,,1.79769313486232E+308,True,GTC,,,20201229 09:30:00 EST, 270927≥+13.22, 270927≥+99055,margin ≥+20
KBAL,DU3053535,9464,,75,1.79769313486232E+308,LMT,SELL,0,16.21,17.21,,1.79769313486232E+308,True,GTC,,
KELYA,DU3053535,9461,,44,1.79769313486232E+308,LMT,SELL,0,27.78,28.78,,1.79769313486232E+308,True,GTC,,
KELYA,DU3053535,9462,,44,1.79769313486232E+308,TRAIL LIMIT,SELL,1.72,0,20.9,,-10.45,True,GTC,,
KGC,DU3053535,9451,,125,1.79769313486232E+308,LMT,BUY,0,8.15,9.15,,1.79769313486232E+308,True,GTC,,,20201229 09:30:00 EST, 8823≥+7.99, 8823≥+7402964,margin ≥+20
KGC,DU3053535,9452,,125,1.79769313486232E+308,LMT,SELL,0,10.05,11.05,,1.79769313486232E+308,True,GTC,,
KIM,DU3053535,9449,,63,1.79769313486232E+308,LMT,SELL,0,19.21,20.21,,1.79769313486232E+308,True,GTC,,
KIM,DU3053535,9450,,63,1.79769313486232E+308,TRAIL LIMIT,SELL,1.12,0,14.74,,-7.37,True,GTC,,
KEY,DU3053535,9455,,59,1.79769313486232E+308,LMT,SELL,0,20.15,21.15,,1.79769313486232E+308,True,GTC,,
KEY,DU3053535,9456,,59,1.79769313486232E+308,TRAIL LIMIT,SELL,1.07,0,15.87,,-7.94,True,GTC,,
KGC,DU3053535,9453,,125,1.79769313486232E+308,TRAIL LIMIT,SELL,0.69,0,7.31,,-3.66,True,GTC,,
KEY,DU3053535,9454,,59,1.79769313486232E+308,LMT,BUY,0,17.28,18.28,,1.79769313486232E+308,True,GTC,,,20201229 09:30:00 EST, 8809≥+16.94, 8809≥+1616909,margin ≥+20
LADR,DU3053535,9411,,96,1.79769313486232E+308,TRAIL LIMIT,SELL,0.66,0,9.71,,-4.85,True,GTC,,
KYN,DU3053535,9412,,149,1.79769313486232E+308,LMT,BUY,0,6.8,7.8,,1.79769313486232E+308,True,GTC,,,20201229 09:30:00 EST, 31250966≥+6.67, 31250966≥+28091,margin ≥+20
LADR,DU3053535,9409,,96,1.79769313486232E+308,LMT,BUY,0,10.58,11.58,,1.79769313486232E+308,True,GTC,,,20201229 09:30:00 EST, 143731062≥+10.38, 143731062≥+210891,margin ≥+20
LADR,DU3053535,9410,,96,1.79769313486232E+308,LMT,SELL,0,12.36,13.36,,1.79769313486232E+308,True,GTC,,
KW,DU3053535,9415,,54,1.79769313486232E+308,LMT,BUY,0,18.87,19.87,,1.79769313486232E+308,True,GTC,,,20201229 09:30:00 EST, 70298853≥+18.5, 70298853≥+375127,margin ≥+20
KW,DU3053535,9416,,54,1.79769313486232E+308,LMT,SELL,0,21.2,22.2,,1.79769313486232E+308,True,GTC,,
KYN,DU3053535,9413,,149,1.79769313486232E+308,LMT,SELL,0,8.29,9.29,,1.79769313486232E+308,True,GTC,,
KYN,DU3053535,9414,,149,1.79769313486232E+308,TRAIL LIMIT,SELL,0.54,0,6.13,,-3.07,True,GTC,,
LAUR,DU3053535,9403,,62,1.79769313486232E+308,LMT,BUY,0,16.27,17.27,,1.79769313486232E+308,True,GTC,,,20201229 09:30:00 EST, 264485686≥+15.95, 264485686≥+223291,margin ≥+20
LAUR,DU3053535,9404,,62,1.79769313486232E+308,LMT,SELL,0,18.54,19.54,,1.79769313486232E+308,True,GTC,,
LBAI,DU3053535,9401,,74,1.79769313486232E+308,LMT,SELL,0,15.84,16.84,,1.79769313486232E+308,True,GTC,,
LBAI,DU3053535,9402,,74,1.79769313486232E+308,TRAIL LIMIT,SELL,0.81,0,12.6,,-6.3,True,GTC,,
LAND,DU3053535,9407,,63,1.79769313486232E+308,LMT,SELL,0,18.71,19.71,,1.79769313486232E+308,True,GTC,,
LAND,DU3053535,9408,,63,1.79769313486232E+308,TRAIL LIMIT,SELL,0.98,0,14.78,,-7.39,True,GTC,,
LAUR,DU3053535,9405,,62,1.79769313486232E+308,TRAIL LIMIT,SELL,0.86,0,15.09,,-7.54,True,GTC,,
LAND,DU3053535,9406,,63,1.79769313486232E+308,LMT,BUY,0,16.07,17.07,,1.79769313486232E+308,True,GTC,,,20201229 09:30:00 EST, 121560173≥+15.76, 121560173≥+115655,margin ≥+20
KRG,DU3053535,9427,,61,1.79769313486232E+308,LMT,BUY,0,16.5,17.5,,1.79769313486232E+308,True,GTC,,,20201229 09:30:00 EST, 161703135≥+16.18, 161703135≥+221455,margin ≥+20
KRG,DU3053535,9428,,61,1.79769313486232E+308,LMT,SELL,0,19.61,20.61,,1.79769313486232E+308,True,GTC,,
KRNY,DU3053535,9425,,89,1.79769313486232E+308,LMT,SELL,0,13.08,14.08,,1.79769313486232E+308,True,GTC,,
KRNY,DU3053535,9426,,89,1.79769313486232E+308,TRAIL LIMIT,SELL,0.64,0,10.54,,-5.27,True,GTC,,
KREF,DU3053535,9431,,51,1.79769313486232E+308,LMT,SELL,0,22.05,23.05,,1.79769313486232E+308,True,GTC,,
KREF,DU3053535,9432,,51,1.79769313486232E+308,TRAIL LIMIT,SELL,0.92,0,18.37,,-9.19,True,GTC,,
KRG,DU3053535,9429,,61,1.79769313486232E+308,TRAIL LIMIT,SELL,1.14,0,15.04,,-7.52,True,GTC,,
KREF,DU3053535,9430,,51,1.79769313486232E+308,LMT,BUY,0,19.68,20.68,,1.79769313486232E+308,True,GTC,,,20201229 09:30:00 EST, 274859321≥+19.29, 274859321≥+73727,margin ≥+20
KT,DU3053535,9419,,85,1.79769313486232E+308,LMT,SELL,0,12.69,13.69,,1.79769313486232E+308,True,GTC,,
KT,DU3053535,9420,,85,1.79769313486232E+308,TRAIL LIMIT,SELL,0.34,0,11.31,,-5.66,True,GTC,,
KW,DU3053535,9417,,54,1.79769313486232E+308,TRAIL LIMIT,SELL,0.9,0,17.6,,-8.8,True,GTC,,
KT,DU3053535,9418,,85,1.79769313486232E+308,LMT,BUY,0,11.89,12.89,,1.79769313486232E+308,True,GTC,,,20201229 09:30:00 EST, 6608089≥+11.65, 6608089≥+153236,margin ≥+20
KRO,DU3053535,9423,,63,1.79769313486232E+308,TRAIL LIMIT,SELL,0.81,0,14.87,,-7.43,True,GTC,,
KRNY,DU3053535,9424,,89,1.79769313486232E+308,LMT,BUY,0,11.4,12.4,,1.79769313486232E+308,True,GTC,,,20201229 09:30:00 EST, 195014109≥+11.18, 195014109≥+193473,margin ≥+20
KRO,DU3053535,9421,,63,1.79769313486232E+308,LMT,BUY,0,16,17,,1.79769313486232E+308,True,GTC,,,20201229 09:30:00 EST, 26976201≥+15.68, 26976201≥+71873,margin ≥+20
KRO,DU3053535,9422,,63,1.79769313486232E+308,LMT,SELL,0,18.12,19.12,,1.79769313486232E+308,True,GTC,,
LNDC,DU3053535,9379,,85,1.79769313486232E+308,LMT,BUY,0,11.92,12.92,,1.79769313486232E+308,True,GTC,,,20201229 09:30:00 EST, 4814301≥+11.69, 4814301≥+89618,margin ≥+20
LNDC,DU3053535,9380,,85,1.79769313486232E+308,LMT,SELL,0,14.19,15.19,,1.79769313486232E+308,True,GTC,,
LNTH,DU3053535,9377,,62,1.79769313486232E+308,LMT,SELL,0,20.15,21.15,,1.79769313486232E+308,True,GTC,,
LNTH,DU3053535,9378,,62,1.79769313486232E+308,TRAIL LIMIT,SELL,1.37,0,14.67,,-7.34,True,GTC,,
LLNW,DU3053535,9383,,220,1.79769313486232E+308,LMT,SELL,0,5.75,6.75,,1.79769313486232E+308,True,GTC,,
LLNW,DU3053535,9384,,220,1.79769313486232E+308,TRAIL LIMIT,SELL,0.4,0,4.14,,-2.07,True,GTC,,
LNDC,DU3053535,9381,,85,1.79769313486232E+308,TRAIL LIMIT,SELL,0.83,0,10.86,,-5.43,True,GTC,,
LLNW,DU3053535,9382,,220,1.79769313486232E+308,LMT,BUY,0,4.63,5.63,,1.79769313486232E+308,True,GTC,,,20201229 09:30:00 EST, 44496663≥+4.54, 44496663≥+454309,margin ≥+20
LPG,DU3053535,9371,,79,1.79769313486232E+308,LMT,SELL,0,15.68,16.68,,1.79769313486232E+308,True,GTC,,
LPG,DU3053535,9372,,79,1.79769313486232E+308,TRAIL LIMIT,SELL,1.02,0,11.59,,-5.79,True,GTC,,
LPL,DU3053535,9369,,112,1.79769313486232E+308,TRAIL LIMIT,SELL,0.77,0,8.11,,-4.06,True,GTC,,
LPG,DU3053535,9370,,79,1.79769313486232E+308,LMT,BUY,0,12.87,13.87,,1.79769313486232E+308,True,GTC,,,20201229 09:30:00 EST, 150632114≥+12.62, 150632114≥+144364,margin ≥+20
LOCO,DU3053535,9375,,51,1.79769313486232E+308,TRAIL LIMIT,SELL,1.26,0,18.08,,-9.04,True,GTC,,
LNTH,DU3053535,9376,,62,1.79769313486232E+308,LMT,BUY,0,16.36,17.36,,1.79769313486232E+308,True,GTC,,,20201229 09:30:00 EST, 198250080≥+16.04, 198250080≥+799327,margin ≥+20
LOCO,DU3053535,9373,,51,1.79769313486232E+308,LMT,BUY,0,19.72,20.72,,1.79769313486232E+308,True,GTC,,,20201229 09:30:00 EST, 162104095≥+19.33, 162104095≥+70000,margin ≥+20
LOCO,DU3053535,9374,,51,1.79769313486232E+308,LMT,SELL,0,23.1,24.1,,1.79769313486232E+308,True,GTC,,
LFAC,DU3053535,9395,,90,1.79769313486232E+308,LMT,SELL,0,12.49,13.49,,1.79769313486232E+308,True,GTC,,
LFAC,DU3053535,9396,,90,1.79769313486232E+308,TRAIL LIMIT,SELL,0.46,0,10.64,,-5.32,True,GTC,,
LFC,DU3053535,9393,,88,1.79769313486232E+308,TRAIL LIMIT,SELL,0.41,0,10.9,,-5.45,True,GTC,,
LFAC,DU3053535,9394,,90,1.79769313486232E+308,LMT,BUY,0,11.33,12.33,,1.79769313486232E+308,True,GTC,,,20201229 09:30:00 EST, 323805593≥+11.11, 323805593≥+269345,margin ≥+20
LCY,DU3053535,9399,,91,1.79769313486232E+308,TRAIL LIMIT,SELL,0.68,0,10.21,,-5.11,True,GTC,,
LBAI,DU3053535,9400,,74,1.79769313486232E+308,LMT,BUY,0,13.68,14.68,,1.79769313486232E+308,True,GTC,,,20201229 09:30:00 EST, 14487955≥+13.41, 14487955≥+78509,margin ≥+20
LCY,DU3053535,9397,,91,1.79769313486232E+308,LMT,BUY,0,11.1,12.1,,1.79769313486232E+308,True,GTC,,,20201229 09:30:00 EST, 457630868≥+10.88, 457630868≥+61673,margin ≥+20
LCY,DU3053535,9398,,91,1.79769313486232E+308,LMT,SELL,0,12.91,13.91,,1.79769313486232E+308,True,GTC,,
LILAK,DU3053535,9387,,81,1.79769313486232E+308,TRAIL LIMIT,SELL,0.93,0,11.39,,-5.69,True,GTC,,
LILA,DU3053535,9388,,80,1.79769313486232E+308,LMT,BUY,0,12.73,13.73,,1.79769313486232E+308,True,GTC,,,20201229 09:30:00 EST, 301303331≥+12.48, 301303331≥+101873,margin ≥+20
LILAK,DU3053535,9385,,81,1.79769313486232E+308,LMT,BUY,0,12.56,13.56,,1.79769313486232E+308,True,GTC,,,20201229 09:30:00 EST, 301303327≥+12.32, 301303327≥+265636,margin ≥+20
LILAK,DU3053535,9386,,81,1.79769313486232E+308,LMT,SELL,0,15.09,16.09,,1.79769313486232E+308,True,GTC,,
LFC,DU3053535,9391,,88,1.79769313486232E+308,LMT,BUY,0,11.53,12.53,,1.79769313486232E+308,True,GTC,,,20201229 09:30:00 EST, 27049618≥+11.31, 27049618≥+43855,margin ≥+20
LFC,DU3053535,9392,,88,1.79769313486232E+308,LMT,SELL,0,12.53,13.53,,1.79769313486232E+308,True,GTC,,
LILA,DU3053535,9389,,80,1.79769313486232E+308,LMT,SELL,0,15.73,16.73,,1.79769313486232E+308,True,GTC,,
LILA,DU3053535,9390,,80,1.79769313486232E+308,TRAIL LIMIT,SELL,1.08,0,11.39,,-5.69,True,GTC,,
MBI,DU3053535,9349,,129,1.79769313486232E+308,LMT,BUY,0,7.9,8.9,,1.79769313486232E+308,True,GTC,,,20201229 09:30:00 EST, 9388≥+7.75, 9388≥+497055,margin ≥+20
MBI,DU3053535,9350,,129,1.79769313486232E+308,LMT,SELL,0,9.76,10.76,,1.79769313486232E+308,True,GTC,,
MBT,DU3053535,9347,,108,1.79769313486232E+308,LMT,SELL,0,10.39,11.39,,1.79769313486232E+308,True,GTC,,
MBT,DU3053535,9348,,108,1.79769313486232E+308,TRAIL LIMIT,SELL,0.4,0,8.79,,-4.39,True,GTC,,
MAT,DU3053535,9353,,53,1.79769313486232E+308,LMT,SELL,0,22.75,23.75,,1.79769313486232E+308,True,GTC,,
MAT,DU3053535,9354,,53,1.79769313486232E+308,TRAIL LIMIT,SELL,1.34,0,17.4,,-8.7,True,GTC,,
MBI,DU3053535,9351,,129,1.79769313486232E+308,TRAIL LIMIT,SELL,0.67,0,7.08,,-3.54,True,GTC,,
MAT,DU3053535,9352,,53,1.79769313486232E+308,LMT,BUY,0,19.11,20.11,,1.79769313486232E+308,True,GTC,,,20201229 09:30:00 EST, 9365≥+18.74, 9365≥+869709,margin ≥+20
MDP,DU3053535,9341,,47,1.79769313486232E+308,LMT,SELL,0,26.93,27.93,,1.79769313486232E+308,True,GTC,,
MDP,DU3053535,9342,,47,1.79769313486232E+308,TRAIL LIMIT,SELL,1.89,0,19.37,,-9.68,True,GTC,,
MDRX,DU3053535,9339,,65,1.79769313486232E+308,TRAIL LIMIT,SELL,1.12,0,14.11,,-7.05,True,GTC,,
MDP,DU3053535,9340,,47,1.79769313486232E+308,LMT,BUY,0,21.69,22.69,,1.79769313486232E+308,True,GTC,,,20201229 09:30:00 EST, 9474≥+21.26, 9474≥+89709,margin ≥+20
MCBC,DU3053535,9345,,113,1.79769313486232E+308,TRAIL LIMIT,SELL,0.55,0,8.29,,-4.15,True,GTC,,
MBT,DU3053535,9346,,108,1.79769313486232E+308,LMT,BUY,0,9.37,10.37,,1.79769313486232E+308,True,GTC,,,20201229 09:30:00 EST, 9541728≥+9.19, 9541728≥+629545,margin ≥+20
MCBC,DU3053535,9343,,113,1.79769313486232E+308,LMT,BUY,0,9.01,10.01,,1.79769313486232E+308,True,GTC,,,20201229 09:30:00 EST, 14487961≥+8.83, 14487961≥+53127,margin ≥+20
MCBC,DU3053535,9344,,113,1.79769313486232E+308,LMT,SELL,0,10.47,11.47,,1.79769313486232E+308,True,GTC,,
LXP,DU3053535,9363,,87,1.79769313486232E+308,TRAIL LIMIT,SELL,0.53,0,10.86,,-5.43,True,GTC,,
LUMN,DU3053535,9364,,92,1.79769313486232E+308,LMT,BUY,0,11.04,12.04,,1.79769313486232E+308,True,GTC,,,20201229 09:30:00 EST, 6180≥+10.82, 6180≥+5457164,margin ≥+20
LXP,DU3053535,9361,,87,1.79769313486232E+308,LMT,BUY,0,11.62,12.62,,1.79769313486232E+308,True,GTC,,,20201229 09:30:00 EST, 9293≥+11.4, 9293≥+1202364,margin ≥+20
LXP,DU3053535,9362,,87,1.79769313486232E+308,LMT,SELL,0,12.99,13.99,,1.79769313486232E+308,True,GTC,,
LPL,DU3053535,9367,,112,1.79769313486232E+308,LMT,BUY,0,9.05,10.05,,1.79769313486232E+308,True,GTC,,,20201229 09:30:00 EST, 29914393≥+8.87, 29914393≥+40855,margin ≥+20
LPL,DU3053535,9368,,112,1.79769313486232E+308,LMT,SELL,0,11.18,12.18,,1.79769313486232E+308,True,GTC,,
LUMN,DU3053535,9365,,92,1.79769313486232E+308,LMT,SELL,0,12.9,13.9,,1.79769313486232E+308,True,GTC,,
LUMN,DU3053535,9366,,92,1.79769313486232E+308,TRAIL LIMIT,SELL,0.69,0,10.13,,-5.07,True,GTC,,
MAG,DU3053535,9356,,51,1.79769313486232E+308,LMT,SELL,0,24.96,25.96,,1.79769313486232E+308,True,GTC,,
MAG,DU3053535,9355,,51,1.79769313486232E+308,LMT,BUY,0,19.84,20.84,,1.79769313486232E+308,True,GTC,,,20201229 09:30:00 EST, 39924463≥+19.45, 39924463≥+93945,margin ≥+20
LYTS,DU3053535,9359,,109,1.79769313486232E+308,LMT,SELL,0,11.56,12.56,,1.79769313486232E+308,True,GTC,,
LYTS,DU3053535,9360,,109,1.79769313486232E+308,TRAIL LIMIT,SELL,0.81,0,8.33,,-4.16,True,GTC,,
MAG,DU3053535,9357,,51,1.79769313486232E+308,TRAIL LIMIT,SELL,1.84,0,17.61,,-8.8,True,GTC,,
LYTS,DU3053535,9358,,109,1.79769313486232E+308,LMT,BUY,0,9.32,10.32,,1.79769313486232E+308,True,GTC,,,20201229 09:30:00 EST, 271419≥+9.14, 271419≥+78091,margin ≥+20
MNRL,DU3053535,9314,,81,1.79769313486232E+308,LMT,SELL,0,15.37,16.37,,1.79769313486232E+308,True,GTC,,
MNRL,DU3053535,9315,,81,1.79769313486232E+308,TRAIL LIMIT,SELL,1.05,0,11.15,,-5.57,True,GTC,,
MOD,DU3053535,9312,,74,1.79769313486232E+308,TRAIL LIMIT,SELL,1.06,0,12.3,,-6.15,True,GTC,,
MNRL,DU3053535,9313,,81,1.79769313486232E+308,LMT,BUY,0,12.45,13.45,,1.79769313486232E+308,True,GTC,,,20201229 09:30:00 EST, 360978693≥+12.21, 360978693≥+226236,margin ≥+20
MNR,DU3053535,9318,,55,1.79769313486232E+308,TRAIL LIMIT,SELL,1.13,0,17,,-8.5,True,GTC,,
MMX,DU3053535,9319,,178,1.79769313486232E+308,LMT,BUY,0,5.73,6.73,,1.79769313486232E+308,True,GTC,,,20201229 09:30:00 EST, 367529075≥+5.62, 367529075≥+27745,margin ≥+20
MNR,DU3053535,9316,,55,1.79769313486232E+308,LMT,BUY,0,18.5,19.5,,1.79769313486232E+308,True,GTC,,,20201229 09:30:00 EST, 4815006≥+18.13, 4815006≥+347055,margin ≥+20
MNR,DU3053535,9317,,55,1.79769313486232E+308,LMT,SELL,0,21.53,22.53,,1.79769313486232E+308,True,GTC,,
MRTN,DU3053535,9306,,54,1.79769313486232E+308,TRAIL LIMIT,SELL,1,0,17.4,,-8.7,True,GTC,,
MOMO,DU3053535,9307,,68,1.79769313486232E+308,LMT,BUY,0,14.87,15.87,,1.79769313486232E+308,True,GTC,,,20201229 09:30:00 EST, 176573143≥+14.58, 176573143≥+795218,margin ≥+20
MRTN,DU3053535,9304,,54,1.79769313486232E+308,LMT,BUY,0,18.77,19.77,,1.79769313486232E+308,True,GTC,,,20201229 09:30:00 EST, 272052≥+18.4, 272052≥+198982,margin ≥+20
MRTN,DU3053535,9305,,54,1.79769313486232E+308,LMT,SELL,0,21.4,22.4,,1.79769313486232E+308,True,GTC,,
MOD,DU3053535,9310,,74,1.79769313486232E+308,LMT,BUY,0,13.63,14.63,,1.79769313486232E+308,True,GTC,,,20201229 09:30:00 EST, 271952≥+13.36, 271952≥+122382,margin ≥+20
MOD,DU3053535,9311,,74,1.79769313486232E+308,LMT,SELL,0,16.54,17.54,,1.79769313486232E+308,True,GTC,,
MOMO,DU3053535,9308,,68,1.79769313486232E+308,LMT,SELL,0,18.31,19.31,,1.79769313486232E+308,True,GTC,,
MOMO,DU3053535,9309,,68,1.79769313486232E+308,TRAIL LIMIT,SELL,1.24,0,13.34,,-6.67,True,GTC,,
MFC,DU3053535,9330,,54,1.79769313486232E+308,TRAIL LIMIT,SELL,0.81,0,17.55,,-8.77,True,GTC,,
MERC,DU3053535,9334,,91,1.79769313486232E+308,LMT,BUY,0,11.18,12.18,,1.79769313486232E+308,True,GTC,,,20201229 09:30:00 EST, 271712≥+10.96, 271712≥+178618,margin ≥+20
MFC,DU3053535,9328,,54,1.79769313486232E+308,LMT,BUY,0,18.73,19.73,,1.79769313486232E+308,True,GTC,,,20201229 09:30:00 EST, 1447100≥+18.37, 1447100≥+271655,margin ≥+20
MFC,DU3053535,9329,,54,1.79769313486232E+308,LMT,SELL,0,20.8,21.8,,1.79769313486232E+308,True,GTC,,
MDRX,DU3053535,9337,,65,1.79769313486232E+308,LMT,BUY,0,15.54,16.54,,1.79769313486232E+308,True,GTC,,,20201229 09:30:00 EST, 6857738≥+15.23, 6857738≥+1360836,margin ≥+20
MDRX,DU3053535,9338,,65,1.79769313486232E+308,LMT,SELL,0,18.59,19.59,,1.79769313486232E+308,True,GTC,,
MERC,DU3053535,9335,,91,1.79769313486232E+308,LMT,SELL,0,13.85,14.85,,1.79769313486232E+308,True,GTC,,
MERC,DU3053535,9336,,91,1.79769313486232E+308,TRAIL LIMIT,SELL,0.96,0,10,,-5,True,GTC,,
MLCO,DU3053535,9322,,50,1.79769313486232E+308,LMT,BUY,0,20.05,21.05,,1.79769313486232E+308,True,GTC,,,20201229 09:30:00 EST, 41951960≥+19.65, 41951960≥+285436,margin ≥+20
MLCO,DU3053535,9323,,50,1.79769313486232E+308,LMT,SELL,0,23.1,24.1,,1.79769313486232E+308,True,GTC,,
MMX,DU3053535,9320,,178,1.79769313486232E+308,LMT,SELL,0,7.09,8.09,,1.79769313486232E+308,True,GTC,,
MMX,DU3053535,9321,,178,1.79769313486232E+308,TRAIL LIMIT,SELL,0.49,0,5.12,,-2.56,True,GTC,,
MFG,DU3053535,9326,,374,1.79769313486232E+308,LMT,SELL,0,3.01,4.01,,1.79769313486232E+308,True,GTC,,
MFG,DU3053535,9327,,374,1.79769313486232E+308,TRAIL LIMIT,SELL,0.11,0,2.56,,-1.28,True,GTC,,
MLCO,DU3053535,9324,,50,1.79769313486232E+308,TRAIL LIMIT,SELL,1.15,0,18.51,,-9.26,True,GTC,,
MFG,DU3053535,9325,,374,1.79769313486232E+308,LMT,BUY,0,2.72,3.72,,1.79769313486232E+308,True,GTC,,,20201229 09:30:00 EST, 41597034≥+2.67, 41597034≥+53636,margin ≥+20
ESI,DU3053535,9797,,54,1.79769313486232E+308,LMT,SELL,0,21.53,22.53,,1.79769313486232E+308,True,GTC,,
ESI,DU3053535,9798,,54,1.79769313486232E+308,TRAIL LIMIT,SELL,1.02,0,17.45,,-8.73,True,GTC,,
ESRT,DU3053535,9795,,95,1.79769313486232E+308,TRAIL LIMIT,SELL,0.81,0,9.62,,-4.81,True,GTC,,
ESI,DU3053535,9796,,54,1.79769313486232E+308,LMT,BUY,0,18.84,19.84,,1.79769313486232E+308,True,GTC,,,20201229 09:30:00 EST, 351659552≥+18.47, 351659552≥+1074673,margin ≥+20
ERII,DU3053535,9801,,71,1.79769313486232E+308,TRAIL LIMIT,SELL,0.82,0,13.16,,-6.58,True,GTC,,
ERIC,DU3053535,9802,,80,1.79769313486232E+308,LMT,BUY,0,12.63,13.63,,1.79769313486232E+308,True,GTC,,,20201229 09:30:00 EST, 268977≥+12.39, 268977≥+375855,margin ≥+20
ERII,DU3053535,9799,,71,1.79769313486232E+308,LMT,BUY,0,14.26,15.26,,1.79769313486232E+308,True,GTC,,,20201229 09:30:00 EST, 52289867≥+13.98, 52289867≥+93491,margin ≥+20
ERII,DU3053535,9800,,71,1.79769313486232E+308,LMT,SELL,0,16.46,17.46,,1.79769313486232E+308,True,GTC,,
ETACU,DU3053535,9789,,91,1.79769313486232E+308,TRAIL LIMIT,SELL,0.31,0,10.61,,-5.3,True,GTC,,
ETAC,DU3053535,9790,,92,1.79769313486232E+308,LMT,BUY,0,11.02,12.02,,1.79769313486232E+308,True,GTC,,,20201229 09:30:00 EST, 446082458≥+10.8, 446082458≥+122764,margin ≥+20
ETACU,DU3053535,9787,,91,1.79769313486232E+308,LMT,BUY,0,11.14,12.14,,1.79769313486232E+308,True,GTC,,,20201229 09:30:00 EST, 437449284≥+10.92, 437449284≥+24200,margin ≥+20
ETACU,DU3053535,9788,,91,1.79769313486232E+308,LMT,SELL,0,11.87,12.87,,1.79769313486232E+308,True,GTC,,
ESRT,DU3053535,9793,,95,1.79769313486232E+308,LMT,BUY,0,10.65,11.65,,1.79769313486232E+308,True,GTC,,,20201229 09:30:00 EST, 135702590≥+10.44, 135702590≥+492327,margin ≥+20
ESRT,DU3053535,9794,,95,1.79769313486232E+308,LMT,SELL,0,12.88,13.88,,1.79769313486232E+308,True,GTC,,
ETAC,DU3053535,9791,,92,1.79769313486232E+308,LMT,SELL,0,12.64,13.64,,1.79769313486232E+308,True,GTC,,
ETAC,DU3053535,9792,,92,1.79769313486232E+308,TRAIL LIMIT,SELL,0.61,0,10.19,,-5.1,True,GTC,,
ENIC,DU3053535,9813,,246,1.79769313486232E+308,TRAIL LIMIT,SELL,0.26,0,3.8,,-1.9,True,GTC,,
ENIA,DU3053535,9814,,116,1.79769313486232E+308,LMT,BUY,0,8.77,9.77,,1.79769313486232E+308,True,GTC,,,20201229 09:30:00 EST, 6867≥+8.6, 6867≥+183345,margin ≥+20
ENIC,DU3053535,9811,,246,1.79769313486232E+308,LMT,BUY,0,4.14,5.14,,1.79769313486232E+308,True,GTC,,,20201229 09:30:00 EST, 229115037≥+4.06, 229115037≥+144891,margin ≥+20
ENIC,DU3053535,9812,,246,1.79769313486232E+308,LMT,SELL,0,4.84,5.84,,1.79769313486232E+308,True,GTC,,
ELP,DU3053535,9817,,66,1.79769313486232E+308,LMT,BUY,0,15.44,16.44,,1.79769313486232E+308,True,GTC,,,20201229 09:30:00 EST, 5021359≥+15.14, 5021359≥+124782,margin ≥+20
ELP,DU3053535,9818,,66,1.79769313486232E+308,LMT,SELL,0,17.82,18.82,,1.79769313486232E+308,True,GTC,,
ENIA,DU3053535,9815,,116,1.79769313486232E+308,LMT,SELL,0,10.18,11.18,,1.79769313486232E+308,True,GTC,,
ENIA,DU3053535,9816,,116,1.79769313486232E+308,TRAIL LIMIT,SELL,0.52,0,8.08,,-4.04,True,GTC,,
EQX,DU3053535,9805,,89,1.79769313486232E+308,LMT,BUY,0,11.42,12.42,,1.79769313486232E+308,True,GTC,,,20201229 09:30:00 EST, 379386501≥+11.2, 379386501≥+147527,margin ≥+20
EQX,DU3053535,9806,,89,1.79769313486232E+308,LMT,SELL,0,14,15,,1.79769313486232E+308,True,GTC,,
ERIC,DU3053535,9803,,80,1.79769313486232E+308,LMT,SELL,0,14.01,15.01,,1.79769313486232E+308,True,GTC,,
ERIC,DU3053535,9804,,80,1.79769313486232E+308,TRAIL LIMIT,SELL,0.54,0,11.85,,-5.93,True,GTC,,
EQNR,DU3053535,9809,,56,1.79769313486232E+308,LMT,SELL,0,21.35,22.35,,1.79769313486232E+308,True,GTC,,
EQNR,DU3053535,9810,,56,1.79769313486232E+308,TRAIL LIMIT,SELL,1.2,0,16.56,,-8.28,True,GTC,,
EQX,DU3053535,9807,,89,1.79769313486232E+308,TRAIL LIMIT,SELL,0.93,0,10.26,,-5.13,True,GTC,,
EQNR,DU3053535,9808,,56,1.79769313486232E+308,LMT,BUY,0,18.11,19.11,,1.79769313486232E+308,True,GTC,,,20201229 09:30:00 EST, 316805238≥+17.76, 316805238≥+215600,margin ≥+20
FBP,DU3053535,9765,,104,1.79769313486232E+308,TRAIL LIMIT,SELL,0.63,0,8.92,,-4.46,True,GTC,,
FBM,DU3053535,9766,,51,1.79769313486232E+308,LMT,BUY,0,19.84,20.84,,1.79769313486232E+308,True,GTC,,,20201229 09:30:00 EST, 265109881≥+19.45, 265109881≥+115255,margin ≥+20
FBP,DU3053535,9763,,104,1.79769313486232E+308,LMT,BUY,0,9.74,10.74,,1.79769313486232E+308,True,GTC,,,20201229 09:30:00 EST, 80986824≥+9.55, 80986824≥+1085291,margin ≥+20
FBP,DU3053535,9764,,104,1.79769313486232E+308,LMT,SELL,0,11.42,12.42,,1.79769313486232E+308,True,GTC,,
FAII,DU3053535,9769,,87,1.79769313486232E+308,LMT,BUY,0,11.72,12.72,,1.79769313486232E+308,True,GTC,,,20201229 09:30:00 EST, 447585298≥+11.49, 447585298≥+29491,margin ≥+20
FAII,DU3053535,9770,,87,1.79769313486232E+308,LMT,SELL,0,13.89,14.89,,1.79769313486232E+308,True,GTC,,
FBM,DU3053535,9767,,51,1.79769313486232E+308,LMT,SELL,0,20.17,21.17,,1.79769313486232E+308,True,GTC,,
FBM,DU3053535,9768,,51,1.79769313486232E+308,TRAIL LIMIT,SELL,0.24,0,19.21,,-9.6,True,GTC,,
FCF,DU3053535,9757,,89,1.79769313486232E+308,LMT,BUY,0,11.4,12.4,,1.79769313486232E+308,True,GTC,,,20201229 09:30:00 EST, 7077≥+11.18, 7077≥+500891,margin ≥+20
FCF,DU3053535,9758,,89,1.79769313486232E+308,LMT,SELL,0,12.95,13.95,,1.79769313486232E+308,True,GTC,,
FF,DU3053535,9755,,76,1.79769313486232E+308,LMT,SELL,0,15.54,16.54,,1.79769313486232E+308,True,GTC,,
FF,DU3053535,9756,,76,1.79769313486232E+308,TRAIL LIMIT,SELL,0.84,0,12.17,,-6.09,True,GTC,,
FCAU,DU3053535,9761,,54,1.79769313486232E+308,LMT,SELL,0,20.84,21.84,,1.79769313486232E+308,True,GTC,,
FCAU,DU3053535,9762,,54,1.79769313486232E+308,TRAIL LIMIT,SELL,0.84,0,17.5,,-8.75,True,GTC,,
FCF,DU3053535,9759,,89,1.79769313486232E+308,TRAIL LIMIT,SELL,0.59,0,10.59,,-5.29,True,GTC,,
FCAU,DU3053535,9760,,54,1.79769313486232E+308,LMT,BUY,0,18.7,19.7,,1.79769313486232E+308,True,GTC,,,20201229 09:30:00 EST, 169622610≥+18.33, 169622610≥+202455,margin ≥+20
EVH,DU3053535,9781,,60,1.79769313486232E+308,LMT,BUY,0,16.91,17.91,,1.79769313486232E+308,True,GTC,,,20201229 09:30:00 EST, 196183267≥+16.58, 196183267≥+205673,margin ≥+20
EVH,DU3053535,9782,,60,1.79769313486232E+308,LMT,SELL,0,19.82,20.82,,1.79769313486232E+308,True,GTC,,
EXPC,DU3053535,9779,,86,1.79769313486232E+308,LMT,SELL,0,14.4,15.4,,1.79769313486232E+308,True,GTC,,
EXPC,DU3053535,9780,,86,1.79769313486232E+308,TRAIL LIMIT,SELL,0.93,0,10.68,,-5.34,True,GTC,,
EURN,DU3053535,9785,,115,1.79769313486232E+308,LMT,SELL,0,10.13,11.13,,1.79769313486232E+308,True,GTC,,
EURN,DU3053535,9786,,115,1.79769313486232E+308,TRAIL LIMIT,SELL,0.5,0,8.14,,-4.07,True,GTC,,
EVH,DU3053535,9783,,60,1.79769313486232E+308,TRAIL LIMIT,SELL,1.08,0,15.49,,-7.74,True,GTC,,
EURN,DU3053535,9784,,115,1.79769313486232E+308,LMT,BUY,0,8.81,9.81,,1.79769313486232E+308,True,GTC,,,20201229 09:30:00 EST, 174267357≥+8.63, 174267357≥+69582,margin ≥+20
F,DU3053535,9773,,105,1.79769313486232E+308,LMT,SELL,0,11.06,12.06,,1.79769313486232E+308,True,GTC,,
F,DU3053535,9774,,105,1.79769313486232E+308,TRAIL LIMIT,SELL,0.52,0,8.97,,-4.49,True,GTC,,
FAII,DU3053535,9771,,87,1.79769313486232E+308,TRAIL LIMIT,SELL,0.8,0,10.69,,-5.34,True,GTC,,
F,DU3053535,9772,,105,1.79769313486232E+308,LMT,BUY,0,9.68,10.68,,1.79769313486232E+308,True,GTC,,,20201229 09:30:00 EST, 9599491≥+9.49, 9599491≥+11450509,margin ≥+20
EXTR,DU3053535,9777,,135,1.79769313486232E+308,TRAIL LIMIT,SELL,0.61,0,6.79,,-3.39,True,GTC,,
EXPC,DU3053535,9778,,86,1.79769313486232E+308,LMT,BUY,0,11.84,12.84,,1.79769313486232E+308,True,GTC,,,20201229 09:30:00 EST, 390057781≥+11.61, 390057781≥+1062855,margin ≥+20
EXTR,DU3053535,9775,,135,1.79769313486232E+308,LMT,BUY,0,7.55,8.55,,1.79769313486232E+308,True,GTC,,,20201229 09:30:00 EST, 269087≥+7.4, 269087≥+602436,margin ≥+20
EXTR,DU3053535,9776,,135,1.79769313486232E+308,LMT,SELL,0,9.24,10.24,,1.79769313486232E+308,True,GTC,,
FMBI,DU3053535,9733,,60,1.79769313486232E+308,LMT,BUY,0,16.9,17.9,,1.79769313486232E+308,True,GTC,,,20201229 09:30:00 EST, 269370≥+16.56, 269370≥+671145,margin ≥+20
FMBI,DU3053535,9734,,60,1.79769313486232E+308,LMT,SELL,0,19.67,20.67,,1.79769313486232E+308,True,GTC,,
FLXN,DU3053535,9737,,77,1.79769313486232E+308,LMT,SELL,0,16.41,17.41,,1.79769313486232E+308,True,GTC,,
FLXN,DU3053535,9738,,77,1.79769313486232E+308,TRAIL LIMIT,SELL,1.2,0,11.63,,-5.81,True,GTC,,
FMBI,DU3053535,9735,,60,1.79769313486232E+308,TRAIL LIMIT,SELL,1.04,0,15.53,,-7.77,True,GTC,,
FLXN,DU3053535,9736,,77,1.79769313486232E+308,LMT,BUY,0,13.08,14.08,,1.79769313486232E+308,True,GTC,,,20201229 09:30:00 EST, 144017168≥+12.83, 144017168≥+150636,margin ≥+20
FOE,DU3053535,9727,,65,1.79769313486232E+308,LMT,BUY,0,15.49,16.49,,1.79769313486232E+308,True,GTC,,,20201229 09:30:00 EST, 7290≥+15.19, 7290≥+352582,margin ≥+20
FOE,DU3053535,9728,,65,1.79769313486232E+308,LMT,SELL,0,17.97,18.97,,1.79769313486232E+308,True,GTC,,
FPI,DU3053535,9725,,109,1.79769313486232E+308,LMT,SELL,0,10.87,11.87,,1.79769313486232E+308,True,GTC,,
FPI,DU3053535,9726,,109,1.79769313486232E+308,TRAIL LIMIT,SELL,0.58,0,8.56,,-4.28,True,GTC,,
FNB,DU3053535,9731,,97,1.79769313486232E+308,LMT,SELL,0,12.74,13.74,,1.79769313486232E+308,True,GTC,,
FNB,DU3053535,9732,,97,1.79769313486232E+308,TRAIL LIMIT,SELL,0.82,0,9.45,,-4.72,True,GTC,,
FOE,DU3053535,9729,,65,1.79769313486232E+308,TRAIL LIMIT,SELL,0.93,0,14.26,,-7.13,True,GTC,,
FNB,DU3053535,9730,,97,1.79769313486232E+308,LMT,BUY,0,10.48,11.48,,1.79769313486232E+308,True,GTC,,,20201229 09:30:00 EST, 269135≥+10.27, 269135≥+855636,margin ≥+20
FFIC,DU3053535,9749,,57,1.79769313486232E+308,LMT,SELL,0,21.21,22.21,,1.79769313486232E+308,True,GTC,,
FFIC,DU3053535,9750,,57,1.79769313486232E+308,TRAIL LIMIT,SELL,1.23,0,16.3,,-8.15,True,GTC,,
FHN,DU3053535,9747,,74,1.79769313486232E+308,TRAIL LIMIT,SELL,0.83,0,12.66,,-6.33,True,GTC,,
FFIC,DU3053535,9748,,57,1.79769313486232E+308,LMT,BUY,0,17.88,18.88,,1.79769313486232E+308,True,GTC,,,20201229 09:30:00 EST, 3655544≥+17.53, 3655544≥+165236,margin ≥+20
FFBC,DU3053535,9753,,54,1.79769313486232E+308,TRAIL LIMIT,SELL,1.06,0,17.28,,-8.64,True,GTC,,
FF,DU3053535,9754,,76,1.79769313486232E+308,LMT,BUY,0,13.27,14.27,,1.79769313486232E+308,True,GTC,,,20201229 09:30:00 EST, 52298132≥+13.01, 52298132≥+126545,margin ≥+20
FFBC,DU3053535,9751,,54,1.79769313486232E+308,LMT,BUY,0,18.71,19.71,,1.79769313486232E+308,True,GTC,,,20201229 09:30:00 EST, 3655529≥+18.35, 3655529≥+310109,margin ≥+20
FFBC,DU3053535,9752,,54,1.79769313486232E+308,LMT,SELL,0,21.54,22.54,,1.79769313486232E+308,True,GTC,,
FLEX,DU3053535,9741,,53,1.79769313486232E+308,TRAIL LIMIT,SELL,1.25,0,17.59,,-8.8,True,GTC,,
FIT,DU3053535,9742,,137,1.79769313486232E+308,LMT,BUY,0,7.44,8.44,,1.79769313486232E+308,True,GTC,,,20201229 09:30:00 EST, 197066570≥+7.29, 197066570≥+2183109,margin ≥+20
FLEX,DU3053535,9739,,53,1.79769313486232E+308,LMT,BUY,0,19.22,20.22,,1.79769313486232E+308,True,GTC,,,20201229 09:30:00 EST, 4596077≥+18.84, 4596077≥+613255,margin ≥+20
FLEX,DU3053535,9740,,53,1.79769313486232E+308,LMT,SELL,0,22.59,23.59,,1.79769313486232E+308,True,GTC,,
FHN,DU3053535,9745,,74,1.79769313486232E+308,LMT,BUY,0,13.77,14.77,,1.79769313486232E+308,True,GTC,,,20201229 09:30:00 EST, 269555≥+13.5, 269555≥+1660945,margin ≥+20
FHN,DU3053535,9746,,74,1.79769313486232E+308,LMT,SELL,0,16,17,,1.79769313486232E+308,True,GTC,,
FIT,DU3053535,9743,,137,1.79769313486232E+308,LMT,SELL,0,8.09,9.09,,1.79769313486232E+308,True,GTC,,
FIT,DU3053535,9744,,137,1.79769313486232E+308,TRAIL LIMIT,SELL,0.27,0,7.02,,-3.51,True,GTC,,
GAIN,DU3053535,9700,,92,1.79769313486232E+308,LMT,BUY,0,11.01,12.01,,1.79769313486232E+308,True,GTC,,,20201229 09:30:00 EST, 35052919≥+10.79, 35052919≥+32236,margin ≥+20
GAIN,DU3053535,9701,,92,1.79769313486232E+308,LMT,SELL,0,12.4,13.4,,1.79769313486232E+308,True,GTC,,
GBDC,DU3053535,9698,,69,1.79769313486232E+308,LMT,SELL,0,16,17,,1.79769313486232E+308,True,GTC,,
GBDC,DU3053535,9699,,69,1.79769313486232E+308,TRAIL LIMIT,SELL,0.53,0,13.87,,-6.94,True,GTC,,
FULT,DU3053535,9704,,72,1.79769313486232E+308,LMT,SELL,0,16.52,17.52,,1.79769313486232E+308,True,GTC,,
FULT,DU3053535,9705,,72,1.79769313486232E+308,TRAIL LIMIT,SELL,0.9,0,12.94,,-6.47,True,GTC,,
GAIN,DU3053535,9702,,92,1.79769313486232E+308,TRAIL LIMIT,SELL,0.53,0,10.26,,-5.13,True,GTC,,
FULT,DU3053535,9703,,72,1.79769313486232E+308,LMT,BUY,0,14.11,15.11,,1.79769313486232E+308,True,GTC,,,20201229 09:30:00 EST, 269581≥+13.83, 269581≥+385273,margin ≥+20
GE,DU3053535,9692,,85,1.79769313486232E+308,LMT,SELL,0,14.11,15.11,,1.79769313486232E+308,True,GTC,,
GE,DU3053535,9693,,85,1.79769313486232E+308,TRAIL LIMIT,SELL,0.82,0,10.83,,-5.42,True,GTC,,
GEO,DU3053535,9690,,100,1.79769313486232E+308,TRAIL LIMIT,SELL,0.73,0,9.23,,-4.62,True,GTC,,
GE,DU3053535,9691,,85,1.79769313486232E+308,LMT,BUY,0,11.88,12.88,,1.79769313486232E+308,True,GTC,,,20201229 09:30:00 EST, 7516≥+11.65, 7516≥+17559255,margin ≥+20
GBL,DU3053535,9696,,54,1.79769313486232E+308,TRAIL LIMIT,SELL,1.62,0,16.77,,-8.38,True,GTC,,
GBDC,DU3053535,9697,,69,1.79769313486232E+308,LMT,BUY,0,14.69,15.69,,1.79769313486232E+308,True,GTC,,,20201229 09:30:00 EST, 74244456≥+14.4, 74244456≥+166164,margin ≥+20
GBL,DU3053535,9694,,54,1.79769313486232E+308,LMT,BUY,0,18.76,19.76,,1.79769313486232E+308,True,GTC,,,20201229 09:30:00 EST, 6607951≥+18.4, 6607951≥+24491,margin ≥+20
GBL,DU3053535,9695,,54,1.79769313486232E+308,LMT,SELL,0,23.27,24.27,,1.79769313486232E+308,True,GTC,,
FRO,DU3053535,9719,,141,1.79769313486232E+308,LMT,SELL,0,8.69,9.69,,1.79769313486232E+308,True,GTC,,
FRO,DU3053535,9720,,141,1.79769313486232E+308,TRAIL LIMIT,SELL,0.55,0,6.5,,-3.25,True,GTC,,
FRTA,DU3053535,9717,,51,1.79769313486232E+308,TRAIL LIMIT,SELL,1.63,0,17.61,,-8.8,True,GTC,,
FRO,DU3053535,9718,,141,1.79769313486232E+308,LMT,BUY,0,7.19,8.19,,1.79769313486232E+308,True,GTC,,,20201229 09:30:00 EST, 220580491≥+7.05, 220580491≥+276600,margin ≥+20
FRBK,DU3053535,9723,,315,1.79769313486232E+308,TRAIL LIMIT,SELL,0.27,0,2.9,,-1.45,True,GTC,,
FPI,DU3053535,9724,,109,1.79769313486232E+308,LMT,BUY,0,9.32,10.32,,1.79769313486232E+308,True,GTC,,,20201229 09:30:00 EST, 148163094≥+9.14, 148163094≥+74818,margin ≥+20
FRBK,DU3053535,9721,,315,1.79769313486232E+308,LMT,BUY,0,3.23,4.23,,1.79769313486232E+308,True,GTC,,,20201229 09:30:00 EST, 3655599≥+3.17, 3655599≥+843673,margin ≥+20
FRBK,DU3053535,9722,,315,1.79769313486232E+308,LMT,SELL,0,3.97,4.97,,1.79769313486232E+308,True,GTC,,
FSKR,DU3053535,9711,,54,1.79769313486232E+308,TRAIL LIMIT,SELL,1.39,0,16.82,,-8.41,True,GTC,,
FSK,DU3053535,9712,,54,1.79769313486232E+308,LMT,BUY,0,18.74,19.74,,1.79769313486232E+308,True,GTC,,,20201229 09:30:00 EST, 426117794≥+18.37, 426117794≥+126655,margin ≥+20
FSKR,DU3053535,9709,,54,1.79769313486232E+308,LMT,BUY,0,18.56,19.56,,1.79769313486232E+308,True,GTC,,,20201229 09:30:00 EST, 427387280≥+18.2, 427387280≥+58418,margin ≥+20
FSKR,DU3053535,9710,,54,1.79769313486232E+308,LMT,SELL,0,22.36,23.36,,1.79769313486232E+308,True,GTC,,
FRTA,DU3053535,9715,,51,1.79769313486232E+308,LMT,BUY,0,19.63,20.63,,1.79769313486232E+308,True,GTC,,,20201229 09:30:00 EST, 252330400≥+19.24, 252330400≥+268582,margin ≥+20
FRTA,DU3053535,9716,,51,1.79769313486232E+308,LMT,SELL,0,24.14,25.14,,1.79769313486232E+308,True,GTC,,
FSK,DU3053535,9713,,54,1.79769313486232E+308,LMT,SELL,0,21.84,22.84,,1.79769313486232E+308,True,GTC,,
FSK,DU3053535,9714,,54,1.79769313486232E+308,TRAIL LIMIT,SELL,1.16,0,17.22,,-8.61,True,GTC,,
GLDD,DU3053535,9668,,77,1.79769313486232E+308,LMT,SELL,0,15.22,16.22,,1.79769313486232E+308,True,GTC,,
GLDD,DU3053535,9669,,77,1.79769313486232E+308,TRAIL LIMIT,SELL,0.78,0,12.11,,-6.06,True,GTC,,
GLT,DU3053535,9666,,55,1.79769313486232E+308,TRAIL LIMIT,SELL,1,0,16.94,,-8.47,True,GTC,,
GLDD,DU3053535,9667,,77,1.79769313486232E+308,LMT,BUY,0,13.14,14.14,,1.79769313486232E+308,True,GTC,,,20201229 09:30:00 EST, 42309983≥+12.89, 42309983≥+97764,margin ≥+20
GIM,DU3053535,9672,,178,1.79769313486232E+308,TRAIL LIMIT,SELL,0.14,0,5.46,,-2.73,True,GTC,,
GILT,DU3053535,9673,,147,1.79769313486232E+308,LMT,BUY,0,6.93,7.93,,1.79769313486232E+308,True,GTC,,,20201229 09:30:00 EST, 269756≥+6.79, 269756≥+68855,margin ≥+20
GIM,DU3053535,9670,,178,1.79769313486232E+308,LMT,BUY,0,5.72,6.72,,1.79769313486232E+308,True,GTC,,,20201229 09:30:00 EST, 7613≥+5.6, 7613≥+144291,margin ≥+20
GIM,DU3053535,9671,,178,1.79769313486232E+308,LMT,SELL,0,6.02,7.02,,1.79769313486232E+308,True,GTC,,
GMRE,DU3053535,9660,,67,1.79769313486232E+308,TRAIL LIMIT,SELL,0.94,0,13.98,,-6.99,True,GTC,,
GLUU,DU3053535,9661,,96,1.79769313486232E+308,LMT,BUY,0,10.59,11.59,,1.79769313486232E+308,True,GTC,,,20201229 09:30:00 EST, 43502818≥+10.38, 43502818≥+491527,margin ≥+20
GMRE,DU3053535,9658,,67,1.79769313486232E+308,LMT,BUY,0,15.21,16.21,,1.79769313486232E+308,True,GTC,,,20201229 09:30:00 EST, 173803901≥+14.92, 173803901≥+147745,margin ≥+20
GMRE,DU3053535,9659,,67,1.79769313486232E+308,LMT,SELL,0,17.73,18.73,,1.79769313486232E+308,True,GTC,,
GLT,DU3053535,9664,,55,1.79769313486232E+308,LMT,BUY,0,18.3,19.3,,1.79769313486232E+308,True,GTC,,,20201229 09:30:00 EST, 448402321≥+17.94, 448402321≥+133945,margin ≥+20
GLT,DU3053535,9665,,55,1.79769313486232E+308,LMT,SELL,0,20.94,21.94,,1.79769313486232E+308,True,GTC,,
GLUU,DU3053535,9662,,96,1.79769313486232E+308,LMT,SELL,0,12.93,13.93,,1.79769313486232E+308,True,GTC,,
GLUU,DU3053535,9663,,96,1.79769313486232E+308,TRAIL LIMIT,SELL,0.85,0,9.53,,-4.77,True,GTC,,
GGAL,DU3053535,9684,,104,1.79769313486232E+308,TRAIL LIMIT,SELL,0.82,0,8.77,,-4.38,True,GTC,,
GFI,DU3053535,9685,,97,1.79769313486232E+308,LMT,BUY,0,10.44,11.44,,1.79769313486232E+308,True,GTC,,,20201229 09:30:00 EST, 6857605≥+10.24, 6857605≥+1147745,margin ≥+20
GGAL,DU3053535,9682,,104,1.79769313486232E+308,LMT,BUY,0,9.78,10.78,,1.79769313486232E+308,True,GTC,,,20201229 09:30:00 EST, 9789076≥+9.59, 9789076≥+45327,margin ≥+20
GGAL,DU3053535,9683,,104,1.79769313486232E+308,LMT,SELL,0,12.04,13.04,,1.79769313486232E+308,True,GTC,,
GEO,DU3053535,9688,,100,1.79769313486232E+308,LMT,BUY,0,10.16,11.16,,1.79769313486232E+308,True,GTC,,,20201229 09:30:00 EST, 158655765≥+9.96, 158655765≥+641855,margin ≥+20
GEO,DU3053535,9689,,100,1.79769313486232E+308,LMT,SELL,0,12.14,13.14,,1.79769313486232E+308,True,GTC,,
GFI,DU3053535,9686,,97,1.79769313486232E+308,LMT,SELL,0,12.98,13.98,,1.79769313486232E+308,True,GTC,,
GFI,DU3053535,9687,,97,1.79769313486232E+308,TRAIL LIMIT,SELL,0.91,0,9.33,,-4.67,True,GTC,,
GHLD,DU3053535,9676,,56,1.79769313486232E+308,LMT,BUY,0,18.09,19.09,,1.79769313486232E+308,True,GTC,,,20201229 09:30:00 EST, 451304676≥+17.74, 451304676≥+55455,margin ≥+20
GHLD,DU3053535,9677,,56,1.79769313486232E+308,LMT,SELL,0,22.77,23.77,,1.79769313486232E+308,True,GTC,,
GILT,DU3053535,9674,,147,1.79769313486232E+308,LMT,SELL,0,8.55,9.55,,1.79769313486232E+308,True,GTC,,
GILT,DU3053535,9675,,147,1.79769313486232E+308,TRAIL LIMIT,SELL,0.59,0,6.21,,-3.11,True,GTC,,
GGB,DU3053535,9680,,197,1.79769313486232E+308,LMT,SELL,0,6.21,7.21,,1.79769313486232E+308,True,GTC,,
GGB,DU3053535,9681,,197,1.79769313486232E+308,TRAIL LIMIT,SELL,0.39,0,4.67,,-2.34,True,GTC,,
GHLD,DU3053535,9678,,56,1.79769313486232E+308,TRAIL LIMIT,SELL,1.68,0,16.06,,-8.03,True,GTC,,
GGB,DU3053535,9679,,197,1.79769313486232E+308,LMT,BUY,0,5.15,6.15,,1.79769313486232E+308,True,GTC,,,20201229 09:30:00 EST, 6607990≥+5.05, 6607990≥+251200,margin ≥+20
GRFS,DU3053535,9636,,50,1.79769313486232E+308,TRAIL LIMIT,SELL,0.84,0,18.99,,-9.5,True,GTC,,
GPMT,DU3053535,9637,,90,1.79769313486232E+308,LMT,BUY,0,11.29,12.29,,1.79769313486232E+308,True,GTC,,,20201229 09:30:00 EST, 280540825≥+11.07, 280540825≥+350745,margin ≥+20
GRFS,DU3053535,9634,,50,1.79769313486232E+308,LMT,BUY,0,20.23,21.23,,1.79769313486232E+308,True,GTC,,,20201229 09:30:00 EST, 110753297≥+19.83, 110753297≥+146636,margin ≥+20
GRFS,DU3053535,9635,,50,1.79769313486232E+308,LMT,SELL,0,22.36,23.36,,1.79769313486232E+308,True,GTC,,
GPK,DU3053535,9640,,57,1.79769313486232E+308,LMT,BUY,0,17.59,18.59,,1.79769313486232E+308,True,GTC,,,20201229 09:30:00 EST, 49476732≥+17.25, 49476732≥+817091,margin ≥+20
GPK,DU3053535,9641,,57,1.79769313486232E+308,LMT,SELL,0,19.36,20.36,,1.79769313486232E+308,True,GTC,,
GPMT,DU3053535,9638,,90,1.79769313486232E+308,LMT,SELL,0,14.05,15.05,,1.79769313486232E+308,True,GTC,,
GPMT,DU3053535,9639,,90,1.79769313486232E+308,TRAIL LIMIT,SELL,0.99,0,10.08,,-5.04,True,GTC,,
GSAH,DU3053535,9628,,87,1.79769313486232E+308,LMT,BUY,0,11.6,12.6,,1.79769313486232E+308,True,GTC,,,20201229 09:30:00 EST, 439893979≥+11.37, 439893979≥+116345,margin ≥+20
GSAH,DU3053535,9629,,87,1.79769313486232E+308,LMT,SELL,0,13.36,14.36,,1.79769313486232E+308,True,GTC,,
GSBD,DU3053535,9626,,50,1.79769313486232E+308,LMT,SELL,0,22.59,23.59,,1.79769313486232E+308,True,GTC,,
GSBD,DU3053535,9627,,50,1.79769313486232E+308,TRAIL LIMIT,SELL,0.87,0,19.12,,-9.56,True,GTC,,
GRSV,DU3053535,9632,,91,1.79769313486232E+308,LMT,SELL,0,12.68,13.68,,1.79769313486232E+308,True,GTC,,
GRSV,DU3053535,9633,,91,1.79769313486232E+308,TRAIL LIMIT,SELL,0.56,0,10.42,,-5.21,True,GTC,,
GSAH,DU3053535,9630,,87,1.79769313486232E+308,TRAIL LIMIT,SELL,0.66,0,10.71,,-5.36,True,GTC,,
GRSV,DU3053535,9631,,91,1.79769313486232E+308,LMT,BUY,0,11.21,12.21,,1.79769313486232E+308,True,GTC,,,20201229 09:30:00 EST, 447759939≥+10.99, 447759939≥+21236,margin ≥+20
GNRS,DU3053535,9652,,93,1.79769313486232E+308,LMT,BUY,0,10.87,11.87,,1.79769313486232E+308,True,GTC,,,20201229 09:30:00 EST, 421393603≥+10.66, 421393603≥+20436,margin ≥+20
GNRS,DU3053535,9653,,93,1.79769313486232E+308,LMT,SELL,0,12.41,13.41,,1.79769313486232E+308,True,GTC,,
GOAC,DU3053535,9650,,97,1.79769313486232E+308,LMT,SELL,0,10.96,11.96,,1.79769313486232E+308,True,GTC,,
GOAC,DU3053535,9651,,97,1.79769313486232E+308,TRAIL LIMIT,SELL,0.22,0,10.08,,-5.04,True,GTC,,
GNL,DU3053535,9656,,55,1.79769313486232E+308,LMT,SELL,0,21.01,22.01,,1.79769313486232E+308,True,GTC,,
GNL,DU3053535,9657,,55,1.79769313486232E+308,TRAIL LIMIT,SELL,0.97,0,17.13,,-8.57,True,GTC,,
GNRS,DU3053535,9654,,93,1.79769313486232E+308,TRAIL LIMIT,SELL,0.58,0,10.07,,-5.03,True,GTC,,
GNL,DU3053535,9655,,55,1.79769313486232E+308,LMT,BUY,0,18.46,19.46,,1.79769313486232E+308,True,GTC,,,20201229 09:30:00 EST, 265852072≥+18.1, 265852072≥+319255,margin ≥+20
GOOD,DU3053535,9644,,52,1.79769313486232E+308,LMT,SELL,0,21.37,22.37,,1.79769313486232E+308,True,GTC,,
GOOD,DU3053535,9645,,52,1.79769313486232E+308,TRAIL LIMIT,SELL,0.8,0,18.18,,-9.09,True,GTC,,
GPK,DU3053535,9642,,57,1.79769313486232E+308,TRAIL LIMIT,SELL,0.7,0,16.54,,-8.27,True,GTC,,
GOOD,DU3053535,9643,,52,1.79769313486232E+308,LMT,BUY,0,19.36,20.36,,1.79769313486232E+308,True,GTC,,,20201229 09:30:00 EST, 21521399≥+18.98, 21521399≥+88745,margin ≥+20
GOGL,DU3053535,9648,,200,1.79769313486232E+308,TRAIL LIMIT,SELL,0.36,0,4.63,,-2.31,True,GTC,,
GOAC,DU3053535,9649,,97,1.79769313486232E+308,LMT,BUY,0,10.51,11.51,,1.79769313486232E+308,True,GTC,,,20201229 09:30:00 EST, 445554163≥+10.3, 445554163≥+75582,margin ≥+20
GOGL,DU3053535,9646,,200,1.79769313486232E+308,LMT,BUY,0,5.1,6.1,,1.79769313486232E+308,True,GTC,,,20201229 09:30:00 EST, 241803610≥+5, 241803610≥+45091,margin ≥+20
GOGL,DU3053535,9647,,200,1.79769313486232E+308,LMT,SELL,0,6.09,7.09,,1.79769313486232E+308,True,GTC,,
HAFC,DU3053535,9604,,82,1.79769313486232E+308,LMT,BUY,0,12.44,13.44,,1.79769313486232E+308,True,GTC,,,20201229 09:30:00 EST, 98801727≥+12.19, 98801727≥+178491,margin ≥+20
HAFC,DU3053535,9605,,82,1.79769313486232E+308,LMT,SELL,0,14.78,15.78,,1.79769313486232E+308,True,GTC,,
HAL,DU3053535,9602,,46,1.79769313486232E+308,LMT,SELL,0,26.83,27.83,,1.79769313486232E+308,True,GTC,,
HAL,DU3053535,9603,,46,1.79769313486232E+308,TRAIL LIMIT,SELL,1.82,0,19.54,,-9.77,True,GTC,,
GXGX,DU3053535,9608,,79,1.79769313486232E+308,LMT,SELL,0,15.96,16.96,,1.79769313486232E+308,True,GTC,,
GXGX,DU3053535,9609,,79,1.79769313486232E+308,TRAIL LIMIT,SELL,1.1,0,11.54,,-5.77,True,GTC,,
HAFC,DU3053535,9606,,82,1.79769313486232E+308,TRAIL LIMIT,SELL,0.86,0,11.33,,-5.67,True,GTC,,
GXGX,DU3053535,9607,,79,1.79769313486232E+308,LMT,BUY,0,12.9,13.9,,1.79769313486232E+308,True,GTC,,,20201229 09:30:00 EST, 374627699≥+12.65, 374627699≥+66927,margin ≥+20
HBI,DU3053535,9596,,65,1.79769313486232E+308,LMT,SELL,0,18.26,19.26,,1.79769313486232E+308,True,GTC,,
HBI,DU3053535,9597,,65,1.79769313486232E+308,TRAIL LIMIT,SELL,1,0,14.25,,-7.12,True,GTC,,
HEP,DU3053535,9594,,65,1.79769313486232E+308,TRAIL LIMIT,SELL,1.23,0,14.07,,-7.03,True,GTC,,
HBI,DU3053535,9595,,65,1.79769313486232E+308,LMT,BUY,0,15.56,16.56,,1.79769313486232E+308,True,GTC,,,20201229 09:30:00 EST, 40369429≥+15.25, 40369429≥+1269509,margin ≥+20
HBAN,DU3053535,9600,,74,1.79769313486232E+308,TRAIL LIMIT,SELL,0.92,0,12.47,,-6.24,True,GTC,,
HAL,DU3053535,9601,,46,1.79769313486232E+308,LMT,BUY,0,21.79,22.79,,1.79769313486232E+308,True,GTC,,,20201229 09:30:00 EST, 7890≥+21.36, 7890≥+2525073,margin ≥+20
HBAN,DU3053535,9598,,74,1.79769313486232E+308,LMT,BUY,0,13.66,14.66,,1.79769313486232E+308,True,GTC,,,20201229 09:30:00 EST, 270018≥+13.39, 270018≥+3711709,margin ≥+20
HBAN,DU3053535,9599,,74,1.79769313486232E+308,LMT,SELL,0,16.15,17.15,,1.79769313486232E+308,True,GTC,,
GTES,DU3053535,9620,,71,1.79769313486232E+308,LMT,SELL,0,16.19,17.19,,1.79769313486232E+308,True,GTC,,
GTES,DU3053535,9621,,71,1.79769313486232E+308,TRAIL LIMIT,SELL,0.76,0,13.16,,-6.58,True,GTC,,
GTN,DU3053535,9618,,53,1.79769313486232E+308,TRAIL LIMIT,SELL,1.24,0,17.63,,-8.82,True,GTC,,
GTES,DU3053535,9619,,71,1.79769313486232E+308,LMT,BUY,0,14.19,15.19,,1.79769313486232E+308,True,GTC,,,20201229 09:30:00 EST, 304032101≥+13.92, 304032101≥+54600,margin ≥+20
GSS,DU3053535,9624,,238,1.79769313486232E+308,TRAIL LIMIT,SELL,0.37,0,3.83,,-1.92,True,GTC,,
GSBD,DU3053535,9625,,50,1.79769313486232E+308,LMT,BUY,0,20.39,21.39,,1.79769313486232E+308,True,GTC,,,20201229 09:30:00 EST, 187184161≥+19.99, 187184161≥+167091,margin ≥+20
GSS,DU3053535,9622,,238,1.79769313486232E+308,LMT,BUY,0,4.28,5.28,,1.79769313486232E+308,True,GTC,,,20201229 09:30:00 EST, 337884801≥+4.2, 337884801≥+50055,margin ≥+20
GSS,DU3053535,9623,,238,1.79769313486232E+308,LMT,SELL,0,5.31,6.31,,1.79769313486232E+308,True,GTC,,
GWB,DU3053535,9612,,45,1.79769313486232E+308,TRAIL LIMIT,SELL,2.02,0,19.84,,-9.92,True,GTC,,
GV,DU3053535,9613,,140,1.79769313486232E+308,LMT,BUY,0,7.24,8.24,,1.79769313486232E+308,True,GTC,,,20201229 09:30:00 EST, 754921≥+7.1, 754921≥+21745,margin ≥+20
GWB,DU3053535,9610,,45,1.79769313486232E+308,LMT,BUY,0,22.3,23.3,,1.79769313486232E+308,True,GTC,,,20201229 09:30:00 EST, 170187204≥+21.86, 170187204≥+341418,margin ≥+20
GWB,DU3053535,9611,,45,1.79769313486232E+308,LMT,SELL,0,27.93,28.93,,1.79769313486232E+308,True,GTC,,
GTN,DU3053535,9616,,53,1.79769313486232E+308,LMT,BUY,0,19.24,20.24,,1.79769313486232E+308,True,GTC,,,20201229 09:30:00 EST, 2585360≥+18.87, 2585360≥+236000,margin ≥+20
GTN,DU3053535,9617,,53,1.79769313486232E+308,LMT,SELL,0,22.58,23.58,,1.79769313486232E+308,True,GTC,,
GV,DU3053535,9614,,140,1.79769313486232E+308,LMT,SELL,0,7.48,8.48,,1.79769313486232E+308,True,GTC,,
GV,DU3053535,9615,,140,1.79769313486232E+308,TRAIL LIMIT,SELL,0.12,0,6.98,,-3.49,True,GTC,,
HOPE,DU3053535,9572,,86,1.79769313486232E+308,LMT,SELL,0,14.09,15.09,,1.79769313486232E+308,True,GTC,,
HOPE,DU3053535,9573,,86,1.79769313486232E+308,TRAIL LIMIT,SELL,0.85,0,10.69,,-5.35,True,GTC,,
HPE,DU3053535,9570,,78,1.79769313486232E+308,TRAIL LIMIT,SELL,0.75,0,11.92,,-5.96,True,GTC,,
HOPE,DU3053535,9571,,86,1.79769313486232E+308,LMT,BUY,0,11.77,12.77,,1.79769313486232E+308,True,GTC,,,20201229 09:30:00 EST, 242560767≥+11.54, 242560767≥+464836,margin ≥+20
HONE,DU3053535,9576,,88,1.79769313486232E+308,TRAIL LIMIT,SELL,0.56,0,10.78,,-5.39,True,GTC,,
HOMB,DU3053535,9577,,48,1.79769313486232E+308,LMT,BUY,0,21.01,22.01,,1.79769313486232E+308,True,GTC,,,20201229 09:30:00 EST, 39592395≥+20.6, 39592395≥+373091,margin ≥+20
HONE,DU3053535,9574,,88,1.79769313486232E+308,LMT,BUY,0,11.57,12.57,,1.79769313486232E+308,True,GTC,,,20201229 09:30:00 EST, 379034088≥+11.34, 379034088≥+124527,margin ≥+20
HONE,DU3053535,9575,,88,1.79769313486232E+308,LMT,SELL,0,13.01,14.01,,1.79769313486232E+308,True,GTC,,
HRTG,DU3053535,9564,,91,1.79769313486232E+308,TRAIL LIMIT,SELL,0.94,0,9.98,,-4.99,True,GTC,,
HRB,DU3053535,9565,,59,1.79769313486232E+308,LMT,BUY,0,17.22,18.22,,1.79769313486232E+308,True,GTC,,,20201229 09:30:00 EST, 8130≥+16.88, 8130≥+842436,margin ≥+20
HRTG,DU3053535,9562,,91,1.79769313486232E+308,LMT,BUY,0,11.14,12.14,,1.79769313486232E+308,True,GTC,,,20201229 09:30:00 EST, 152388751≥+10.92, 152388751≥+81236,margin ≥+20
HRTG,DU3053535,9563,,91,1.79769313486232E+308,LMT,SELL,0,13.74,14.74,,1.79769313486232E+308,True,GTC,,
HPE,DU3053535,9568,,78,1.79769313486232E+308,LMT,BUY,0,12.93,13.93,,1.79769313486232E+308,True,GTC,,,20201229 09:30:00 EST, 209411798≥+12.67, 209411798≥+4237182,margin ≥+20
HPE,DU3053535,9569,,78,1.79769313486232E+308,LMT,SELL,0,14.93,15.93,,1.79769313486232E+308,True,GTC,,
HRB,DU3053535,9566,,59,1.79769313486232E+308,LMT,SELL,0,20.42,21.42,,1.79769313486232E+308,True,GTC,,
HRB,DU3053535,9567,,59,1.79769313486232E+308,TRAIL LIMIT,SELL,1.18,0,15.7,,-7.85,True,GTC,,
HLIT,DU3053535,9588,,130,1.79769313486232E+308,TRAIL LIMIT,SELL,0.58,0,7.1,,-3.55,True,GTC,,
HIO,DU3053535,9589,,196,1.79769313486232E+308,LMT,BUY,0,5.2,6.2,,1.79769313486232E+308,True,GTC,,,20201229 09:30:00 EST, 41073495≥+5.1, 41073495≥+32345,margin ≥+20
HLIT,DU3053535,9586,,130,1.79769313486232E+308,LMT,BUY,0,7.83,8.83,,1.79769313486232E+308,True,GTC,,,20201229 09:30:00 EST, 1767094≥+7.68, 1767094≥+376564,margin ≥+20
HLIT,DU3053535,9587,,130,1.79769313486232E+308,LMT,SELL,0,9.43,10.43,,1.79769313486232E+308,True,GTC,,
HEP,DU3053535,9592,,65,1.79769313486232E+308,LMT,BUY,0,15.61,16.61,,1.79769313486232E+308,True,GTC,,,20201229 09:30:00 EST, 29788684≥+15.3, 29788684≥+241236,margin ≥+20
HEP,DU3053535,9593,,65,1.79769313486232E+308,LMT,SELL,0,18.98,19.98,,1.79769313486232E+308,True,GTC,,
HIO,DU3053535,9590,,196,1.79769313486232E+308,LMT,SELL,0,5.37,6.37,,1.79769313486232E+308,True,GTC,,
HIO,DU3053535,9591,,196,1.79769313486232E+308,TRAIL LIMIT,SELL,0.09,0,5.01,,-2.51,True,GTC,,
HOLI,DU3053535,9580,,63,1.79769313486232E+308,LMT,BUY,0,16.08,17.08,,1.79769313486232E+308,True,GTC,,,20201229 09:30:00 EST, 61760189≥+15.76, 61760189≥+77055,margin ≥+20
HOLI,DU3053535,9581,,63,1.79769313486232E+308,LMT,SELL,0,19.14,20.14,,1.79769313486232E+308,True,GTC,,
HOMB,DU3053535,9578,,48,1.79769313486232E+308,LMT,SELL,0,24.07,25.07,,1.79769313486232E+308,True,GTC,,
HOMB,DU3053535,9579,,48,1.79769313486232E+308,TRAIL LIMIT,SELL,1.16,0,19.44,,-9.72,True,GTC,,
HMI,DU3053535,9584,,76,1.79769313486232E+308,LMT,SELL,0,16.21,17.21,,1.79769313486232E+308,True,GTC,,
HMI,DU3053535,9585,,76,1.79769313486232E+308,TRAIL LIMIT,SELL,1.05,0,12.01,,-6.01,True,GTC,,
HOLI,DU3053535,9582,,63,1.79769313486232E+308,TRAIL LIMIT,SELL,1.13,0,14.63,,-7.31,True,GTC,,
HMI,DU3053535,9583,,76,1.79769313486232E+308,LMT,BUY,0,13.32,14.32,,1.79769313486232E+308,True,GTC,,,20201229 09:30:00 EST, 304528094≥+13.06, 304528094≥+53364,margin ≥+20
RTLR,DU3053535,9025,,93,1.79769313486232E+308,LMT,BUY,0,10.9,11.9,,1.79769313486232E+308,True,GTC,,,20201229 09:30:00 EST, 367733012≥+10.68, 367733012≥+29382,margin ≥+20
RTLR,DU3053535,9026,,93,1.79769313486232E+308,LMT,SELL,0,13.54,14.54,,1.79769313486232E+308,True,GTC,,
RTP,DU3053535,9023,,79,1.79769313486232E+308,LMT,SELL,0,15.96,16.96,,1.79769313486232E+308,True,GTC,,
RTP,DU3053535,9024,,79,1.79769313486232E+308,TRAIL LIMIT,SELL,1.13,0,11.43,,-5.71,True,GTC,,
RPT,DU3053535,9029,,108,1.79769313486232E+308,LMT,SELL,0,11.56,12.56,,1.79769313486232E+308,True,GTC,,
RPT,DU3053535,9030,,108,1.79769313486232E+308,TRAIL LIMIT,SELL,0.77,0,8.47,,-4.23,True,GTC,,
RTLR,DU3053535,9027,,93,1.79769313486232E+308,TRAIL LIMIT,SELL,0.95,0,9.73,,-4.86,True,GTC,,
RPT,DU3053535,9028,,108,1.79769313486232E+308,LMT,BUY,0,9.43,10.43,,1.79769313486232E+308,True,GTC,,,20201229 09:30:00 EST, 340045498≥+9.25, 340045498≥+359800,margin ≥+20
RVI,DU3053535,9017,,65,1.79769313486232E+308,LMT,SELL,0,19.47,20.47,,1.79769313486232E+308,True,GTC,,
RVI,DU3053535,9018,,65,1.79769313486232E+308,TRAIL LIMIT,SELL,1.37,0,13.97,,-6.98,True,GTC,,
RWT,DU3053535,9015,,105,1.79769313486232E+308,TRAIL LIMIT,SELL,0.63,0,8.81,,-4.4,True,GTC,,
RVI,DU3053535,9016,,65,1.79769313486232E+308,LMT,BUY,0,15.65,16.65,,1.79769313486232E+308,True,GTC,,,20201229 09:30:00 EST, 322300722≥+15.34, 322300722≥+34600,margin ≥+20
RUTH,DU3053535,9021,,54,1.79769313486232E+308,TRAIL LIMIT,SELL,1.63,0,16.78,,-8.39,True,GTC,,
RTP,DU3053535,9022,,79,1.79769313486232E+308,LMT,BUY,0,12.82,13.82,,1.79769313486232E+308,True,GTC,,,20201229 09:30:00 EST, 453281780≥+12.56, 453281780≥+33873,margin ≥+20
RUTH,DU3053535,9019,,54,1.79769313486232E+308,LMT,BUY,0,18.78,19.78,,1.79769313486232E+308,True,GTC,,,20201229 09:30:00 EST, 35449496≥+18.41, 35449496≥+145418,margin ≥+20
RUTH,DU3053535,9020,,54,1.79769313486232E+308,LMT,SELL,0,23.31,24.31,,1.79769313486232E+308,True,GTC,,
RMNI,DU3053535,9041,,196,1.79769313486232E+308,LMT,SELL,0,6.29,7.29,,1.79769313486232E+308,True,GTC,,
RMNI,DU3053535,9042,,196,1.79769313486232E+308,TRAIL LIMIT,SELL,0.4,0,4.7,,-2.35,True,GTC,,
ROIC,DU3053535,9039,,69,1.79769313486232E+308,TRAIL LIMIT,SELL,0.92,0,13.44,,-6.72,True,GTC,,
RMNI,DU3053535,9040,,196,1.79769313486232E+308,LMT,BUY,0,5.2,6.2,,1.79769313486232E+308,True,GTC,,,20201229 09:30:00 EST, 292080071≥+5.1, 292080071≥+33018,margin ≥+20
RMGBU,DU3053535,9045,,88,1.79769313486232E+308,TRAIL LIMIT,SELL,0.65,0,10.65,,-5.33,True,GTC,,
RMBS,DU3053535,9046,,52,1.79769313486232E+308,LMT,BUY,0,19.26,20.26,,1.79769313486232E+308,True,GTC,,,20201229 09:30:00 EST, 4031477≥+18.88, 4031477≥+297218,margin ≥+20
RMGBU,DU3053535,9043,,88,1.79769313486232E+308,LMT,BUY,0,11.52,12.52,,1.79769313486232E+308,True,GTC,,,20201229 09:30:00 EST, 459553839≥+11.3, 459553839≥+69436,margin ≥+20
RMGBU,DU3053535,9044,,88,1.79769313486232E+308,LMT,SELL,0,13.25,14.25,,1.79769313486232E+308,True,GTC,,
RPLA,DU3053535,9033,,91,1.79769313486232E+308,TRAIL LIMIT,SELL,0.5,0,10.42,,-5.21,True,GTC,,
RPAI,DU3053535,9034,,105,1.79769313486232E+308,LMT,BUY,0,9.68,10.68,,1.79769313486232E+308,True,GTC,,,20201229 09:30:00 EST, 105435072≥+9.49, 105435072≥+847436,margin ≥+20
RPLA,DU3053535,9031,,91,1.79769313486232E+308,LMT,BUY,0,11.14,12.14,,1.79769313486232E+308,True,GTC,,,20201229 09:30:00 EST, 360978698≥+10.92, 360978698≥+77018,margin ≥+20
RPLA,DU3053535,9032,,91,1.79769313486232E+308,LMT,SELL,0,12.43,13.43,,1.79769313486232E+308,True,GTC,,
ROIC,DU3053535,9037,,69,1.79769313486232E+308,LMT,BUY,0,14.65,15.65,,1.79769313486232E+308,True,GTC,,,20201229 09:30:00 EST, 69839347≥+14.36, 69839347≥+692964,margin ≥+20
ROIC,DU3053535,9038,,69,1.79769313486232E+308,LMT,SELL,0,17.12,18.12,,1.79769313486232E+308,True,GTC,,
RPAI,DU3053535,9035,,105,1.79769313486232E+308,LMT,SELL,0,11.59,12.59,,1.79769313486232E+308,True,GTC,,
RPAI,DU3053535,9036,,105,1.79769313486232E+308,TRAIL LIMIT,SELL,0.7,0,8.78,,-4.39,True,GTC,,
SBSW,DU3053535,8993,,60,1.79769313486232E+308,LMT,SELL,0,20.72,21.72,,1.79769313486232E+308,True,GTC,,
SBSW,DU3053535,8994,,60,1.79769313486232E+308,TRAIL LIMIT,SELL,1.37,0,15.25,,-7.63,True,GTC,,
SCOAU,DU3053535,8991,,94,1.79769313486232E+308,TRAIL LIMIT,SELL,0.29,0,10.28,,-5.14,True,GTC,,
SBSW,DU3053535,8992,,60,1.79769313486232E+308,LMT,BUY,0,16.95,17.95,,1.79769313486232E+308,True,GTC,,,20201229 09:30:00 EST, 404364696≥+16.61, 404364696≥+412655,margin ≥+20
SBS,DU3053535,8997,,105,1.79769313486232E+308,TRAIL LIMIT,SELL,0.66,0,8.79,,-4.39,True,GTC,,
SBRA,DU3053535,8998,,53,1.79769313486232E+308,LMT,BUY,0,19.04,20.04,,1.79769313486232E+308,True,GTC,,,20201229 09:30:00 EST, 80712681≥+18.66, 80712681≥+769600,margin ≥+20
SBS,DU3053535,8995,,105,1.79769313486232E+308,LMT,BUY,0,9.64,10.64,,1.79769313486232E+308,True,GTC,,,20201229 09:30:00 EST, 14996978≥+9.45, 14996978≥+339291,margin ≥+20
SBS,DU3053535,8996,,105,1.79769313486232E+308,LMT,SELL,0,11.43,12.43,,1.79769313486232E+308,True,GTC,,
SFE,DU3053535,8985,,144,1.79769313486232E+308,TRAIL LIMIT,SELL,0.54,0,6.39,,-3.2,True,GTC,,
SEAH,DU3053535,8986,,92,1.79769313486232E+308,LMT,BUY,0,10.97,11.97,,1.79769313486232E+308,True,GTC,,,20201229 09:30:00 EST, 455575432≥+10.75, 455575432≥+114418,margin ≥+20
SFE,DU3053535,8983,,144,1.79769313486232E+308,LMT,BUY,0,7.07,8.07,,1.79769313486232E+308,True,GTC,,,20201229 09:30:00 EST, 67544931≥+6.93, 67544931≥+69182,margin ≥+20
SFE,DU3053535,8984,,144,1.79769313486232E+308,LMT,SELL,0,8.55,9.55,,1.79769313486232E+308,True,GTC,,
SCOAU,DU3053535,8989,,94,1.79769313486232E+308,LMT,BUY,0,10.78,11.78,,1.79769313486232E+308,True,GTC,,,20201229 09:30:00 EST, 460642060≥+10.57, 460642060≥+138714,margin ≥+20
SCOAU,DU3053535,8990,,94,1.79769313486232E+308,LMT,SELL,0,11.44,12.44,,1.79769313486232E+308,True,GTC,,
SEAH,DU3053535,8987,,92,1.79769313486232E+308,LMT,SELL,0,12.44,13.44,,1.79769313486232E+308,True,GTC,,
SEAH,DU3053535,8988,,92,1.79769313486232E+308,TRAIL LIMIT,SELL,0.56,0,10.19,,-5.09,True,GTC,,
SAN,DU3053535,9009,,294,1.79769313486232E+308,TRAIL LIMIT,SELL,0.25,0,3.14,,-1.57,True,GTC,,
RXT,DU3053535,9010,,45,1.79769313486232E+308,LMT,BUY,0,22.44,23.44,,1.79769313486232E+308,True,GTC,,,20201229 09:30:00 EST, 438220546≥+22, 438220546≥+214564,margin ≥+20
SAN,DU3053535,9007,,294,1.79769313486232E+308,LMT,BUY,0,3.46,4.46,,1.79769313486232E+308,True,GTC,,,20201229 09:30:00 EST, 12442≥+3.39, 12442≥+608509,margin ≥+20
SAN,DU3053535,9008,,294,1.79769313486232E+308,LMT,SELL,0,4.15,5.15,,1.79769313486232E+308,True,GTC,,
RWT,DU3053535,9013,,105,1.79769313486232E+308,LMT,BUY,0,9.63,10.63,,1.79769313486232E+308,True,GTC,,,20201229 09:30:00 EST, 6478023≥+9.44, 6478023≥+853909,margin ≥+20
RWT,DU3053535,9014,,105,1.79769313486232E+308,LMT,SELL,0,11.32,12.32,,1.79769313486232E+308,True,GTC,,
RXT,DU3053535,9011,,45,1.79769313486232E+308,LMT,SELL,0,27.62,28.62,,1.79769313486232E+308,True,GTC,,
RXT,DU3053535,9012,,45,1.79769313486232E+308,TRAIL LIMIT,SELL,1.87,0,20.13,,-10.07,True,GTC,,
SBH,DU3053535,9001,,74,1.79769313486232E+308,LMT,BUY,0,13.77,14.77,,1.79769313486232E+308,True,GTC,,,20201229 09:30:00 EST, 41621276≥+13.5, 41621276≥+400200,margin ≥+20
SBH,DU3053535,9002,,74,1.79769313486232E+308,LMT,SELL,0,16.98,17.98,,1.79769313486232E+308,True,GTC,,
SBRA,DU3053535,8999,,53,1.79769313486232E+308,LMT,SELL,0,21.76,22.76,,1.79769313486232E+308,True,GTC,,
SBRA,DU3053535,9000,,53,1.79769313486232E+308,TRAIL LIMIT,SELL,1.03,0,17.63,,-8.81,True,GTC,,
SAND,DU3053535,9005,,126,1.79769313486232E+308,LMT,SELL,0,9.79,10.79,,1.79769313486232E+308,True,GTC,,
SAND,DU3053535,9006,,126,1.79769313486232E+308,TRAIL LIMIT,SELL,0.62,0,7.3,,-3.65,True,GTC,,
SBH,DU3053535,9003,,74,1.79769313486232E+308,TRAIL LIMIT,SELL,1.16,0,12.33,,-6.16,True,GTC,,
SAND,DU3053535,9004,,126,1.79769313486232E+308,LMT,BUY,0,8.08,9.08,,1.79769313486232E+308,True,GTC,,,20201229 09:30:00 EST, 112166068≥+7.92, 112166068≥+188600,margin ≥+20
SLRC,DU3053535,8961,,55,1.79769313486232E+308,TRAIL LIMIT,SELL,0.7,0,17.29,,-8.65,True,GTC,,
SLM,DU3053535,8962,,77,1.79769313486232E+308,LMT,BUY,0,13.13,14.13,,1.79769313486232E+308,True,GTC,,,20201229 09:30:00 EST, 12211≥+12.87, 12211≥+944073,margin ≥+20
SLRC,DU3053535,8959,,55,1.79769313486232E+308,LMT,BUY,0,18.35,19.35,,1.79769313486232E+308,True,GTC,,,20201229 09:30:00 EST, 72516371≥+17.99, 72516371≥+21600,margin ≥+20
SLRC,DU3053535,8960,,55,1.79769313486232E+308,LMT,SELL,0,20.09,21.09,,1.79769313486232E+308,True,GTC,,
SJR,DU3053535,8965,,54,1.79769313486232E+308,LMT,BUY,0,18.73,19.73,,1.79769313486232E+308,True,GTC,,,20201229 09:30:00 EST, 5026978≥+18.36, 5026978≥+112600,margin ≥+20
SJR,DU3053535,8966,,54,1.79769313486232E+308,LMT,SELL,0,20.35,21.35,,1.79769313486232E+308,True,GTC,,
SLM,DU3053535,8963,,77,1.79769313486232E+308,LMT,SELL,0,14.71,15.71,,1.79769313486232E+308,True,GTC,,
SLM,DU3053535,8964,,77,1.79769313486232E+308,TRAIL LIMIT,SELL,0.61,0,12.26,,-6.13,True,GTC,,
SNPR,DU3053535,8953,,82,1.79769313486232E+308,LMT,BUY,0,12.31,13.31,,1.79769313486232E+308,True,GTC,,,20201229 09:30:00 EST, 452066200≥+12.07, 452066200≥+78327,margin ≥+20
SNPR,DU3053535,8954,,82,1.79769313486232E+308,LMT,SELL,0,15.1,16.1,,1.79769313486232E+308,True,GTC,,
SNRHU,DU3053535,8951,,94,1.79769313486232E+308,LMT,SELL,0,11.33,12.33,,1.79769313486232E+308,True,GTC,,
SNRHU,DU3053535,8952,,94,1.79769313486232E+308,TRAIL LIMIT,SELL,0.25,0,10.31,,-5.15,True,GTC,,
SMFG,DU3053535,8957,,161,1.79769313486232E+308,LMT,SELL,0,6.8,7.8,,1.79769313486232E+308,True,GTC,,
SMFG,DU3053535,8958,,161,1.79769313486232E+308,TRAIL LIMIT,SELL,0.2,0,6.01,,-3.01,True,GTC,,
SNPR,DU3053535,8955,,82,1.79769313486232E+308,TRAIL LIMIT,SELL,1.01,0,11.06,,-5.53,True,GTC,,
SMFG,DU3053535,8956,,161,1.79769313486232E+308,LMT,BUY,0,6.33,7.33,,1.79769313486232E+308,True,GTC,,,20201229 09:30:00 EST, 80410784≥+6.2, 80410784≥+225345,margin ≥+20
SID,DU3053535,8977,,158,1.79769313486232E+308,LMT,BUY,0,6.42,7.42,,1.79769313486232E+308,True,GTC,,,20201229 09:30:00 EST, 6607727≥+6.29, 6607727≥+88473,margin ≥+20
SID,DU3053535,8978,,158,1.79769313486232E+308,LMT,SELL,0,8,9,,1.79769313486232E+308,True,GTC,,
SIGA,DU3053535,8975,,130,1.79769313486232E+308,LMT,SELL,0,8.99,9.99,,1.79769313486232E+308,True,GTC,,
SIGA,DU3053535,8976,,130,1.79769313486232E+308,TRAIL LIMIT,SELL,0.44,0,7.22,,-3.61,True,GTC,,
SHO,DU3053535,8981,,83,1.79769313486232E+308,LMT,SELL,0,14.47,15.47,,1.79769313486232E+308,True,GTC,,
SHO,DU3053535,8982,,83,1.79769313486232E+308,TRAIL LIMIT,SELL,0.84,0,11.11,,-5.55,True,GTC,,
SID,DU3053535,8979,,158,1.79769313486232E+308,TRAIL LIMIT,SELL,0.57,0,5.72,,-2.86,True,GTC,,
SHO,DU3053535,8980,,83,1.79769313486232E+308,LMT,BUY,0,12.19,13.19,,1.79769313486232E+308,True,GTC,,,20201229 09:30:00 EST, 31729162≥+11.95, 31729162≥+650145,margin ≥+20
SITC,DU3053535,8969,,90,1.79769313486232E+308,LMT,SELL,0,13.24,14.24,,1.79769313486232E+308,True,GTC,,
SITC,DU3053535,8970,,90,1.79769313486232E+308,TRAIL LIMIT,SELL,0.74,0,10.28,,-5.14,True,GTC,,
SJR,DU3053535,8967,,54,1.79769313486232E+308,TRAIL LIMIT,SELL,0.66,0,17.7,,-8.85,True,GTC,,
SITC,DU3053535,8968,,90,1.79769313486232E+308,LMT,BUY,0,11.24,12.24,,1.79769313486232E+308,True,GTC,,,20201229 09:30:00 EST, 336638408≥+11.02, 336638408≥+640527,margin ≥+20
SIRI,DU3053535,8973,,150,1.79769313486232E+308,TRAIL LIMIT,SELL,0.33,0,6.34,,-3.17,True,GTC,,
SIGA,DU3053535,8974,,130,1.79769313486232E+308,LMT,BUY,0,7.81,8.81,,1.79769313486232E+308,True,GTC,,,20201229 09:30:00 EST, 4818014≥+7.66, 4818014≥+98273,margin ≥+20
SIRI,DU3053535,8971,,150,1.79769313486232E+308,LMT,BUY,0,6.8,7.8,,1.79769313486232E+308,True,GTC,,,20201229 09:30:00 EST, 138397467≥+6.66, 138397467≥+5158145,margin ≥+20
SIRI,DU3053535,8972,,150,1.79769313486232E+308,LMT,SELL,0,7.64,8.64,,1.79769313486232E+308,True,GTC,,
SSP,DU3053535,8929,,63,1.79769313486232E+308,LMT,BUY,0,16.11,17.11,,1.79769313486232E+308,True,GTC,,,20201229 09:30:00 EST, 52581781≥+15.8, 52581781≥+283382,margin ≥+20
SSP,DU3053535,8930,,63,1.79769313486232E+308,LMT,SELL,0,19.97,20.97,,1.79769313486232E+308,True,GTC,,
SSRM,DU3053535,8927,,47,1.79769313486232E+308,LMT,SELL,0,25.99,26.99,,1.79769313486232E+308,True,GTC,,
SSRM,DU3053535,8928,,47,1.79769313486232E+308,TRAIL LIMIT,SELL,1.69,0,19.23,,-9.61,True,GTC,,
SPTN,DU3053535,8933,,53,1.79769313486232E+308,LMT,SELL,0,22.8,23.8,,1.79769313486232E+308,True,GTC,,
SPTN,DU3053535,8934,,53,1.79769313486232E+308,TRAIL LIMIT,SELL,1.35,0,17.4,,-8.7,True,GTC,,
SSP,DU3053535,8931,,63,1.79769313486232E+308,TRAIL LIMIT,SELL,1.39,0,14.41,,-7.21,True,GTC,,
SPTN,DU3053535,8932,,53,1.79769313486232E+308,LMT,BUY,0,19.13,20.13,,1.79769313486232E+308,True,GTC,,,20201229 09:30:00 EST, 153068469≥+18.75, 153068469≥+154073,margin ≥+20
STAR,DU3053535,8921,,64,1.79769313486232E+308,LMT,SELL,0,17.74,18.74,,1.79769313486232E+308,True,GTC,,
STAR,DU3053535,8922,,64,1.79769313486232E+308,TRAIL LIMIT,SELL,0.74,0,14.79,,-7.4,True,GTC,,
STAY,DU3053535,8919,,66,1.79769313486232E+308,TRAIL LIMIT,SELL,0.9,0,14.04,,-7.02,True,GTC,,
STAR,DU3053535,8920,,64,1.79769313486232E+308,LMT,BUY,0,15.84,16.84,,1.79769313486232E+308,True,GTC,,,20201229 09:30:00 EST, 12034≥+15.53, 12034≥+326927,margin ≥+20
SSSS,DU3053535,8925,,72,1.79769313486232E+308,TRAIL LIMIT,SELL,1.15,0,12.55,,-6.27,True,GTC,,
SSRM,DU3053535,8926,,47,1.79769313486232E+308,LMT,BUY,0,21.34,22.34,,1.79769313486232E+308,True,GTC,,,20201229 09:30:00 EST, 284632520≥+20.92, 284632520≥+216218,margin ≥+20
SSSS,DU3053535,8923,,72,1.79769313486232E+308,LMT,BUY,0,13.98,14.98,,1.79769313486232E+308,True,GTC,,,20201229 09:30:00 EST, 429339834≥+13.7, 429339834≥+28727,margin ≥+20
SSSS,DU3053535,8924,,72,1.79769313486232E+308,LMT,SELL,0,17.15,18.15,,1.79769313486232E+308,True,GTC,,
SOGO,DU3053535,8945,,116,1.79769313486232E+308,LMT,SELL,0,9.66,10.66,,1.79769313486232E+308,True,GTC,,
SOGO,DU3053535,8946,,116,1.79769313486232E+308,TRAIL LIMIT,SELL,0.36,0,8.22,,-4.11,True,GTC,,
SPH,DU3053535,8943,,62,1.79769313486232E+308,TRAIL LIMIT,SELL,1.03,0,15.03,,-7.52,True,GTC,,
SOGO,DU3053535,8944,,116,1.79769313486232E+308,LMT,BUY,0,8.75,9.75,,1.79769313486232E+308,True,GTC,,,20201229 09:30:00 EST, 294648828≥+8.58, 294648828≥+138127,margin ≥+20
SOAC,DU3053535,8949,,85,1.79769313486232E+308,TRAIL LIMIT,SELL,0.92,0,10.8,,-5.4,True,GTC,,
SNRHU,DU3053535,8950,,94,1.79769313486232E+308,LMT,BUY,0,10.78,11.78,,1.79769313486232E+308,True,GTC,,,20201229 09:30:00 EST, 459557805≥+10.57, 459557805≥+20909,margin ≥+20
SOAC,DU3053535,8947,,85,1.79769313486232E+308,LMT,BUY,0,11.95,12.95,,1.79769313486232E+308,True,GTC,,,20201229 09:30:00 EST, 427737350≥+11.72, 427737350≥+144327,margin ≥+20
SOAC,DU3053535,8948,,85,1.79769313486232E+308,LMT,SELL,0,14.49,15.49,,1.79769313486232E+308,True,GTC,,
SPOK,DU3053535,8937,,87,1.79769313486232E+308,TRAIL LIMIT,SELL,0.7,0,10.73,,-5.37,True,GTC,,
SPKE,DU3053535,8938,,98,1.79769313486232E+308,LMT,BUY,0,10.31,11.31,,1.79769313486232E+308,True,GTC,,,20201229 09:30:00 EST, 161829179≥+10.1, 161829179≥+73145,margin ≥+20
SPOK,DU3053535,8935,,87,1.79769313486232E+308,LMT,BUY,0,11.66,12.66,,1.79769313486232E+308,True,GTC,,,20201229 09:30:00 EST, 160129221≥+11.43, 160129221≥+64509,margin ≥+20
SPOK,DU3053535,8936,,87,1.79769313486232E+308,LMT,SELL,0,13.53,14.53,,1.79769313486232E+308,True,GTC,,
SPH,DU3053535,8941,,62,1.79769313486232E+308,LMT,BUY,0,16.38,17.38,,1.79769313486232E+308,True,GTC,,,20201229 09:30:00 EST, 1433753≥+16.06, 1433753≥+24073,margin ≥+20
SPH,DU3053535,8942,,62,1.79769313486232E+308,LMT,SELL,0,19.16,20.16,,1.79769313486232E+308,True,GTC,,
SPKE,DU3053535,8939,,98,1.79769313486232E+308,LMT,SELL,0,12.12,13.12,,1.79769313486232E+308,True,GTC,,
SPKE,DU3053535,8940,,98,1.79769313486232E+308,TRAIL LIMIT,SELL,0.67,0,9.43,,-4.71,True,GTC,,
SUZ,DU3053535,8897,,86,1.79769313486232E+308,LMT,SELL,0,14,15,,1.79769313486232E+308,True,GTC,,
SUZ,DU3053535,8898,,86,1.79769313486232E+308,TRAIL LIMIT,SELL,0.82,0,10.74,,-5.37,True,GTC,,
SV,DU3053535,8895,,92,1.79769313486232E+308,TRAIL LIMIT,SELL,0.62,0,10.22,,-5.11,True,GTC,,
SUZ,DU3053535,8896,,86,1.79769313486232E+308,LMT,BUY,0,11.78,12.78,,1.79769313486232E+308,True,GTC,,,20201229 09:30:00 EST, 75219572≥+11.55, 75219572≥+33200,margin ≥+20
SUM,DU3053535,8901,,47,1.79769313486232E+308,TRAIL LIMIT,SELL,1.59,0,19.37,,-9.68,True,GTC,,
SU,DU3053535,8902,,52,1.79769313486232E+308,LMT,BUY,0,19.54,20.54,,1.79769313486232E+308,True,GTC,,,20201229 09:30:00 EST, 64731225≥+19.15, 64731225≥+512964,margin ≥+20
SUM,DU3053535,8899,,47,1.79769313486232E+308,LMT,BUY,0,21.38,22.38,,1.79769313486232E+308,True,GTC,,,20201229 09:30:00 EST, 186465849≥+20.96, 186465849≥+189291,margin ≥+20
SUM,DU3053535,8900,,47,1.79769313486232E+308,LMT,SELL,0,25.74,26.74,,1.79769313486232E+308,True,GTC,,
SVOKU,DU3053535,8889,,91,1.79769313486232E+308,TRAIL LIMIT,SELL,0.57,0,10.41,,-5.2,True,GTC,,
SVM,DU3053535,8890,,143,1.79769313486232E+308,LMT,BUY,0,7.12,8.12,,1.79769313486232E+308,True,GTC,,,20201229 09:30:00 EST, 39924480≥+6.98, 39924480≥+124273,margin ≥+20
SVOKU,DU3053535,8887,,91,1.79769313486232E+308,LMT,BUY,0,11.2,12.2,,1.79769313486232E+308,True,GTC,,,20201229 09:30:00 EST, 461318710≥+10.98, 461318710≥+43367,margin ≥+20
SVOKU,DU3053535,8888,,91,1.79769313486232E+308,LMT,SELL,0,12.69,13.69,,1.79769313486232E+308,True,GTC,,
SV,DU3053535,8893,,92,1.79769313486232E+308,LMT,BUY,0,11.05,12.05,,1.79769313486232E+308,True,GTC,,,20201229 09:30:00 EST, 459332022≥+10.83, 459332022≥+24436,margin ≥+20
SV,DU3053535,8894,,92,1.79769313486232E+308,LMT,SELL,0,12.68,13.68,,1.79769313486232E+308,True,GTC,,
SVM,DU3053535,8891,,143,1.79769313486232E+308,LMT,SELL,0,8.93,9.93,,1.79769313486232E+308,True,GTC,,
SVM,DU3053535,8892,,143,1.79769313486232E+308,TRAIL LIMIT,SELL,0.65,0,6.33,,-3.17,True,GTC,,
STKL,DU3053535,8913,,88,1.79769313486232E+308,TRAIL LIMIT,SELL,1.01,0,10.28,,-5.14,True,GTC,,
STFC,DU3053535,8914,,51,1.79769313486232E+308,LMT,BUY,0,19.68,20.68,,1.79769313486232E+308,True,GTC,,,20201229 09:30:00 EST, 274706≥+19.29, 274706≥+33818,margin ≥+20
STKL,DU3053535,8911,,88,1.79769313486232E+308,LMT,BUY,0,11.52,12.52,,1.79769313486232E+308,True,GTC,,,20201229 09:30:00 EST, 4725186≥+11.29, 4725186≥+54745,margin ≥+20
STKL,DU3053535,8912,,88,1.79769313486232E+308,LMT,SELL,0,14.33,15.33,,1.79769313486232E+308,True,GTC,,
STAY,DU3053535,8917,,66,1.79769313486232E+308,LMT,BUY,0,15.24,16.24,,1.79769313486232E+308,True,GTC,,,20201229 09:30:00 EST, 138197383≥+14.94, 138197383≥+243127,margin ≥+20
STAY,DU3053535,8918,,66,1.79769313486232E+308,LMT,SELL,0,17.62,18.62,,1.79769313486232E+308,True,GTC,,
STFC,DU3053535,8915,,51,1.79769313486232E+308,LMT,SELL,0,23.47,24.47,,1.79769313486232E+308,True,GTC,,
STFC,DU3053535,8916,,51,1.79769313486232E+308,TRAIL LIMIT,SELL,1.39,0,17.9,,-8.95,True,GTC,,
STWD,DU3053535,8905,,49,1.79769313486232E+308,LMT,BUY,0,20.76,21.76,,1.79769313486232E+308,True,GTC,,,20201229 09:30:00 EST, 67418868≥+20.35, 67418868≥+540527,margin ≥+20
STWD,DU3053535,8906,,49,1.79769313486232E+308,LMT,SELL,0,23.34,24.34,,1.79769313486232E+308,True,GTC,,
SU,DU3053535,8903,,52,1.79769313486232E+308,LMT,SELL,0,24.16,25.16,,1.79769313486232E+308,True,GTC,,
SU,DU3053535,8904,,52,1.79769313486232E+308,TRAIL LIMIT,SELL,1.67,0,17.49,,-8.75,True,GTC,,
STL,DU3053535,8909,,53,1.79769313486232E+308,LMT,SELL,0,22.71,23.71,,1.79769313486232E+308,True,GTC,,
STL,DU3053535,8910,,53,1.79769313486232E+308,TRAIL LIMIT,SELL,1.28,0,17.58,,-8.79,True,GTC,,
STWD,DU3053535,8907,,49,1.79769313486232E+308,TRAIL LIMIT,SELL,1,0,19.35,,-9.67,True,GTC,,
STL,DU3053535,8908,,53,1.79769313486232E+308,LMT,BUY,0,19.24,20.24,,1.79769313486232E+308,True,GTC,,,20201229 09:30:00 EST, 137132307≥+18.86, 137132307≥+623218,margin ≥+20
TCPC,DU3053535,8865,,80,1.79769313486232E+308,TRAIL LIMIT,SELL,0.72,0,11.68,,-5.84,True,GTC,,
TBI,DU3053535,8866,,49,1.79769313486232E+308,LMT,BUY,0,20.72,21.72,,1.79769313486232E+308,True,GTC,,,20201229 09:30:00 EST, 47619256≥+20.32, 47619256≥+131018,margin ≥+20
TCPC,DU3053535,8863,,80,1.79769313486232E+308,LMT,BUY,0,12.65,13.65,,1.79769313486232E+308,True,GTC,,,20201229 09:30:00 EST, 329441111≥+12.4, 329441111≥+78600,margin ≥+20
TCPC,DU3053535,8864,,80,1.79769313486232E+308,LMT,SELL,0,14.56,15.56,,1.79769313486232E+308,True,GTC,,
TBBK,DU3053535,8869,,68,1.79769313486232E+308,LMT,BUY,0,14.96,15.96,,1.79769313486232E+308,True,GTC,,,20201229 09:30:00 EST, 32821451≥+14.66, 32821451≥+111000,margin ≥+20
TBBK,DU3053535,8870,,68,1.79769313486232E+308,LMT,SELL,0,17.9,18.9,,1.79769313486232E+308,True,GTC,,
TBI,DU3053535,8867,,49,1.79769313486232E+308,LMT,SELL,0,24.11,25.11,,1.79769313486232E+308,True,GTC,,
TBI,DU3053535,8868,,49,1.79769313486232E+308,TRAIL LIMIT,SELL,1.27,0,19.05,,-9.52,True,GTC,,
TECK,DU3053535,8857,,51,1.79769313486232E+308,LMT,BUY,0,19.86,20.86,,1.79769313486232E+308,True,GTC,,,20201229 09:30:00 EST, 39921623≥+19.47, 39921623≥+223218,margin ≥+20
TECK,DU3053535,8858,,51,1.79769313486232E+308,LMT,SELL,0,24.15,25.15,,1.79769313486232E+308,True,GTC,,
TEF,DU3053535,8855,,224,1.79769313486232E+308,LMT,SELL,0,5.36,6.36,,1.79769313486232E+308,True,GTC,,
TEF,DU3053535,8856,,224,1.79769313486232E+308,TRAIL LIMIT,SELL,0.3,0,4.14,,-2.07,True,GTC,,
TDS,DU3053535,8861,,51,1.79769313486232E+308,LMT,SELL,0,22.92,23.92,,1.79769313486232E+308,True,GTC,,
TDS,DU3053535,8862,,51,1.79769313486232E+308,TRAIL LIMIT,SELL,1.11,0,18.49,,-9.25,True,GTC,,
TECK,DU3053535,8859,,51,1.79769313486232E+308,TRAIL LIMIT,SELL,1.56,0,17.91,,-8.96,True,GTC,,
TDS,DU3053535,8860,,51,1.79769313486232E+308,LMT,BUY,0,19.99,20.99,,1.79769313486232E+308,True,GTC,,,20201229 09:30:00 EST, 101387488≥+19.6, 101387488≥+460073,margin ≥+20
SWIR,DU3053535,8881,,64,1.79769313486232E+308,LMT,BUY,0,15.89,16.89,,1.79769313486232E+308,True,GTC,,,20201229 09:30:00 EST, 9653777≥+15.58, 9653777≥+26055,margin ≥+20
SWIR,DU3053535,8882,,64,1.79769313486232E+308,LMT,SELL,0,19.64,20.64,,1.79769313486232E+308,True,GTC,,
TAC,DU3053535,8879,,131,1.79769313486232E+308,LMT,SELL,0,9.09,10.09,,1.79769313486232E+308,True,GTC,,
TAC,DU3053535,8880,,131,1.79769313486232E+308,TRAIL LIMIT,SELL,0.5,0,7.09,,-3.55,True,GTC,,
SWCH,DU3053535,8885,,59,1.79769313486232E+308,LMT,SELL,0,19.79,20.79,,1.79769313486232E+308,True,GTC,,
SWCH,DU3053535,8886,,59,1.79769313486232E+308,TRAIL LIMIT,SELL,0.95,0,16,,-8,True,GTC,,
SWIR,DU3053535,8883,,64,1.79769313486232E+308,TRAIL LIMIT,SELL,1.35,0,14.22,,-7.11,True,GTC,,
SWCH,DU3053535,8884,,59,1.79769313486232E+308,LMT,BUY,0,17.29,18.29,,1.79769313486232E+308,True,GTC,,,20201229 09:30:00 EST, 291241967≥+16.95, 291241967≥+832727,margin ≥+20
TAK,DU3053535,8873,,50,1.79769313486232E+308,LMT,SELL,0,22.73,23.73,,1.79769313486232E+308,True,GTC,,
TAK,DU3053535,8874,,50,1.79769313486232E+308,TRAIL LIMIT,SELL,1.03,0,18.63,,-9.32,True,GTC,,
TBBK,DU3053535,8871,,68,1.79769313486232E+308,TRAIL LIMIT,SELL,1.08,0,13.59,,-6.8,True,GTC,,
TAK,DU3053535,8872,,50,1.79769313486232E+308,LMT,BUY,0,20.04,21.04,,1.79769313486232E+308,True,GTC,,,20201229 09:30:00 EST, 75124183≥+19.65, 75124183≥+140527,margin ≥+20
TACO,DU3053535,8877,,100,1.79769313486232E+308,TRAIL LIMIT,SELL,0.75,0,9.23,,-4.62,True,GTC,,
TAC,DU3053535,8878,,131,1.79769313486232E+308,LMT,BUY,0,7.74,8.74,,1.79769313486232E+308,True,GTC,,,20201229 09:30:00 EST, 14487456≥+7.59, 14487456≥+118655,margin ≥+20
TACO,DU3053535,8875,,100,1.79769313486232E+308,LMT,BUY,0,10.18,11.18,,1.79769313486232E+308,True,GTC,,,20201229 09:30:00 EST, 198740105≥+9.98, 198740105≥+86145,margin ≥+20
TACO,DU3053535,8876,,100,1.79769313486232E+308,LMT,SELL,0,12.24,13.24,,1.79769313486232E+308,True,GTC,,
TILE,DU3053535,8833,,96,1.79769313486232E+308,LMT,BUY,0,10.55,11.55,,1.79769313486232E+308,True,GTC,,,20201229 09:30:00 EST, 107233203≥+10.35, 107233203≥+355236,margin ≥+20
TILE,DU3053535,8834,,96,1.79769313486232E+308,LMT,SELL,0,13.18,14.18,,1.79769313486232E+308,True,GTC,,
TIMB,DU3053535,8831,,67,1.79769313486232E+308,LMT,SELL,0,17.17,18.17,,1.79769313486232E+308,True,GTC,,
TIMB,DU3053535,8832,,67,1.79769313486232E+308,TRAIL LIMIT,SELL,0.8,0,13.97,,-6.99,True,GTC,,
THCA,DU3053535,8837,,84,1.79769313486232E+308,LMT,SELL,0,14.86,15.86,,1.79769313486232E+308,True,GTC,,
THCA,DU3053535,8838,,84,1.79769313486232E+308,TRAIL LIMIT,SELL,0.99,0,10.92,,-5.46,True,GTC,,
TILE,DU3053535,8835,,96,1.79769313486232E+308,TRAIL LIMIT,SELL,0.95,0,9.4,,-4.7,True,GTC,,
THCA,DU3053535,8836,,84,1.79769313486232E+308,LMT,BUY,0,12.14,13.14,,1.79769313486232E+308,True,GTC,,,20201229 09:30:00 EST, 376344538≥+11.9, 376344538≥+128291,margin ≥+20
TKC,DU3053535,8825,,183,1.79769313486232E+308,LMT,SELL,0,6.38,7.38,,1.79769313486232E+308,True,GTC,,
TKC,DU3053535,8826,,183,1.79769313486232E+308,TRAIL LIMIT,SELL,0.31,0,5.12,,-2.56,True,GTC,,
TME,DU3053535,8823,,49,1.79769313486232E+308,TRAIL LIMIT,SELL,1.54,0,18.7,,-9.35,True,GTC,,
TKC,DU3053535,8824,,183,1.79769313486232E+308,LMT,BUY,0,5.55,6.55,,1.79769313486232E+308,True,GTC,,,20201229 09:30:00 EST, 12816≥+5.44, 12816≥+42855,margin ≥+20
TIPT,DU3053535,8829,,184,1.79769313486232E+308,TRAIL LIMIT,SELL,0.24,0,5.19,,-2.6,True,GTC,,
TIMB,DU3053535,8830,,67,1.79769313486232E+308,LMT,BUY,0,15.06,16.06,,1.79769313486232E+308,True,GTC,,,20201229 09:30:00 EST, 449074379≥+14.77, 449074379≥+37418,margin ≥+20
TIPT,DU3053535,8827,,184,1.79769313486232E+308,LMT,BUY,0,5.54,6.54,,1.79769313486232E+308,True,GTC,,,20201229 09:30:00 EST, 130702655≥+5.43, 130702655≥+36527,margin ≥+20
TIPT,DU3053535,8828,,184,1.79769313486232E+308,LMT,SELL,0,6.15,7.15,,1.79769313486232E+308,True,GTC,,
TFSL,DU3053535,8849,,54,1.79769313486232E+308,LMT,SELL,0,20.74,21.74,,1.79769313486232E+308,True,GTC,,
TFSL,DU3053535,8850,,54,1.79769313486232E+308,TRAIL LIMIT,SELL,0.78,0,17.64,,-8.82,True,GTC,,
TGH,DU3053535,8847,,46,1.79769313486232E+308,TRAIL LIMIT,SELL,1.84,0,19.46,,-9.73,True,GTC,,
TFSL,DU3053535,8848,,54,1.79769313486232E+308,LMT,BUY,0,18.78,19.78,,1.79769313486232E+308,True,GTC,,,20201229 09:30:00 EST, 43985746≥+18.42, 43985746≥+144818,margin ≥+20
TEVA,DU3053535,8853,,93,1.79769313486232E+308,TRAIL LIMIT,SELL,0.71,0,10.04,,-5.02,True,GTC,,
TEF,DU3053535,8854,,224,1.79769313486232E+308,LMT,BUY,0,4.54,5.54,,1.79769313486232E+308,True,GTC,,,20201229 09:30:00 EST, 12702≥+4.45, 12702≥+207527,margin ≥+20
TEVA,DU3053535,8851,,93,1.79769313486232E+308,LMT,BUY,0,10.96,11.96,,1.79769313486232E+308,True,GTC,,,20201229 09:30:00 EST, 275085≥+10.75, 275085≥+628636,margin ≥+20
TEVA,DU3053535,8852,,93,1.79769313486232E+308,LMT,SELL,0,12.88,13.88,,1.79769313486232E+308,True,GTC,,
TGP,DU3053535,8841,,80,1.79769313486232E+308,TRAIL LIMIT,SELL,0.74,0,11.65,,-5.82,True,GTC,,
TGNA,DU3053535,8842,,67,1.79769313486232E+308,LMT,BUY,0,15.02,16.02,,1.79769313486232E+308,True,GTC,,,20201229 09:30:00 EST, 196887976≥+14.73, 196887976≥+782727,margin ≥+20
TGP,DU3053535,8839,,80,1.79769313486232E+308,LMT,BUY,0,12.65,13.65,,1.79769313486232E+308,True,GTC,,,20201229 09:30:00 EST, 34486048≥+12.4, 34486048≥+157691,margin ≥+20
TGP,DU3053535,8840,,80,1.79769313486232E+308,LMT,SELL,0,14.63,15.63,,1.79769313486232E+308,True,GTC,,
TGH,DU3053535,8845,,46,1.79769313486232E+308,LMT,BUY,0,21.73,22.73,,1.79769313486232E+308,True,GTC,,,20201229 09:30:00 EST, 46593894≥+21.3, 46593894≥+105818,margin ≥+20
TGH,DU3053535,8846,,46,1.79769313486232E+308,LMT,SELL,0,26.82,27.82,,1.79769313486232E+308,True,GTC,,
TGNA,DU3053535,8843,,67,1.79769313486232E+308,LMT,SELL,0,17.53,18.53,,1.79769313486232E+308,True,GTC,,
TGNA,DU3053535,8844,,67,1.79769313486232E+308,TRAIL LIMIT,SELL,0.93,0,13.79,,-6.89,True,GTC,,
TROX,DU3053535,8801,,65,1.79769313486232E+308,LMT,SELL,0,18.84,19.84,,1.79769313486232E+308,True,GTC,,
TROX,DU3053535,8802,,65,1.79769313486232E+308,TRAIL LIMIT,SELL,1.22,0,13.98,,-6.99,True,GTC,,
TRST,DU3053535,8799,,144,1.79769313486232E+308,TRAIL LIMIT,SELL,0.35,0,6.57,,-3.28,True,GTC,,
TROX,DU3053535,8800,,65,1.79769313486232E+308,LMT,BUY,0,15.5,16.5,,1.79769313486232E+308,True,GTC,,,20201229 09:30:00 EST, 357888136≥+15.2, 357888136≥+417618,margin ≥+20
TREC,DU3053535,8805,,137,1.79769313486232E+308,TRAIL LIMIT,SELL,0.42,0,6.86,,-3.43,True,GTC,,
TRC,DU3053535,8806,,64,1.79769313486232E+308,LMT,BUY,0,15.85,16.85,,1.79769313486232E+308,True,GTC,,,20201229 09:30:00 EST, 757590≥+15.53, 757590≥+113618,margin ≥+20
TREC,DU3053535,8803,,137,1.79769313486232E+308,LMT,BUY,0,7.43,8.43,,1.79769313486232E+308,True,GTC,,,20201229 09:30:00 EST, 152814010≥+7.28, 152814010≥+49727,margin ≥+20
TREC,DU3053535,8804,,137,1.79769313486232E+308,LMT,SELL,0,8.54,9.54,,1.79769313486232E+308,True,GTC,,
TRUE,DU3053535,8793,,204,1.79769313486232E+308,TRAIL LIMIT,SELL,0.44,0,4.44,,-2.22,True,GTC,,
TRTX,DU3053535,8794,,85,1.79769313486232E+308,LMT,BUY,0,11.94,12.94,,1.79769313486232E+308,True,GTC,,,20201229 09:30:00 EST, 282665987≥+11.71, 282665987≥+218873,margin ≥+20
TRUE,DU3053535,8791,,204,1.79769313486232E+308,LMT,BUY,0,4.98,5.98,,1.79769313486232E+308,True,GTC,,,20201229 09:30:00 EST, 151525644≥+4.88, 151525644≥+660345,margin ≥+20
TRUE,DU3053535,8792,,204,1.79769313486232E+308,LMT,SELL,0,6.2,7.2,,1.79769313486232E+308,True,GTC,,
TRST,DU3053535,8797,,144,1.79769313486232E+308,LMT,BUY,0,7.06,8.06,,1.79769313486232E+308,True,GTC,,,20201229 09:30:00 EST, 275334≥+6.92, 275334≥+425927,margin ≥+20
TRST,DU3053535,8798,,144,1.79769313486232E+308,LMT,SELL,0,7.96,8.96,,1.79769313486232E+308,True,GTC,,
TRTX,DU3053535,8795,,85,1.79769313486232E+308,LMT,SELL,0,14.35,15.35,,1.79769313486232E+308,True,GTC,,
TRTX,DU3053535,8796,,85,1.79769313486232E+308,TRAIL LIMIT,SELL,0.88,0,10.83,,-5.42,True,GTC,,
TPC,DU3053535,8817,,68,1.79769313486232E+308,TRAIL LIMIT,SELL,1.13,0,13.4,,-6.7,True,GTC,,
TNAV,DU3053535,8818,,208,1.79769313486232E+308,LMT,BUY,0,4.9,5.9,,1.79769313486232E+308,True,GTC,,,20201229 09:30:00 EST, 75220364≥+4.8, 75220364≥+130600,margin ≥+20
TPC,DU3053535,8815,,68,1.79769313486232E+308,LMT,BUY,0,14.82,15.82,,1.79769313486232E+308,True,GTC,,,20201229 09:30:00 EST, 60037751≥+14.53, 60037751≥+93036,margin ≥+20
TPC,DU3053535,8816,,68,1.79769313486232E+308,LMT,SELL,0,17.91,18.91,,1.79769313486232E+308,True,GTC,,
TME,DU3053535,8821,,49,1.79769313486232E+308,LMT,BUY,0,20.64,21.64,,1.79769313486232E+308,True,GTC,,,20201229 09:30:00 EST, 344439802≥+20.23, 344439802≥+2131527,margin ≥+20
TME,DU3053535,8822,,49,1.79769313486232E+308,LMT,SELL,0,24.84,25.84,,1.79769313486232E+308,True,GTC,,
TNAV,DU3053535,8819,,208,1.79769313486232E+308,LMT,SELL,0,5.11,6.11,,1.79769313486232E+308,True,GTC,,
TNAV,DU3053535,8820,,208,1.79769313486232E+308,TRAIL LIMIT,SELL,0.1,0,4.7,,-2.35,True,GTC,,
TPRE,DU3053535,8809,,100,1.79769313486232E+308,LMT,BUY,0,10.12,11.12,,1.79769313486232E+308,True,GTC,,,20201229 09:30:00 EST, 132732895≥+9.92, 132732895≥+83109,margin ≥+20
TPRE,DU3053535,8810,,100,1.79769313486232E+308,LMT,SELL,0,11.57,12.57,,1.79769313486232E+308,True,GTC,,
TRC,DU3053535,8807,,64,1.79769313486232E+308,LMT,SELL,0,18.32,19.32,,1.79769313486232E+308,True,GTC,,
TRC,DU3053535,8808,,64,1.79769313486232E+308,TRAIL LIMIT,SELL,0.93,0,14.61,,-7.31,True,GTC,,
TPH,DU3053535,8813,,53,1.79769313486232E+308,LMT,SELL,0,22.34,23.34,,1.79769313486232E+308,True,GTC,,
TPH,DU3053535,8814,,53,1.79769313486232E+308,TRAIL LIMIT,SELL,1.24,0,17.37,,-8.68,True,GTC,,
TPRE,DU3053535,8811,,100,1.79769313486232E+308,TRAIL LIMIT,SELL,0.55,0,9.37,,-4.68,True,GTC,,
TPH,DU3053535,8812,,53,1.79769313486232E+308,LMT,BUY,0,18.99,19.99,,1.79769313486232E+308,True,GTC,,,20201229 09:30:00 EST, 121560188≥+18.62, 121560188≥+573164,margin ≥+20
NAD,DU3053535,9282,,65,1.79769313486232E+308,TRAIL LIMIT,SELL,0.21,0,15.04,,-7.52,True,GTC,,
MYE,DU3053535,9283,,48,1.79769313486232E+308,LMT,BUY,0,21.21,22.21,,1.79769313486232E+308,True,GTC,,,20201229 09:30:00 EST, 755768≥+20.79, 755768≥+128055,margin ≥+20
NAD,DU3053535,9280,,65,1.79769313486232E+308,LMT,BUY,0,15.55,16.55,,1.79769313486232E+308,True,GTC,,,20201229 09:30:00 EST, 6608344≥+15.25, 6608344≥+88982,margin ≥+20
NAD,DU3053535,9281,,65,1.79769313486232E+308,LMT,SELL,0,15.88,16.88,,1.79769313486232E+308,True,GTC,,
MX,DU3053535,9286,,71,1.79769313486232E+308,LMT,BUY,0,14.18,15.18,,1.79769313486232E+308,True,GTC,,,20201229 09:30:00 EST, 85258864≥+13.9, 85258864≥+41764,margin ≥+20
MX,DU3053535,9287,,71,1.79769313486232E+308,LMT,SELL,0,16.35,17.35,,1.79769313486232E+308,True,GTC,,
MYE,DU3053535,9284,,48,1.79769313486232E+308,LMT,SELL,0,25.42,26.42,,1.79769313486232E+308,True,GTC,,
MYE,DU3053535,9285,,48,1.79769313486232E+308,TRAIL LIMIT,SELL,1.54,0,19.25,,-9.62,True,GTC,,
NCZ,DU3053535,9274,,193,1.79769313486232E+308,LMT,BUY,0,5.28,6.28,,1.79769313486232E+308,True,GTC,,,20201229 09:30:00 EST, 120699430≥+5.18, 120699430≥+44745,margin ≥+20
NCZ,DU3053535,9275,,193,1.79769313486232E+308,LMT,SELL,0,5.71,6.71,,1.79769313486232E+308,True,GTC,,
NEA,DU3053535,9272,,66,1.79769313486232E+308,LMT,SELL,0,15.85,16.85,,1.79769313486232E+308,True,GTC,,
NEA,DU3053535,9273,,66,1.79769313486232E+308,TRAIL LIMIT,SELL,0.26,0,14.82,,-7.41,True,GTC,,
NAVI,DU3053535,9278,,97,1.79769313486232E+308,LMT,SELL,0,12.53,13.53,,1.79769313486232E+308,True,GTC,,
NAVI,DU3053535,9279,,97,1.79769313486232E+308,TRAIL LIMIT,SELL,0.76,0,9.47,,-4.73,True,GTC,,
NCZ,DU3053535,9276,,193,1.79769313486232E+308,TRAIL LIMIT,SELL,0.18,0,5,,-2.5,True,GTC,,
NAVI,DU3053535,9277,,97,1.79769313486232E+308,LMT,BUY,0,10.44,11.44,,1.79769313486232E+308,True,GTC,,,20201229 09:30:00 EST, 148782986≥+10.24, 148782986≥+953273,margin ≥+20
MTW,DU3053535,9298,,69,1.79769313486232E+308,LMT,BUY,0,14.6,15.6,,1.79769313486232E+308,True,GTC,,,20201229 09:30:00 EST, 296448092≥+14.31, 296448092≥+196127,margin ≥+20
MTW,DU3053535,9299,,69,1.79769313486232E+308,LMT,SELL,0,17.46,18.46,,1.79769313486232E+308,True,GTC,,
MUFG,DU3053535,9296,,221,1.79769313486232E+308,LMT,SELL,0,4.99,5.99,,1.79769313486232E+308,True,GTC,,
MUFG,DU3053535,9297,,221,1.79769313486232E+308,TRAIL LIMIT,SELL,0.16,0,4.35,,-2.18,True,GTC,,
MTG,DU3053535,9302,,76,1.79769313486232E+308,LMT,SELL,0,15.28,16.28,,1.79769313486232E+308,True,GTC,,
MTG,DU3053535,9303,,76,1.79769313486232E+308,TRAIL LIMIT,SELL,0.72,0,12.39,,-6.2,True,GTC,,
MTW,DU3053535,9300,,69,1.79769313486232E+308,TRAIL LIMIT,SELL,1.05,0,13.26,,-6.63,True,GTC,,
MTG,DU3053535,9301,,76,1.79769313486232E+308,LMT,BUY,0,13.38,14.38,,1.79769313486232E+308,True,GTC,,,20201229 09:30:00 EST, 9902≥+13.11, 9902≥+1568491,margin ≥+20
MWA,DU3053535,9290,,78,1.79769313486232E+308,LMT,SELL,0,14.49,15.49,,1.79769313486232E+308,True,GTC,,
MWA,DU3053535,9291,,78,1.79769313486232E+308,TRAIL LIMIT,SELL,0.6,0,12.1,,-6.05,True,GTC,,
MX,DU3053535,9288,,71,1.79769313486232E+308,TRAIL LIMIT,SELL,0.82,0,13.08,,-6.54,True,GTC,,
MWA,DU3053535,9289,,78,1.79769313486232E+308,LMT,BUY,0,12.95,13.95,,1.79769313486232E+308,True,GTC,,,20201229 09:30:00 EST, 39429639≥+12.7, 39429639≥+305800,margin ≥+20
MUX,DU3053535,9294,,905,1.79769313486232E+308,TRAIL LIMIT,SELL,0.1,0,1.01,,-0.51,True,GTC,,
MUFG,DU3053535,9295,,221,1.79769313486232E+308,LMT,BUY,0,4.6,5.6,,1.79769313486232E+308,True,GTC,,,20201229 09:30:00 EST, 9394≥+4.51, 9394≥+82164,margin ≥+20
MUX,DU3053535,9292,,905,1.79769313486232E+308,LMT,BUY,0,1.13,2.13,,1.79769313486232E+308,True,GTC,,,20201229 09:30:00 EST, 101321040≥+1.1, 101321040≥+718218,margin ≥+20
MUX,DU3053535,9293,,905,1.79769313486232E+308,LMT,SELL,0,1.39,2.39,,1.79769313486232E+308,True,GTC,,
NMFC,DU3053535,9250,,82,1.79769313486232E+308,LMT,BUY,0,12.41,13.41,,1.79769313486232E+308,True,GTC,,,20201229 09:30:00 EST, 88292757≥+12.16, 88292757≥+100309,margin ≥+20
NMFC,DU3053535,9251,,82,1.79769313486232E+308,LMT,SELL,0,13.95,14.95,,1.79769313486232E+308,True,GTC,,
NMRK,DU3053535,9248,,124,1.79769313486232E+308,LMT,SELL,0,9.9,10.9,,1.79769313486232E+308,True,GTC,,
NMRK,DU3053535,9249,,124,1.79769313486232E+308,TRAIL LIMIT,SELL,0.63,0,7.4,,-3.7,True,GTC,,
NLY,DU3053535,9254,,114,1.79769313486232E+308,LMT,SELL,0,9.76,10.76,,1.79769313486232E+308,True,GTC,,
NLY,DU3053535,9255,,114,1.79769313486232E+308,TRAIL LIMIT,SELL,0.34,0,8.4,,-4.2,True,GTC,,
NMFC,DU3053535,9252,,82,1.79769313486232E+308,TRAIL LIMIT,SELL,0.59,0,11.57,,-5.79,True,GTC,,
NLY,DU3053535,9253,,114,1.79769313486232E+308,LMT,BUY,0,8.91,9.91,,1.79769313486232E+308,True,GTC,,,20201229 09:30:00 EST, 6278576≥+8.74, 6278576≥+3041982,margin ≥+20
NPTN,DU3053535,9242,,103,1.79769313486232E+308,LMT,SELL,0,11.91,12.91,,1.79769313486232E+308,True,GTC,,
NPTN,DU3053535,9243,,103,1.79769313486232E+308,TRAIL LIMIT,SELL,0.75,0,8.91,,-4.46,True,GTC,,
NRZ,DU3053535,9240,,94,1.79769313486232E+308,TRAIL LIMIT,SELL,0.67,0,9.88,,-4.94,True,GTC,,
NPTN,DU3053535,9241,,103,1.79769313486232E+308,LMT,BUY,0,9.85,10.85,,1.79769313486232E+308,True,GTC,,,20201229 09:30:00 EST, 83635906≥+9.66, 83635906≥+202564,margin ≥+20
NOK,DU3053535,9246,,238,1.79769313486232E+308,TRAIL LIMIT,SELL,0.22,0,3.97,,-1.99,True,GTC,,
NMRK,DU3053535,9247,,124,1.79769313486232E+308,LMT,BUY,0,8.19,9.19,,1.79769313486232E+308,True,GTC,,,20201229 09:30:00 EST, 299532605≥+8.03, 299532605≥+434582,margin ≥+20
NOK,DU3053535,9244,,238,1.79769313486232E+308,LMT,BUY,0,4.27,5.27,,1.79769313486232E+308,True,GTC,,,20201229 09:30:00 EST, 661513≥+4.19, 661513≥+2390200,margin ≥+20
NOK,DU3053535,9245,,238,1.79769313486232E+308,LMT,SELL,0,4.87,5.87,,1.79769313486232E+308,True,GTC,,
NFBK,DU3053535,9266,,77,1.79769313486232E+308,LMT,SELL,0,15.14,16.14,,1.79769313486232E+308,True,GTC,,
NFBK,DU3053535,9267,,77,1.79769313486232E+308,TRAIL LIMIT,SELL,0.73,0,12.21,,-6.11,True,GTC,,
NG,DU3053535,9264,,89,1.79769313486232E+308,TRAIL LIMIT,SELL,0.95,0,10.25,,-5.13,True,GTC,,
NFBK,DU3053535,9265,,77,1.79769313486232E+308,LMT,BUY,0,13.2,14.2,,1.79769313486232E+308,True,GTC,,,20201229 09:30:00 EST, 121467854≥+12.94, 121467854≥+187618,margin ≥+20
NEWT,DU3053535,9270,,51,1.79769313486232E+308,TRAIL LIMIT,SELL,1.16,0,18.29,,-9.14,True,GTC,,
NEA,DU3053535,9271,,66,1.79769313486232E+308,LMT,BUY,0,15.38,16.38,,1.79769313486232E+308,True,GTC,,,20201229 09:30:00 EST, 17085357≥+15.08, 17085357≥+104291,margin ≥+20
NEWT,DU3053535,9268,,51,1.79769313486232E+308,LMT,BUY,0,19.84,20.84,,1.79769313486232E+308,True,GTC,,,20201229 09:30:00 EST, 171642734≥+19.45, 171642734≥+23745,margin ≥+20
NEWT,DU3053535,9269,,51,1.79769313486232E+308,LMT,SELL,0,22.93,23.93,,1.79769313486232E+308,True,GTC,,
NLSN,DU3053535,9258,,47,1.79769313486232E+308,TRAIL LIMIT,SELL,1.29,0,19.8,,-9.9,True,GTC,,
NKTR,DU3053535,9259,,50,1.79769313486232E+308,LMT,BUY,0,20.31,21.31,,1.79769313486232E+308,True,GTC,,,20201229 09:30:00 EST, 4813467≥+19.91, 4813467≥+484800,margin ≥+20
NLSN,DU3053535,9256,,47,1.79769313486232E+308,LMT,BUY,0,21.51,22.51,,1.79769313486232E+308,True,GTC,,,20201229 09:30:00 EST, 204429726≥+21.08, 204429726≥+2164455,margin ≥+20
NLSN,DU3053535,9257,,47,1.79769313486232E+308,LMT,SELL,0,24.95,25.95,,1.79769313486232E+308,True,GTC,,
NG,DU3053535,9262,,89,1.79769313486232E+308,LMT,BUY,0,11.42,12.42,,1.79769313486232E+308,True,GTC,,,20201229 09:30:00 EST, 26957459≥+11.19, 26957459≥+363636,margin ≥+20
NG,DU3053535,9263,,89,1.79769313486232E+308,LMT,SELL,0,14.04,15.04,,1.79769313486232E+308,True,GTC,,
NKTR,DU3053535,9260,,50,1.79769313486232E+308,LMT,SELL,0,24.74,25.74,,1.79769313486232E+308,True,GTC,,
NKTR,DU3053535,9261,,50,1.79769313486232E+308,TRAIL LIMIT,SELL,1.61,0,18.3,,-9.15,True,GTC,,
NXGN,DU3053535,9218,,50,1.79769313486232E+308,LMT,SELL,0,23.7,24.7,,1.79769313486232E+308,True,GTC,,
NXGN,DU3053535,9219,,50,1.79769313486232E+308,TRAIL LIMIT,SELL,1.36,0,18.28,,-9.14,True,GTC,,
NYCB,DU3053535,9216,,92,1.79769313486232E+308,TRAIL LIMIT,SELL,0.59,0,10.28,,-5.14,True,GTC,,
NXGN,DU3053535,9217,,50,1.79769313486232E+308,LMT,BUY,0,20.03,21.03,,1.79769313486232E+308,True,GTC,,,20201229 09:30:00 EST, 332783336≥+19.63, 332783336≥+155309,margin ≥+20
NWSA,DU3053535,9222,,50,1.79769313486232E+308,TRAIL LIMIT,SELL,1.56,0,18.07,,-9.04,True,GTC,,
NWS,DU3053535,9223,,51,1.79769313486232E+308,LMT,BUY,0,19.95,20.95,,1.79769313486232E+308,True,GTC,,,20201229 09:30:00 EST, 129348130≥+19.56, 129348130≥+1624400,margin ≥+20
NWSA,DU3053535,9220,,50,1.79769313486232E+308,LMT,BUY,0,20.02,21.02,,1.79769313486232E+308,True,GTC,,,20201229 09:30:00 EST, 129348126≥+19.63, 129348126≥+2394018,margin ≥+20
NWSA,DU3053535,9221,,50,1.79769313486232E+308,LMT,SELL,0,24.31,25.31,,1.79769313486232E+308,True,GTC,,
NZF,DU3053535,9210,,62,1.79769313486232E+308,TRAIL LIMIT,SELL,0.24,0,15.78,,-7.89,True,GTC,,
NYMT,DU3053535,9211,,249,1.79769313486232E+308,LMT,BUY,0,4.08,5.08,,1.79769313486232E+308,True,GTC,,,20201229 09:30:00 EST, 51635660≥+4, 51635660≥+599073,margin ≥+20
NZF,DU3053535,9208,,62,1.79769313486232E+308,LMT,BUY,0,16.35,17.35,,1.79769313486232E+308,True,GTC,,,20201229 09:30:00 EST, 15548118≥+16.03, 15548118≥+41927,margin ≥+20
NZF,DU3053535,9209,,62,1.79769313486232E+308,LMT,SELL,0,16.76,17.76,,1.79769313486232E+308,True,GTC,,
NYCB,DU3053535,9214,,92,1.79769313486232E+308,LMT,BUY,0,11.08,12.08,,1.79769313486232E+308,True,GTC,,,20201229 09:30:00 EST, 3655833≥+10.87, 3655833≥+1427709,margin ≥+20
NYCB,DU3053535,9215,,92,1.79769313486232E+308,LMT,SELL,0,12.62,13.62,,1.79769313486232E+308,True,GTC,,
NYMT,DU3053535,9212,,249,1.79769313486232E+308,LMT,SELL,0,4.85,5.85,,1.79769313486232E+308,True,GTC,,
NYMT,DU3053535,9213,,249,1.79769313486232E+308,TRAIL LIMIT,SELL,0.28,0,3.72,,-1.86,True,GTC,,
NTST,DU3053535,9234,,50,1.79769313486232E+308,TRAIL LIMIT,SELL,1.39,0,18.51,,-9.25,True,GTC,,
NTCO,DU3053535,9235,,48,1.79769313486232E+308,LMT,BUY,0,21.2,22.2,,1.79769313486232E+308,True,GTC,,,20201229 09:30:00 EST, 397680854≥+20.78, 397680854≥+32291,margin ≥+20
NTST,DU3053535,9232,,50,1.79769313486232E+308,LMT,BUY,0,20.3,21.3,,1.79769313486232E+308,True,GTC,,,20201229 09:30:00 EST, 439236281≥+19.9, 439236281≥+217855,margin ≥+20
NTST,DU3053535,9233,,50,1.79769313486232E+308,LMT,SELL,0,24.07,25.07,,1.79769313486232E+308,True,GTC,,
NRZ,DU3053535,9238,,94,1.79769313486232E+308,LMT,BUY,0,10.76,11.76,,1.79769313486232E+308,True,GTC,,,20201229 09:30:00 EST, 169688387≥+10.55, 169688387≥+1196473,margin ≥+20
NRZ,DU3053535,9239,,94,1.79769313486232E+308,LMT,SELL,0,12.55,13.55,,1.79769313486232E+308,True,GTC,,
NTCO,DU3053535,9236,,48,1.79769313486232E+308,LMT,SELL,0,24.55,25.55,,1.79769313486232E+308,True,GTC,,
NTCO,DU3053535,9237,,48,1.79769313486232E+308,TRAIL LIMIT,SELL,1.26,0,19.52,,-9.76,True,GTC,,
NWBI,DU3053535,9226,,76,1.79769313486232E+308,LMT,BUY,0,13.27,14.27,,1.79769313486232E+308,True,GTC,,,20201229 09:30:00 EST, 70985860≥+13.01, 70985860≥+426309,margin ≥+20
NWBI,DU3053535,9227,,76,1.79769313486232E+308,LMT,SELL,0,14.82,15.82,,1.79769313486232E+308,True,GTC,,
NWS,DU3053535,9224,,51,1.79769313486232E+308,LMT,SELL,0,24.65,25.65,,1.79769313486232E+308,True,GTC,,
NWS,DU3053535,9225,,51,1.79769313486232E+308,TRAIL LIMIT,SELL,1.7,0,17.86,,-8.93,True,GTC,,
NTUS,DU3053535,9230,,45,1.79769313486232E+308,LMT,SELL,0,26.22,27.22,,1.79769313486232E+308,True,GTC,,
NTUS,DU3053535,9231,,45,1.79769313486232E+308,TRAIL LIMIT,SELL,1.48,0,20.29,,-10.15,True,GTC,,
NWBI,DU3053535,9228,,76,1.79769313486232E+308,TRAIL LIMIT,SELL,0.6,0,12.41,,-6.21,True,GTC,,
NTUS,DU3053535,9229,,45,1.79769313486232E+308,LMT,BUY,0,22.2,23.2,,1.79769313486232E+308,True,GTC,,,20201229 09:30:00 EST, 12689270≥+21.77, 12689270≥+140782,margin ≥+20
OOMA,DU3053535,9188,,60,1.79769313486232E+308,LMT,SELL,0,20.39,21.39,,1.79769313486232E+308,True,GTC,,
OOMA,DU3053535,9189,,60,1.79769313486232E+308,TRAIL LIMIT,SELL,1.28,0,15.27,,-7.63,True,GTC,,
OPCH,DU3053535,9186,,60,1.79769313486232E+308,TRAIL LIMIT,SELL,1.49,0,14.94,,-7.47,True,GTC,,
OOMA,DU3053535,9187,,60,1.79769313486232E+308,LMT,BUY,0,16.88,17.88,,1.79769313486232E+308,True,GTC,,,20201229 09:30:00 EST, 199914955≥+16.55, 199914955≥+35491,margin ≥+20
ONB,DU3053535,9192,,57,1.79769313486232E+308,TRAIL LIMIT,SELL,0.83,0,16.43,,-8.22,True,GTC,,
OI,DU3053535,9193,,79,1.79769313486232E+308,LMT,BUY,0,12.85,13.85,,1.79769313486232E+308,True,GTC,,,20201229 09:30:00 EST, 396135117≥+12.6, 396135117≥+376491,margin ≥+20
ONB,DU3053535,9190,,57,1.79769313486232E+308,LMT,BUY,0,17.61,18.61,,1.79769313486232E+308,True,GTC,,,20201229 09:30:00 EST, 272708≥+17.26, 272708≥+490273,margin ≥+20
ONB,DU3053535,9191,,57,1.79769313486232E+308,LMT,SELL,0,19.77,20.77,,1.79769313486232E+308,True,GTC,,
ORC,DU3053535,9177,,178,1.79769313486232E+308,TRAIL LIMIT,SELL,0.24,0,5.36,,-2.68,True,GTC,,
OR,DU3053535,9181,,77,1.79769313486232E+308,LMT,BUY,0,13.24,14.24,,1.79769313486232E+308,True,GTC,,,20201229 09:30:00 EST, 156955487≥+12.98, 156955487≥+86145,margin ≥+20
ORC,DU3053535,9175,,178,1.79769313486232E+308,LMT,BUY,0,5.72,6.72,,1.79769313486232E+308,True,GTC,,,20201229 09:30:00 EST, 91641417≥+5.6, 91641417≥+311036,margin ≥+20
ORC,DU3053535,9176,,178,1.79769313486232E+308,LMT,SELL,0,6.33,7.33,,1.79769313486232E+308,True,GTC,,
OPCH,DU3053535,9184,,60,1.79769313486232E+308,LMT,BUY,0,16.75,17.75,,1.79769313486232E+308,True,GTC,,,20201229 09:30:00 EST, 402333216≥+16.43, 402333216≥+217455,margin ≥+20
OPCH,DU3053535,9185,,60,1.79769313486232E+308,LMT,SELL,0,20.9,21.9,,1.79769313486232E+308,True,GTC,,
OR,DU3053535,9182,,77,1.79769313486232E+308,LMT,SELL,0,15.57,16.57,,1.79769313486232E+308,True,GTC,,
OR,DU3053535,9183,,77,1.79769313486232E+308,TRAIL LIMIT,SELL,0.86,0,12.11,,-6.05,True,GTC,,
OCFC,DU3053535,9202,,51,1.79769313486232E+308,LMT,BUY,0,19.88,20.88,,1.79769313486232E+308,True,GTC,,,20201229 09:30:00 EST, 3655782≥+19.49, 3655782≥+115164,margin ≥+20
OCFC,DU3053535,9203,,51,1.79769313486232E+308,LMT,SELL,0,23.19,24.19,,1.79769313486232E+308,True,GTC,,
OACB,DU3053535,9206,,89,1.79769313486232E+308,LMT,SELL,0,13.44,14.44,,1.79769313486232E+308,True,GTC,,
OACB,DU3053535,9207,,89,1.79769313486232E+308,TRAIL LIMIT,SELL,0.74,0,10.46,,-5.23,True,GTC,,
OCFC,DU3053535,9204,,51,1.79769313486232E+308,TRAIL LIMIT,SELL,1.23,0,18.25,,-9.12,True,GTC,,
OACB,DU3053535,9205,,89,1.79769313486232E+308,LMT,BUY,0,11.43,12.43,,1.79769313486232E+308,True,GTC,,,20201229 09:30:00 EST, 453281777≥+11.21, 453281777≥+46473,margin ≥+20
OEC,DU3053535,9196,,58,1.79769313486232E+308,LMT,BUY,0,17.52,18.52,,1.79769313486232E+308,True,GTC,,,20201229 09:30:00 EST, 161846820≥+17.18, 161846820≥+125873,margin ≥+20
OEC,DU3053535,9197,,58,1.79769313486232E+308,LMT,SELL,0,21.06,22.06,,1.79769313486232E+308,True,GTC,,
OI,DU3053535,9194,,79,1.79769313486232E+308,LMT,SELL,0,15.79,16.79,,1.79769313486232E+308,True,GTC,,
OI,DU3053535,9195,,79,1.79769313486232E+308,TRAIL LIMIT,SELL,1.06,0,11.53,,-5.76,True,GTC,,
OCSL,DU3053535,9200,,174,1.79769313486232E+308,LMT,SELL,0,6.32,7.32,,1.79769313486232E+308,True,GTC,,
OCSL,DU3053535,9201,,174,1.79769313486232E+308,TRAIL LIMIT,SELL,0.2,0,5.51,,-2.75,True,GTC,,
OEC,DU3053535,9198,,58,1.79769313486232E+308,TRAIL LIMIT,SELL,1.3,0,15.88,,-7.94,True,GTC,,
OCSL,DU3053535,9199,,174,1.79769313486232E+308,LMT,BUY,0,5.83,6.83,,1.79769313486232E+308,True,GTC,,,20201229 09:30:00 EST, 292731218≥+5.72, 292731218≥+95400,margin ≥+20
PBR,DU3053535,9153,,84,1.79769313486232E+308,TRAIL LIMIT,SELL,0.78,0,11.07,,-5.53,True,GTC,,
PBFX,DU3053535,9154,,98,1.79769313486232E+308,LMT,BUY,0,10.37,11.37,,1.79769313486232E+308,True,GTC,,,20201229 09:30:00 EST, 150700058≥+10.17, 150700058≥+100709,margin ≥+20
PBR,DU3053535,9151,,84,1.79769313486232E+308,LMT,BUY,0,12.08,13.08,,1.79769313486232E+308,True,GTC,,,20201229 09:30:00 EST, 10828168≥+11.85, 10828168≥+1210164,margin ≥+20
PBR,DU3053535,9152,,84,1.79769313486232E+308,LMT,SELL,0,14.17,15.17,,1.79769313486232E+308,True,GTC,,
PBCT,DU3053535,9157,,72,1.79769313486232E+308,LMT,BUY,0,13.99,14.99,,1.79769313486232E+308,True,GTC,,,20201229 09:30:00 EST, 43670008≥+13.71, 43670008≥+1562273,margin ≥+20
PBCT,DU3053535,9158,,72,1.79769313486232E+308,LMT,SELL,0,16.02,17.02,,1.79769313486232E+308,True,GTC,,
PBFX,DU3053535,9155,,98,1.79769313486232E+308,LMT,SELL,0,12.77,13.77,,1.79769313486232E+308,True,GTC,,
PBFX,DU3053535,9156,,98,1.79769313486232E+308,TRAIL LIMIT,SELL,0.86,0,9.31,,-4.66,True,GTC,,
PCPL,DU3053535,9145,,85,1.79769313486232E+308,LMT,BUY,0,11.94,12.94,,1.79769313486232E+308,True,GTC,,,20201229 09:30:00 EST, 426098313≥+11.71, 426098313≥+350218,margin ≥+20
PCPL,DU3053535,9146,,85,1.79769313486232E+308,LMT,SELL,0,14.79,15.79,,1.79769313486232E+308,True,GTC,,
PDAC,DU3053535,9143,,91,1.79769313486232E+308,LMT,SELL,0,12.94,13.94,,1.79769313486232E+308,True,GTC,,
PDAC,DU3053535,9144,,91,1.79769313486232E+308,TRAIL LIMIT,SELL,0.67,0,10.25,,-5.12,True,GTC,,
PCG,DU3053535,9149,,77,1.79769313486232E+308,LMT,SELL,0,15.13,16.13,,1.79769313486232E+308,True,GTC,,
PCG,DU3053535,9150,,77,1.79769313486232E+308,TRAIL LIMIT,SELL,0.74,0,12.18,,-6.09,True,GTC,,
PCPL,DU3053535,9147,,85,1.79769313486232E+308,TRAIL LIMIT,SELL,1.03,0,10.68,,-5.34,True,GTC,,
PCG,DU3053535,9148,,77,1.79769313486232E+308,LMT,BUY,0,13.18,14.18,,1.79769313486232E+308,True,GTC,,,20201229 09:30:00 EST, 2586035≥+12.92, 2586035≥+10137218,margin ≥+20
ORI,DU3053535,9169,,50,1.79769313486232E+308,LMT,BUY,0,20.38,21.38,,1.79769313486232E+308,True,GTC,,,20201229 09:30:00 EST, 10840≥+19.98, 10840≥+645436,margin ≥+20
ORI,DU3053535,9170,,50,1.79769313486232E+308,LMT,SELL,0,22.87,23.87,,1.79769313486232E+308,True,GTC,,
OUT,DU3053535,9167,,47,1.79769313486232E+308,LMT,SELL,0,25.52,26.52,,1.79769313486232E+308,True,GTC,,
OUT,DU3053535,9168,,47,1.79769313486232E+308,TRAIL LIMIT,SELL,1.48,0,19.59,,-9.8,True,GTC,,
ORCC,DU3053535,9173,,72,1.79769313486232E+308,LMT,SELL,0,16.07,17.07,,1.79769313486232E+308,True,GTC,,
ORCC,DU3053535,9174,,72,1.79769313486232E+308,TRAIL LIMIT,SELL,0.75,0,13.07,,-6.53,True,GTC,,
ORI,DU3053535,9171,,50,1.79769313486232E+308,TRAIL LIMIT,SELL,0.96,0,19.02,,-9.51,True,GTC,,
ORCC,DU3053535,9172,,72,1.79769313486232E+308,LMT,BUY,0,14.1,15.1,,1.79769313486232E+308,True,GTC,,,20201229 09:30:00 EST, 374690034≥+13.82, 374690034≥+199291,margin ≥+20
PAHC,DU3053535,9161,,49,1.79769313486232E+308,LMT,SELL,0,24.61,25.61,,1.79769313486232E+308,True,GTC,,
PAHC,DU3053535,9162,,49,1.79769313486232E+308,TRAIL LIMIT,SELL,1.42,0,18.94,,-9.47,True,GTC,,
PBCT,DU3053535,9159,,72,1.79769313486232E+308,TRAIL LIMIT,SELL,0.77,0,12.94,,-6.47,True,GTC,,
PAHC,DU3053535,9160,,49,1.79769313486232E+308,LMT,BUY,0,20.77,21.77,,1.79769313486232E+308,True,GTC,,,20201229 09:30:00 EST, 148443229≥+20.36, 148443229≥+97200,margin ≥+20
OXLC,DU3053535,9165,,168,1.79769313486232E+308,TRAIL LIMIT,SELL,0.44,0,5.5,,-2.75,True,GTC,,
OUT,DU3053535,9166,,47,1.79769313486232E+308,LMT,BUY,0,21.49,22.49,,1.79769313486232E+308,True,GTC,,,20201229 09:30:00 EST, 173949742≥+21.07, 173949742≥+410636,margin ≥+20
OXLC,DU3053535,9163,,168,1.79769313486232E+308,LMT,BUY,0,6.05,7.05,,1.79769313486232E+308,True,GTC,,,20201229 09:30:00 EST, 82967340≥+5.93, 82967340≥+84745,margin ≥+20
OXLC,DU3053535,9164,,168,1.79769313486232E+308,LMT,SELL,0,7.24,8.24,,1.79769313486232E+308,True,GTC,,
PK,DU3053535,9121,,53,1.79769313486232E+308,LMT,BUY,0,19.12,20.12,,1.79769313486232E+308,True,GTC,,,20201229 09:30:00 EST, 257944575≥+18.75, 257944575≥+561182,margin ≥+20
PK,DU3053535,9122,,53,1.79769313486232E+308,LMT,SELL,0,23.94,24.94,,1.79769313486232E+308,True,GTC,,
PLYA,DU3053535,9119,,172,1.79769313486232E+308,LMT,SELL,0,7.47,8.47,,1.79769313486232E+308,True,GTC,,
PLYA,DU3053535,9120,,172,1.79769313486232E+308,TRAIL LIMIT,SELL,0.55,0,5.26,,-2.63,True,GTC,,
PGRE,DU3053535,9125,,102,1.79769313486232E+308,LMT,SELL,0,11.88,12.88,,1.79769313486232E+308,True,GTC,,
PGRE,DU3053535,9126,,102,1.79769313486232E+308,TRAIL LIMIT,SELL,0.69,0,9.11,,-4.56,True,GTC,,
PK,DU3053535,9123,,53,1.79769313486232E+308,TRAIL LIMIT,SELL,1.73,0,17.01,,-8.5,True,GTC,,
PGRE,DU3053535,9124,,102,1.79769313486232E+308,LMT,BUY,0,10,11,,1.79769313486232E+308,True,GTC,,,20201229 09:30:00 EST, 173803851≥+9.8, 173803851≥+833200,margin ≥+20
PMT,DU3053535,9113,,53,1.79769313486232E+308,LMT,SELL,0,21.79,22.79,,1.79769313486232E+308,True,GTC,,
PMT,DU3053535,9114,,53,1.79769313486232E+308,TRAIL LIMIT,SELL,0.98,0,17.87,,-8.93,True,GTC,,
PNNT,DU3053535,9111,,206,1.79769313486232E+308,TRAIL LIMIT,SELL,0.33,0,4.52,,-2.26,True,GTC,,
PMT,DU3053535,9112,,53,1.79769313486232E+308,LMT,BUY,0,19.23,20.23,,1.79769313486232E+308,True,GTC,,,20201229 09:30:00 EST, 64759614≥+18.85, 64759614≥+768364,margin ≥+20
PLYM,DU3053535,9117,,64,1.79769313486232E+308,TRAIL LIMIT,SELL,1.1,0,14.35,,-7.17,True,GTC,,
PLYA,DU3053535,9118,,172,1.79769313486232E+308,LMT,BUY,0,5.93,6.93,,1.79769313486232E+308,True,GTC,,,20201229 09:30:00 EST, 269399952≥+5.81, 269399952≥+64418,margin ≥+20
PLYM,DU3053535,9115,,64,1.79769313486232E+308,LMT,BUY,0,15.76,16.76,,1.79769313486232E+308,True,GTC,,,20201229 09:30:00 EST, 278545614≥+15.45, 278545614≥+308345,margin ≥+20
PLYM,DU3053535,9116,,64,1.79769313486232E+308,LMT,SELL,0,18.76,19.76,,1.79769313486232E+308,True,GTC,,
PE,DU3053535,9137,,64,1.79769313486232E+308,LMT,SELL,0,19.4,20.4,,1.79769313486232E+308,True,GTC,,
PE,DU3053535,9138,,64,1.79769313486232E+308,TRAIL LIMIT,SELL,1.33,0,14.09,,-7.04,True,GTC,,
PEB,DU3053535,9135,,49,1.79769313486232E+308,TRAIL LIMIT,SELL,1.75,0,18.5,,-9.25,True,GTC,,
PE,DU3053535,9136,,64,1.79769313486232E+308,LMT,BUY,0,15.73,16.73,,1.79769313486232E+308,True,GTC,,,20201229 09:30:00 EST, 152388753≥+15.42, 152388753≥+963309,margin ≥+20
PDM,DU3053535,9141,,58,1.79769313486232E+308,TRAIL LIMIT,SELL,0.93,0,16.24,,-8.12,True,GTC,,
PDAC,DU3053535,9142,,91,1.79769313486232E+308,LMT,BUY,0,11.14,12.14,,1.79769313486232E+308,True,GTC,,,20201229 09:30:00 EST, 454367789≥+10.93, 454367789≥+22982,margin ≥+20
PDM,DU3053535,9139,,58,1.79769313486232E+308,LMT,BUY,0,17.52,18.52,,1.79769313486232E+308,True,GTC,,,20201229 09:30:00 EST, 72529754≥+17.17, 72529754≥+278855,margin ≥+20
PDM,DU3053535,9140,,58,1.79769313486232E+308,LMT,SELL,0,19.97,20.97,,1.79769313486232E+308,True,GTC,,
PFS,DU3053535,9129,,54,1.79769313486232E+308,TRAIL LIMIT,SELL,0.91,0,17.59,,-8.79,True,GTC,,
PFLT,DU3053535,9130,,90,1.79769313486232E+308,LMT,BUY,0,11.27,12.27,,1.79769313486232E+308,True,GTC,,,20201229 09:30:00 EST, 86635186≥+11.05, 86635186≥+38400,margin ≥+20
PFS,DU3053535,9127,,54,1.79769313486232E+308,LMT,BUY,0,18.88,19.88,,1.79769313486232E+308,True,GTC,,,20201229 09:30:00 EST, 16884706≥+18.5, 16884706≥+230800,margin ≥+20
PFS,DU3053535,9128,,54,1.79769313486232E+308,LMT,SELL,0,21.25,22.25,,1.79769313486232E+308,True,GTC,,
PEB,DU3053535,9133,,49,1.79769313486232E+308,LMT,BUY,0,20.65,21.65,,1.79769313486232E+308,True,GTC,,,20201229 09:30:00 EST, 70853825≥+20.25, 70853825≥+503436,margin ≥+20
PEB,DU3053535,9134,,49,1.79769313486232E+308,LMT,SELL,0,25.49,26.49,,1.79769313486232E+308,True,GTC,,
PFLT,DU3053535,9131,,90,1.79769313486232E+308,LMT,SELL,0,12.66,13.66,,1.79769313486232E+308,True,GTC,,
PFLT,DU3053535,9132,,90,1.79769313486232E+308,TRAIL LIMIT,SELL,0.54,0,10.51,,-5.25,True,GTC,,
PVG,DU3053535,9089,,80,1.79769313486232E+308,LMT,SELL,0,15.29,16.29,,1.79769313486232E+308,True,GTC,,
PVG,DU3053535,9090,,80,1.79769313486232E+308,TRAIL LIMIT,SELL,0.98,0,11.37,,-5.69,True,GTC,,
QUOT,DU3053535,9087,,100,1.79769313486232E+308,TRAIL LIMIT,SELL,0.63,0,9.33,,-4.66,True,GTC,,
PVG,DU3053535,9088,,80,1.79769313486232E+308,LMT,BUY,0,12.6,13.6,,1.79769313486232E+308,True,GTC,,,20201229 09:30:00 EST, 100250917≥+12.35, 100250917≥+185691,margin ≥+20
PSO,DU3053535,9093,,105,1.79769313486232E+308,TRAIL LIMIT,SELL,0.44,0,9.01,,-4.5,True,GTC,,
PSEC,DU3053535,9094,,174,1.79769313486232E+308,LMT,BUY,0,5.84,6.84,,1.79769313486232E+308,True,GTC,,,20201229 09:30:00 EST, 30188658≥+5.73, 30188658≥+247091,margin ≥+20
PSO,DU3053535,9091,,105,1.79769313486232E+308,LMT,BUY,0,9.64,10.64,,1.79769313486232E+308,True,GTC,,,20201229 09:30:00 EST, 756247≥+9.45, 756247≥+23818,margin ≥+20
PSO,DU3053535,9092,,105,1.79769313486232E+308,LMT,SELL,0,10.78,11.78,,1.79769313486232E+308,True,GTC,,
RBAC,DU3053535,9081,,85,1.79769313486232E+308,TRAIL LIMIT,SELL,0.73,0,10.97,,-5.49,True,GTC,,
RA,DU3053535,9082,,54,1.79769313486232E+308,LMT,BUY,0,18.71,19.71,,1.79769313486232E+308,True,GTC,,,20201229 09:30:00 EST, 257298774≥+18.34, 257298774≥+20309,margin ≥+20
RBAC,DU3053535,9079,,85,1.79769313486232E+308,LMT,BUY,0,11.93,12.93,,1.79769313486232E+308,True,GTC,,,20201229 09:30:00 EST, 447955224≥+11.7, 447955224≥+48364,margin ≥+20
RBAC,DU3053535,9080,,85,1.79769313486232E+308,LMT,SELL,0,13.9,14.9,,1.79769313486232E+308,True,GTC,,
QUOT,DU3053535,9085,,100,1.79769313486232E+308,LMT,BUY,0,10.16,11.16,,1.79769313486232E+308,True,GTC,,,20201229 09:30:00 EST, 209048238≥+9.96, 209048238≥+169891,margin ≥+20
QUOT,DU3053535,9086,,100,1.79769313486232E+308,LMT,SELL,0,11.84,12.84,,1.79769313486232E+308,True,GTC,,
RA,DU3053535,9083,,54,1.79769313486232E+308,LMT,SELL,0,19.71,20.71,,1.79769313486232E+308,True,GTC,,
RA,DU3053535,9084,,54,1.79769313486232E+308,TRAIL LIMIT,SELL,0.46,0,17.88,,-8.94,True,GTC,,
PRA,DU3053535,9105,,50,1.79769313486232E+308,TRAIL LIMIT,SELL,1.51,0,18.17,,-9.08,True,GTC,,
PPC,DU3053535,9106,,47,1.79769313486232E+308,LMT,BUY,0,21.44,22.44,,1.79769313486232E+308,True,GTC,,,20201229 09:30:00 EST, 71395583≥+21.02, 71395583≥+250345,margin ≥+20
PRA,DU3053535,9103,,50,1.79769313486232E+308,LMT,BUY,0,20.08,21.08,,1.79769313486232E+308,True,GTC,,,20201229 09:30:00 EST, 2585343≥+19.68, 2585343≥+215527,margin ≥+20
PRA,DU3053535,9104,,50,1.79769313486232E+308,LMT,SELL,0,24.22,25.22,,1.79769313486232E+308,True,GTC,,
PNNT,DU3053535,9109,,206,1.79769313486232E+308,LMT,BUY,0,4.94,5.94,,1.79769313486232E+308,True,GTC,,,20201229 09:30:00 EST, 43708737≥+4.85, 43708737≥+410782,margin ≥+20
PNNT,DU3053535,9110,,206,1.79769313486232E+308,LMT,SELL,0,5.82,6.82,,1.79769313486232E+308,True,GTC,,
PPC,DU3053535,9107,,47,1.79769313486232E+308,LMT,SELL,0,24.62,25.62,,1.79769313486232E+308,True,GTC,,
PPC,DU3053535,9108,,47,1.79769313486232E+308,TRAIL LIMIT,SELL,1.2,0,19.82,,-9.91,True,GTC,,
PRMW,DU3053535,9097,,59,1.79769313486232E+308,LMT,BUY,0,17.05,18.05,,1.79769313486232E+308,True,GTC,,,20201229 09:30:00 EST, 407149876≥+16.71, 407149876≥+196000,margin ≥+20
PRMW,DU3053535,9098,,59,1.79769313486232E+308,LMT,SELL,0,19.08,20.08,,1.79769313486232E+308,True,GTC,,
PSEC,DU3053535,9095,,174,1.79769313486232E+308,LMT,SELL,0,6.36,7.36,,1.79769313486232E+308,True,GTC,,
PSEC,DU3053535,9096,,174,1.79769313486232E+308,TRAIL LIMIT,SELL,0.21,0,5.51,,-2.75,True,GTC,,
PRDO,DU3053535,9101,,72,1.79769313486232E+308,LMT,SELL,0,16.64,17.64,,1.79769313486232E+308,True,GTC,,
PRDO,DU3053535,9102,,72,1.79769313486232E+308,TRAIL LIMIT,SELL,0.96,0,12.8,,-6.4,True,GTC,,
PRMW,DU3053535,9099,,59,1.79769313486232E+308,TRAIL LIMIT,SELL,0.79,0,15.92,,-7.96,True,GTC,,
PRDO,DU3053535,9100,,72,1.79769313486232E+308,LMT,BUY,0,14.04,15.04,,1.79769313486232E+308,True,GTC,,,20201229 09:30:00 EST, 397813613≥+13.76, 397813613≥+243327,margin ≥+20
RGP,DU3053535,9057,,74,1.79769313486232E+308,TRAIL LIMIT,SELL,0.77,0,12.66,,-6.33,True,GTC,,
RFP,DU3053535,9058,,145,1.79769313486232E+308,LMT,BUY,0,7,8,,1.79769313486232E+308,True,GTC,,,20201229 09:30:00 EST, 107381127≥+6.86, 107381127≥+85109,margin ≥+20
RGP,DU3053535,9055,,74,1.79769313486232E+308,LMT,BUY,0,13.7,14.7,,1.79769313486232E+308,True,GTC,,,20201229 09:30:00 EST, 11068078≥+13.43, 11068078≥+238836,margin ≥+20
RGP,DU3053535,9056,,74,1.79769313486232E+308,LMT,SELL,0,15.75,16.75,,1.79769313486232E+308,True,GTC,,
RF,DU3053535,9061,,59,1.79769313486232E+308,LMT,BUY,0,17.03,18.03,,1.79769313486232E+308,True,GTC,,,20201229 09:30:00 EST, 273815≥+16.7, 273815≥+3218455,margin ≥+20
RF,DU3053535,9062,,59,1.79769313486232E+308,LMT,SELL,0,19.85,20.85,,1.79769313486232E+308,True,GTC,,
RFP,DU3053535,9059,,145,1.79769313486232E+308,LMT,SELL,0,8.56,9.56,,1.79769313486232E+308,True,GTC,,
RFP,DU3053535,9060,,145,1.79769313486232E+308,TRAIL LIMIT,SELL,0.57,0,6.3,,-3.15,True,GTC,,
RLJ,DU3053535,9049,,66,1.79769313486232E+308,LMT,BUY,0,15.45,16.45,,1.79769313486232E+308,True,GTC,,,20201229 09:30:00 EST, 87836953≥+15.14, 87836953≥+509873,margin ≥+20
RLJ,DU3053535,9050,,66,1.79769313486232E+308,LMT,SELL,0,18.87,19.87,,1.79769313486232E+308,True,GTC,,
RMBS,DU3053535,9047,,52,1.79769313486232E+308,LMT,SELL,0,22.28,23.28,,1.79769313486232E+308,True,GTC,,
RMBS,DU3053535,9048,,52,1.79769313486232E+308,TRAIL LIMIT,SELL,1.13,0,17.75,,-8.88,True,GTC,,
RLGT,DU3053535,9053,,160,1.79769313486232E+308,LMT,SELL,0,7.46,8.46,,1.79769313486232E+308,True,GTC,,
RLGT,DU3053535,9054,,160,1.79769313486232E+308,TRAIL LIMIT,SELL,0.41,0,5.8,,-2.9,True,GTC,,
RLJ,DU3053535,9051,,66,1.79769313486232E+308,TRAIL LIMIT,SELL,1.24,0,13.9,,-6.95,True,GTC,,
RLGT,DU3053535,9052,,160,1.79769313486232E+308,LMT,BUY,0,6.34,7.34,,1.79769313486232E+308,True,GTC,,,20201229 09:30:00 EST, 33182828≥+6.21, 33182828≥+50982,margin ≥+20
RCEL,DU3053535,9073,,49,1.79769313486232E+308,LMT,BUY,0,20.73,21.73,,1.79769313486232E+308,True,GTC,,,20201229 09:30:00 EST, 430625907≥+20.33, 430625907≥+75036,margin ≥+20
RCEL,DU3053535,9074,,49,1.79769313486232E+308,LMT,SELL,0,25.73,26.73,,1.79769313486232E+308,True,GTC,,
RDN,DU3053535,9071,,46,1.79769313486232E+308,LMT,SELL,0,24.93,25.93,,1.79769313486232E+308,True,GTC,,
RDN,DU3053535,9072,,46,1.79769313486232E+308,TRAIL LIMIT,SELL,1.21,0,20.09,,-10.04,True,GTC,,
RC,DU3053535,9077,,73,1.79769313486232E+308,LMT,SELL,0,16.72,17.72,,1.79769313486232E+308,True,GTC,,
RC,DU3053535,9078,,73,1.79769313486232E+308,TRAIL LIMIT,SELL,1.06,0,12.46,,-6.23,True,GTC,,
RCEL,DU3053535,9075,,49,1.79769313486232E+308,TRAIL LIMIT,SELL,1.8,0,18.53,,-9.27,True,GTC,,
RC,DU3053535,9076,,73,1.79769313486232E+308,LMT,BUY,0,13.8,14.8,,1.79769313486232E+308,True,GTC,,,20201229 09:30:00 EST, 335049701≥+13.53, 335049701≥+146982,margin ≥+20
RESI,DU3053535,9065,,61,1.79769313486232E+308,LMT,SELL,0,17.08,18.08,,1.79769313486232E+308,True,GTC,,
RESI,DU3053535,9066,,61,1.79769313486232E+308,TRAIL LIMIT,SELL,0.23,0,16.15,,-8.08,True,GTC,,
RF,DU3053535,9063,,59,1.79769313486232E+308,TRAIL LIMIT,SELL,1.05,0,15.65,,-7.83,True,GTC,,
RESI,DU3053535,9064,,61,1.79769313486232E+308,LMT,BUY,0,16.71,17.71,,1.79769313486232E+308,True,GTC,,,20201229 09:30:00 EST, 306890204≥+16.38, 306890204≥+977855,margin ≥+20
RDNT,DU3053535,9069,,49,1.79769313486232E+308,TRAIL LIMIT,SELL,1.56,0,18.58,,-9.29,True,GTC,,
RDN,DU3053535,9070,,46,1.79769313486232E+308,LMT,BUY,0,21.73,22.73,,1.79769313486232E+308,True,GTC,,,20201229 09:30:00 EST, 6478015≥+21.3, 6478015≥+432873,margin ≥+20
RDNT,DU3053535,9067,,49,1.79769313486232E+308,LMT,BUY,0,20.54,21.54,,1.79769313486232E+308,True,GTC,,,20201229 09:30:00 EST, 41888859≥+20.14, 41888859≥+176455,margin ≥+20
RDNT,DU3053535,9068,,49,1.79769313486232E+308,LMT,SELL,0,24.8,25.8,,1.79769313486232E+308,True,GTC,,
BKLN,DU3053535,10568,,44,1.79769313486232E+308,LMT,SELL,0,22.93,23.93,,1.79769313486232E+308,True,GTC,,
BKLN,DU3053535,10569,,44,1.79769313486232E+308,TRAIL LIMIT,SELL,0.18,0,22.2,,-11.1,True,GTC,,
OLP,DU3053535,10566,,45,1.79769313486232E+308,TRAIL LIMIT,SELL,1.5,0,20.5,,-10.25,True,GTC,,
BKLN,DU3053535,10567,,44,1.79769313486232E+308,LMT,BUY,0,22.83,23.83,,1.79769313486232E+308,True,GTC,,,20201229 09:30:00 EST, 319359400≥+22.38, 319359400≥+11682273,margin ≥+20
AU,DU3053535,10572,,40,1.79769313486232E+308,TRAIL LIMIT,SELL,1.99,0,22.57,,-11.29,True,GTC,,
AES,DU3053535,10573,,42,1.79769313486232E+308,LMT,BUY,0,24.16,25.16,,1.79769313486232E+308,True,GTC,,,20201229 09:30:00 EST, 2560358≥+23.69, 2560358≥+2010455,margin ≥+20
AU,DU3053535,10570,,40,1.79769313486232E+308,LMT,BUY,0,25.04,26.04,,1.79769313486232E+308,True,GTC,,,20201229 09:30:00 EST, 4656≥+24.55, 4656≥+493018,margin ≥+20
AU,DU3053535,10571,,40,1.79769313486232E+308,LMT,SELL,0,30.51,31.51,,1.79769313486232E+308,True,GTC,,
ALKS,DU3053535,10560,,42,1.79769313486232E+308,TRAIL LIMIT,SELL,1.83,0,21.63,,-10.81,True,GTC,,
WMB,DU3053535,10561,,44,1.79769313486232E+308,LMT,BUY,0,23.17,24.17,,1.79769313486232E+308,True,GTC,,,20201229 09:30:00 EST, 13805≥+22.72, 13805≥+5936109,margin ≥+20
ALKS,DU3053535,10558,,42,1.79769313486232E+308,LMT,BUY,0,23.93,24.93,,1.79769313486232E+308,True,GTC,,,20201229 09:30:00 EST, 94892734≥+23.46, 94892734≥+743945,margin ≥+20
ALKS,DU3053535,10559,,42,1.79769313486232E+308,LMT,SELL,0,28.94,29.94,,1.79769313486232E+308,True,GTC,,
OLP,DU3053535,10564,,45,1.79769313486232E+308,LMT,BUY,0,22.44,23.44,,1.79769313486232E+308,True,GTC,,,20201229 09:30:00 EST, 755912≥+22, 755912≥+35200,margin ≥+20
OLP,DU3053535,10565,,45,1.79769313486232E+308,LMT,SELL,0,26.5,27.5,,1.79769313486232E+308,True,GTC,,
WMB,DU3053535,10562,,44,1.79769313486232E+308,LMT,SELL,0,27.14,28.14,,1.79769313486232E+308,True,GTC,,
WMB,DU3053535,10563,,44,1.79769313486232E+308,TRAIL LIMIT,SELL,1.47,0,21.24,,-10.62,True,GTC,,
RKT,DU3053535,10584,,42,1.79769313486232E+308,TRAIL LIMIT,SELL,1.94,0,21.59,,-10.79,True,GTC,,
UNM,DU3053535,10585,,41,1.79769313486232E+308,LMT,BUY,0,24.47,25.47,,1.79769313486232E+308,True,GTC,,,20201229 09:30:00 EST, 13277≥+23.99, 13277≥+1194400,margin ≥+20
RKT,DU3053535,10582,,42,1.79769313486232E+308,LMT,BUY,0,24,25,,1.79769313486232E+308,True,GTC,,,20201229 09:30:00 EST, 438058842≥+23.53, 438058842≥+1323691,margin ≥+20
RKT,DU3053535,10583,,42,1.79769313486232E+308,LMT,SELL,0,29.35,30.35,,1.79769313486232E+308,True,GTC,,
WU,DU3053535,10591,,42,1.79769313486232E+308,LMT,BUY,0,23.76,24.76,,1.79769313486232E+308,True,GTC,,,20201229 09:30:00 EST, 40773257≥+23.3, 40773257≥+2663455,margin ≥+20
WU,DU3053535,10592,,42,1.79769313486232E+308,LMT,SELL,0,26.47,27.47,,1.79769313486232E+308,True,GTC,,
UNM,DU3053535,10586,,41,1.79769313486232E+308,LMT,SELL,0,29.38,30.38,,1.79769313486232E+308,True,GTC,,
UNM,DU3053535,10587,,41,1.79769313486232E+308,TRAIL LIMIT,SELL,1.8,0,22.19,,-11.09,True,GTC,,
JNPR,DU3053535,10576,,43,1.79769313486232E+308,LMT,BUY,0,23.72,24.72,,1.79769313486232E+308,True,GTC,,,20201229 09:30:00 EST, 6248722≥+23.26, 6248722≥+2189727,margin ≥+20
JNPR,DU3053535,10577,,43,1.79769313486232E+308,LMT,SELL,0,26.14,27.14,,1.79769313486232E+308,True,GTC,,
AES,DU3053535,10574,,42,1.79769313486232E+308,LMT,SELL,0,27.52,28.52,,1.79769313486232E+308,True,GTC,,
AES,DU3053535,10575,,42,1.79769313486232E+308,TRAIL LIMIT,SELL,1.28,0,22.41,,-11.2,True,GTC,,
BSCO,DU3053535,10580,,44,1.79769313486232E+308,LMT,SELL,0,22.66,23.66,,1.79769313486232E+308,True,GTC,,
BSCO,DU3053535,10581,,44,1.79769313486232E+308,TRAIL LIMIT,SELL,0.08,0,22.33,,-11.17,True,GTC,,
JNPR,DU3053535,10578,,43,1.79769313486232E+308,TRAIL LIMIT,SELL,0.96,0,22.29,,-11.14,True,GTC,,
BSCO,DU3053535,10579,,44,1.79769313486232E+308,LMT,BUY,0,22.86,23.86,,1.79769313486232E+308,True,GTC,,,20201229 09:30:00 EST, 319355853≥+22.41, 319355853≥+45618,margin ≥+20
VNE,DU3053535,10536,,42,1.79769313486232E+308,TRAIL LIMIT,SELL,2.04,0,21.31,,-10.66,True,GTC,,
PSTG,DU3053535,10537,,40,1.79769313486232E+308,LMT,BUY,0,25.29,26.29,,1.79769313486232E+308,True,GTC,,,20201229 09:30:00 EST, 208813725≥+24.8, 208813725≥+634400,margin ≥+20
VNE,DU3053535,10534,,42,1.79769313486232E+308,LMT,BUY,0,23.81,24.81,,1.79769313486232E+308,True,GTC,,,20201229 09:30:00 EST, 320354542≥+23.34, 320354542≥+200545,margin ≥+20
VNE,DU3053535,10535,,42,1.79769313486232E+308,LMT,SELL,0,29.45,30.45,,1.79769313486232E+308,True,GTC,,
GTS,DU3053535,10540,,43,1.79769313486232E+308,LMT,BUY,0,23.48,24.48,,1.79769313486232E+308,True,GTC,,,20201229 09:30:00 EST, 47391278≥+23.02, 47391278≥+64473,margin ≥+20
GTS,DU3053535,10541,,43,1.79769313486232E+308,LMT,SELL,0,27.48,28.48,,1.79769313486232E+308,True,GTC,,
PSTG,DU3053535,10538,,40,1.79769313486232E+308,LMT,SELL,0,31.02,32.02,,1.79769313486232E+308,True,GTC,,
PSTG,DU3053535,10539,,40,1.79769313486232E+308,TRAIL LIMIT,SELL,2.08,0,22.72,,-11.36,True,GTC,,
EPD,DU3053535,10528,,45,1.79769313486232E+308,LMT,BUY,0,22.29,23.29,,1.79769313486232E+308,True,GTC,,,20201229 09:30:00 EST, 6607910≥+21.86, 6607910≥+2518327,margin ≥+20
EPD,DU3053535,10529,,45,1.79769313486232E+308,LMT,SELL,0,25.6,26.6,,1.79769313486232E+308,True,GTC,,
EWS,DU3053535,10526,,45,1.79769313486232E+308,LMT,SELL,0,23.56,24.56,,1.79769313486232E+308,True,GTC,,
EWS,DU3053535,10527,,45,1.79769313486232E+308,TRAIL LIMIT,SELL,0.54,0,21.42,,-10.71,True,GTC,,
CRY,DU3053535,10532,,40,1.79769313486232E+308,LMT,SELL,0,30.35,31.35,,1.79769313486232E+308,True,GTC,,
CRY,DU3053535,10533,,40,1.79769313486232E+308,TRAIL LIMIT,SELL,1.95,0,22.56,,-11.28,True,GTC,,
EPD,DU3053535,10530,,45,1.79769313486232E+308,TRAIL LIMIT,SELL,1.25,0,20.61,,-10.3,True,GTC,,
CRY,DU3053535,10531,,40,1.79769313486232E+308,LMT,BUY,0,25,26,,1.79769313486232E+308,True,GTC,,,20201229 09:30:00 EST, 268064≥+24.51, 268064≥+115109,margin ≥+20
CNP,DU3053535,10552,,43,1.79769313486232E+308,LMT,BUY,0,23.4,24.4,,1.79769313486232E+308,True,GTC,,,20201229 09:30:00 EST, 8093≥+22.94, 8093≥+2405255,margin ≥+20
CNP,DU3053535,10553,,43,1.79769313486232E+308,LMT,SELL,0,27.21,28.21,,1.79769313486232E+308,True,GTC,,
BKR,DU3053535,10550,,43,1.79769313486232E+308,LMT,SELL,0,28.19,29.19,,1.79769313486232E+308,True,GTC,,
BKR,DU3053535,10551,,43,1.79769313486232E+308,TRAIL LIMIT,SELL,1.69,0,21.42,,-10.71,True,GTC,,
WSC,DU3053535,10556,,42,1.79769313486232E+308,LMT,SELL,0,27.46,28.46,,1.79769313486232E+308,True,GTC,,
WSC,DU3053535,10557,,42,1.79769313486232E+308,TRAIL LIMIT,SELL,1.29,0,22.31,,-11.16,True,GTC,,
CNP,DU3053535,10554,,43,1.79769313486232E+308,TRAIL LIMIT,SELL,1.42,0,21.51,,-10.75,True,GTC,,
WSC,DU3053535,10555,,42,1.79769313486232E+308,LMT,BUY,0,24.07,25.07,,1.79769313486232E+308,True,GTC,,,20201229 09:30:00 EST, 430976304≥+23.59, 430976304≥+880091,margin ≥+20
BUSE,DU3053535,10544,,44,1.79769313486232E+308,LMT,SELL,0,25.89,26.89,,1.79769313486232E+308,True,GTC,,
BUSE,DU3053535,10545,,44,1.79769313486232E+308,TRAIL LIMIT,SELL,1.13,0,21.38,,-10.69,True,GTC,,
GTS,DU3053535,10542,,43,1.79769313486232E+308,TRAIL LIMIT,SELL,1.48,0,21.54,,-10.77,True,GTC,,
BUSE,DU3053535,10543,,44,1.79769313486232E+308,LMT,BUY,0,22.96,23.96,,1.79769313486232E+308,True,GTC,,,20201229 09:30:00 EST, 205921718≥+22.51, 205921718≥+111873,margin ≥+20
BP,DU3053535,10548,,42,1.79769313486232E+308,TRAIL LIMIT,SELL,1.82,0,21.47,,-10.74,True,GTC,,
BKR,DU3053535,10549,,43,1.79769313486232E+308,LMT,BUY,0,23.57,24.57,,1.79769313486232E+308,True,GTC,,,20201229 09:30:00 EST, 281316445≥+23.11, 281316445≥+1135855,margin ≥+20
BP,DU3053535,10546,,42,1.79769313486232E+308,LMT,BUY,0,23.76,24.76,,1.79769313486232E+308,True,GTC,,,20201229 09:30:00 EST, 5171≥+23.29, 5171≥+1736873,margin ≥+20
BP,DU3053535,10547,,42,1.79769313486232E+308,LMT,SELL,0,28.77,29.77,,1.79769313486232E+308,True,GTC,,
EQBK,DU3053535,10504,,43,1.79769313486232E+308,LMT,BUY,0,23.36,24.36,,1.79769313486232E+308,True,GTC,,,20201229 09:30:00 EST, 212212695≥+22.9, 212212695≥+25873,margin ≥+20
EQBK,DU3053535,10505,,43,1.79769313486232E+308,LMT,SELL,0,28.43,29.43,,1.79769313486232E+308,True,GTC,,
ELF,DU3053535,10502,,41,1.79769313486232E+308,LMT,SELL,0,28.42,29.42,,1.79769313486232E+308,True,GTC,,
ELF,DU3053535,10503,,41,1.79769313486232E+308,TRAIL LIMIT,SELL,1.51,0,22.36,,-11.18,True,GTC,,
SFNC,DU3053535,10508,,44,1.79769313486232E+308,LMT,SELL,0,26.03,27.03,,1.79769313486232E+308,True,GTC,,
SFNC,DU3053535,10509,,44,1.79769313486232E+308,TRAIL LIMIT,SELL,1.24,0,21.07,,-10.53,True,GTC,,
EQBK,DU3053535,10506,,43,1.79769313486232E+308,TRAIL LIMIT,SELL,1.84,0,21.06,,-10.53,True,GTC,,
SFNC,DU3053535,10507,,44,1.79769313486232E+308,LMT,BUY,0,22.76,23.76,,1.79769313486232E+308,True,GTC,,,20201229 09:30:00 EST, 274268≥+22.31, 274268≥+312527,margin ≥+20
EPRT,DU3053535,10496,,44,1.79769313486232E+308,LMT,SELL,0,27.3,28.3,,1.79769313486232E+308,True,GTC,,
EPRT,DU3053535,10497,,44,1.79769313486232E+308,TRAIL LIMIT,SELL,1.6,0,20.89,,-10.44,True,GTC,,
SATS,DU3053535,10494,,43,1.79769313486232E+308,TRAIL LIMIT,SELL,1.85,0,21.02,,-10.51,True,GTC,,
EPRT,DU3053535,10495,,44,1.79769313486232E+308,LMT,BUY,0,22.94,23.94,,1.79769313486232E+308,True,GTC,,,20201229 09:30:00 EST, 322317091≥+22.49, 322317091≥+745109,margin ≥+20
IYE,DU3053535,10500,,45,1.79769313486232E+308,TRAIL LIMIT,SELL,1.34,0,20.74,,-10.37,True,GTC,,
ELF,DU3053535,10501,,41,1.79769313486232E+308,LMT,BUY,0,24.35,25.35,,1.79769313486232E+308,True,GTC,,,20201229 09:30:00 EST, 248682005≥+23.88, 248682005≥+213327,margin ≥+20
IYE,DU3053535,10498,,45,1.79769313486232E+308,LMT,BUY,0,22.52,23.52,,1.79769313486232E+308,True,GTC,,,20201229 09:30:00 EST, 10190340≥+22.08, 10190340≥+69473,margin ≥+20
IYE,DU3053535,10499,,45,1.79769313486232E+308,LMT,SELL,0,26.09,27.09,,1.79769313486232E+308,True,GTC,,
ULH,DU3053535,10520,,43,1.79769313486232E+308,LMT,SELL,0,28.32,29.32,,1.79769313486232E+308,True,GTC,,
ULH,DU3053535,10521,,43,1.79769313486232E+308,TRAIL LIMIT,SELL,1.73,0,21.41,,-10.7,True,GTC,,
E,DU3053535,10518,,45,1.79769313486232E+308,TRAIL LIMIT,SELL,1.14,0,20.93,,-10.47,True,GTC,,
ULH,DU3053535,10519,,43,1.79769313486232E+308,LMT,BUY,0,23.6,24.6,,1.79769313486232E+308,True,GTC,,,20201229 09:30:00 EST, 33202307≥+23.14, 33202307≥+31509,margin ≥+20
CCNE,DU3053535,10524,,43,1.79769313486232E+308,TRAIL LIMIT,SELL,1.94,0,21.05,,-10.53,True,GTC,,
EWS,DU3053535,10525,,45,1.79769313486232E+308,LMT,BUY,0,22.39,23.39,,1.79769313486232E+308,True,GTC,,,20201229 09:30:00 EST, 253190515≥+21.95, 253190515≥+35000,margin ≥+20
CCNE,DU3053535,10522,,43,1.79769313486232E+308,LMT,BUY,0,23.45,24.45,,1.79769313486232E+308,True,GTC,,,20201229 09:30:00 EST, 4727775≥+22.99, 4727775≥+23509,margin ≥+20
CCNE,DU3053535,10523,,43,1.79769313486232E+308,LMT,SELL,0,28.81,29.81,,1.79769313486232E+308,True,GTC,,
MPW,DU3053535,10512,,44,1.79769313486232E+308,TRAIL LIMIT,SELL,1.02,0,21.3,,-10.65,True,GTC,,
BFST,DU3053535,10513,,44,1.79769313486232E+308,LMT,BUY,0,22.73,23.73,,1.79769313486232E+308,True,GTC,,,20201229 09:30:00 EST, 313494192≥+22.28, 313494192≥+21764,margin ≥+20
MPW,DU3053535,10510,,44,1.79769313486232E+308,LMT,BUY,0,22.77,23.77,,1.79769313486232E+308,True,GTC,,,20201229 09:30:00 EST, 35111040≥+22.32, 35111040≥+1824364,margin ≥+20
MPW,DU3053535,10511,,44,1.79769313486232E+308,LMT,SELL,0,25.39,26.39,,1.79769313486232E+308,True,GTC,,
E,DU3053535,10516,,45,1.79769313486232E+308,LMT,BUY,0,22.51,23.51,,1.79769313486232E+308,True,GTC,,,20201229 09:30:00 EST, 2007205≥+22.07, 2007205≥+23018,margin ≥+20
E,DU3053535,10517,,45,1.79769313486232E+308,LMT,SELL,0,25.47,26.47,,1.79769313486232E+308,True,GTC,,
BFST,DU3053535,10514,,44,1.79769313486232E+308,LMT,SELL,0,26.88,27.88,,1.79769313486232E+308,True,GTC,,
BFST,DU3053535,10515,,44,1.79769313486232E+308,TRAIL LIMIT,SELL,1.53,0,20.75,,-10.37,True,GTC,,
GPS,DU3053535,10472,,45,1.79769313486232E+308,LMT,SELL,0,27.51,28.51,,1.79769313486232E+308,True,GTC,,
GPS,DU3053535,10473,,45,1.79769313486232E+308,TRAIL LIMIT,SELL,1.77,0,20.43,,-10.22,True,GTC,,
GFF,DU3053535,10476,,46,1.79769313486232E+308,TRAIL LIMIT,SELL,1.33,0,20.22,,-10.11,True,GTC,,
LEVI,DU3053535,10477,,44,1.79769313486232E+308,LMT,BUY,0,22.74,23.74,,1.79769313486232E+308,True,GTC,,,20201229 09:30:00 EST, 358053635≥+22.29, 358053635≥+286691,margin ≥+20
GFF,DU3053535,10474,,46,1.79769313486232E+308,LMT,BUY,0,21.99,22.99,,1.79769313486232E+308,True,GTC,,,20201229 09:30:00 EST, 611152≥+21.55, 611152≥+336055,margin ≥+20
GFF,DU3053535,10475,,46,1.79769313486232E+308,LMT,SELL,0,25.55,26.55,,1.79769313486232E+308,True,GTC,,
LORL,DU3053535,10466,,43,1.79769313486232E+308,LMT,SELL,0,29.45,30.45,,1.79769313486232E+308,True,GTC,,
LORL,DU3053535,10467,,43,1.79769313486232E+308,TRAIL LIMIT,SELL,2.12,0,20.95,,-10.47,True,GTC,,
UTZ,DU3053535,10464,,42,1.79769313486232E+308,TRAIL LIMIT,SELL,2.13,0,21.43,,-10.72,True,GTC,,
LORL,DU3053535,10465,,43,1.79769313486232E+308,LMT,BUY,0,23.54,24.54,,1.79769313486232E+308,True,GTC,,,20201229 09:30:00 EST, 35370111≥+23.08, 35370111≥+26564,margin ≥+20
EXEL,DU3053535,10470,,45,1.79769313486232E+308,TRAIL LIMIT,SELL,1.79,0,20.27,,-10.14,True,GTC,,
GPS,DU3053535,10471,,45,1.79769313486232E+308,LMT,BUY,0,22.64,23.64,,1.79769313486232E+308,True,GTC,,,20201229 09:30:00 EST, 7765≥+22.2, 7765≥+2079000,margin ≥+20
EXEL,DU3053535,10468,,45,1.79769313486232E+308,LMT,BUY,0,22.5,23.5,,1.79769313486232E+308,True,GTC,,,20201229 09:30:00 EST, 8088389≥+22.06, 8088389≥+1044982,margin ≥+20
EXEL,DU3053535,10469,,45,1.79769313486232E+308,LMT,SELL,0,27.43,28.43,,1.79769313486232E+308,True,GTC,,
CNOB,DU3053535,10488,,46,1.79769313486232E+308,TRAIL LIMIT,SELL,1.41,0,20.04,,-10.02,True,GTC,,
ZGNX,DU3053535,10489,,45,1.79769313486232E+308,LMT,BUY,0,22.64,23.64,,1.79769313486232E+308,True,GTC,,,20201229 09:30:00 EST, 198740963≥+22.19, 198740963≥+184691,margin ≥+20
CNOB,DU3053535,10486,,46,1.79769313486232E+308,LMT,BUY,0,21.88,22.88,,1.79769313486232E+308,True,GTC,,,20201229 09:30:00 EST, 159120379≥+21.45, 159120379≥+57982,margin ≥+20
CNOB,DU3053535,10487,,46,1.79769313486232E+308,LMT,SELL,0,25.68,26.68,,1.79769313486232E+308,True,GTC,,
SATS,DU3053535,10492,,43,1.79769313486232E+308,LMT,BUY,0,23.33,24.33,,1.79769313486232E+308,True,GTC,,,20201229 09:30:00 EST, 47965865≥+22.87, 47965865≥+186164,margin ≥+20
SATS,DU3053535,10493,,43,1.79769313486232E+308,LMT,SELL,0,28.43,29.43,,1.79769313486232E+308,True,GTC,,
ZGNX,DU3053535,10490,,45,1.79769313486232E+308,LMT,SELL,0,27.82,28.82,,1.79769313486232E+308,True,GTC,,
ZGNX,DU3053535,10491,,45,1.79769313486232E+308,TRAIL LIMIT,SELL,1.88,0,20.32,,-10.16,True,GTC,,
OSPN,DU3053535,10480,,43,1.79769313486232E+308,LMT,BUY,0,23.32,24.32,,1.79769313486232E+308,True,GTC,,,20201229 09:30:00 EST, 320228884≥+22.86, 320228884≥+150855,margin ≥+20
OSPN,DU3053535,10481,,43,1.79769313486232E+308,LMT,SELL,0,28.26,29.26,,1.79769313486232E+308,True,GTC,,
LEVI,DU3053535,10478,,44,1.79769313486232E+308,LMT,SELL,0,26.39,27.39,,1.79769313486232E+308,True,GTC,,
LEVI,DU3053535,10479,,44,1.79769313486232E+308,TRAIL LIMIT,SELL,1.37,0,20.93,,-10.47,True,GTC,,
ESCA,DU3053535,10484,,43,1.79769313486232E+308,LMT,SELL,0,28.94,29.94,,1.79769313486232E+308,True,GTC,,
ESCA,DU3053535,10485,,43,1.79769313486232E+308,TRAIL LIMIT,SELL,1.94,0,21.18,,-10.59,True,GTC,,
OSPN,DU3053535,10482,,43,1.79769313486232E+308,TRAIL LIMIT,SELL,1.8,0,21.07,,-10.54,True,GTC,,
ESCA,DU3053535,10483,,43,1.79769313486232E+308,LMT,BUY,0,23.58,24.58,,1.79769313486232E+308,True,GTC,,,20201229 09:30:00 EST, 269001≥+23.12, 269001≥+27073,margin ≥+20
NWL,DU3053535,10439,,45,1.79769313486232E+308,LMT,SELL,0,25.3,26.3,,1.79769313486232E+308,True,GTC,,
NWL,DU3053535,10440,,45,1.79769313486232E+308,TRAIL LIMIT,SELL,1.17,0,20.64,,-10.32,True,GTC,,
SFM,DU3053535,10437,,47,1.79769313486232E+308,TRAIL LIMIT,SELL,1.17,0,20.11,,-10.06,True,GTC,,
NWL,DU3053535,10438,,45,1.79769313486232E+308,LMT,BUY,0,22.24,23.24,,1.79769313486232E+308,True,GTC,,,20201229 09:30:00 EST, 10627≥+21.8, 10627≥+1755564,margin ≥+20
TITN,DU3053535,10443,,48,1.79769313486232E+308,TRAIL LIMIT,SELL,1.29,0,19.24,,-9.62,True,GTC,,
CZNC,DU3053535,10444,,47,1.79769313486232E+308,LMT,BUY,0,21.31,22.31,,1.79769313486232E+308,True,GTC,,,20201229 09:30:00 EST, 30210114≥+20.89, 30210114≥+22327,margin ≥+20
TITN,DU3053535,10441,,48,1.79769313486232E+308,LMT,BUY,0,20.94,21.94,,1.79769313486232E+308,True,GTC,,,20201229 09:30:00 EST, 47512782≥+20.53, 47512782≥+40327,margin ≥+20
TITN,DU3053535,10442,,48,1.79769313486232E+308,LMT,SELL,0,24.39,25.39,,1.79769313486232E+308,True,GTC,,
VSH,DU3053535,10431,,47,1.79769313486232E+308,TRAIL LIMIT,SELL,1,0,19.98,,-9.99,True,GTC,,
XPER,DU3053535,10432,,46,1.79769313486232E+308,LMT,BUY,0,21.84,22.84,,1.79769313486232E+308,True,GTC,,,20201229 09:30:00 EST, 424895937≥+21.42, 424895937≥+475582,margin ≥+20
VSH,DU3053535,10429,,47,1.79769313486232E+308,LMT,BUY,0,21.39,22.39,,1.79769313486232E+308,True,GTC,,,20201229 09:30:00 EST, 13591≥+20.97, 13591≥+405909,margin ≥+20
VSH,DU3053535,10430,,47,1.79769313486232E+308,LMT,SELL,0,23.97,24.97,,1.79769313486232E+308,True,GTC,,
SFM,DU3053535,10435,,47,1.79769313486232E+308,LMT,BUY,0,21.7,22.7,,1.79769313486232E+308,True,GTC,,,20201229 09:30:00 EST, 132310192≥+21.27, 132310192≥+449564,margin ≥+20
SFM,DU3053535,10436,,47,1.79769313486232E+308,LMT,SELL,0,24.77,25.77,,1.79769313486232E+308,True,GTC,,
XPER,DU3053535,10433,,46,1.79769313486232E+308,LMT,SELL,0,25.54,26.54,,1.79769313486232E+308,True,GTC,,
XPER,DU3053535,10434,,46,1.79769313486232E+308,TRAIL LIMIT,SELL,1.37,0,20.04,,-10.02,True,GTC,,
QNST,DU3053535,10458,,43,1.79769313486232E+308,TRAIL LIMIT,SELL,1.56,0,21.46,,-10.73,True,GTC,,
PS,DU3053535,10459,,45,1.79769313486232E+308,LMT,BUY,0,22.27,23.27,,1.79769313486232E+308,True,GTC,,,20201229 09:30:00 EST, 317958695≥+21.83, 317958695≥+2391255,margin ≥+20
QNST,DU3053535,10456,,43,1.79769313486232E+308,LMT,BUY,0,23.48,24.48,,1.79769313486232E+308,True,GTC,,,20201229 09:30:00 EST, 72528894≥+23.02, 72528894≥+110073,margin ≥+20
QNST,DU3053535,10457,,43,1.79769313486232E+308,LMT,SELL,0,27.71,28.71,,1.79769313486232E+308,True,GTC,,
UTZ,DU3053535,10462,,42,1.79769313486232E+308,LMT,BUY,0,24.03,25.03,,1.79769313486232E+308,True,GTC,,,20201229 09:30:00 EST, 442704160≥+23.56, 442704160≥+467891,margin ≥+20
UTZ,DU3053535,10463,,42,1.79769313486232E+308,LMT,SELL,0,29.95,30.95,,1.79769313486232E+308,True,GTC,,
PS,DU3053535,10460,,45,1.79769313486232E+308,LMT,SELL,0,26.36,27.36,,1.79769313486232E+308,True,GTC,,
PS,DU3053535,10461,,45,1.79769313486232E+308,TRAIL LIMIT,SELL,1.51,0,20.32,,-10.16,True,GTC,,
ASIX,DU3053535,10447,,46,1.79769313486232E+308,LMT,BUY,0,21.95,22.95,,1.79769313486232E+308,True,GTC,,,20201229 09:30:00 EST, 247571042≥+21.52, 247571042≥+73400,margin ≥+20
ASIX,DU3053535,10448,,46,1.79769313486232E+308,LMT,SELL,0,26.42,27.42,,1.79769313486232E+308,True,GTC,,
CZNC,DU3053535,10445,,47,1.79769313486232E+308,LMT,SELL,0,24.54,25.54,,1.79769313486232E+308,True,GTC,,
CZNC,DU3053535,10446,,47,1.79769313486232E+308,TRAIL LIMIT,SELL,1.22,0,19.68,,-9.84,True,GTC,,
SNDR,DU3053535,10454,,46,1.79769313486232E+308,LMT,SELL,0,24.5,25.5,,1.79769313486232E+308,True,GTC,,
SNDR,DU3053535,10455,,46,1.79769313486232E+308,TRAIL LIMIT,SELL,0.96,0,20.66,,-10.33,True,GTC,,
ASIX,DU3053535,10449,,46,1.79769313486232E+308,TRAIL LIMIT,SELL,1.63,0,19.88,,-9.94,True,GTC,,
SNDR,DU3053535,10453,,46,1.79769313486232E+308,LMT,BUY,0,22.05,23.05,,1.79769313486232E+308,True,GTC,,,20201229 09:30:00 EST, 271857752≥+21.62, 271857752≥+319000,margin ≥+20
ETH,DU3053535,10407,,47,1.79769313486232E+308,TRAIL LIMIT,SELL,1.73,0,19.38,,-9.69,True,GTC,,
OPRT,DU3053535,10408,,48,1.79769313486232E+308,LMT,BUY,0,21.11,22.11,,1.79769313486232E+308,True,GTC,,,20201229 09:30:00 EST, 384944204≥+20.7, 384944204≥+28436,margin ≥+20
ETH,DU3053535,10405,,47,1.79769313486232E+308,LMT,BUY,0,21.53,22.53,,1.79769313486232E+308,True,GTC,,,20201229 09:30:00 EST, 6957≥+21.11, 6957≥+84164,margin ≥+20
ETH,DU3053535,10406,,47,1.79769313486232E+308,LMT,SELL,0,26.29,27.29,,1.79769313486232E+308,True,GTC,,
GDEN,DU3053535,10411,,47,1.79769313486232E+308,LMT,BUY,0,21.66,22.66,,1.79769313486232E+308,True,GTC,,,20201229 09:30:00 EST, 202072718≥+21.24, 202072718≥+26200,margin ≥+20
GDEN,DU3053535,10412,,47,1.79769313486232E+308,LMT,SELL,0,26.69,27.69,,1.79769313486232E+308,True,GTC,,
OPRT,DU3053535,10409,,48,1.79769313486232E+308,LMT,SELL,0,25.86,26.86,,1.79769313486232E+308,True,GTC,,
OPRT,DU3053535,10410,,48,1.79769313486232E+308,TRAIL LIMIT,SELL,1.72,0,18.98,,-9.49,True,GTC,,
IBCP,DU3053535,10399,,50,1.79769313486232E+308,LMT,BUY,0,20.02,21.02,,1.79769313486232E+308,True,GTC,,,20201229 09:30:00 EST, 78596788≥+19.63, 78596788≥+43927,margin ≥+20
IBCP,DU3053535,10400,,50,1.79769313486232E+308,LMT,SELL,0,22.95,23.95,,1.79769313486232E+308,True,GTC,,
IBCP,DU3053535,10401,,50,1.79769313486232E+308,TRAIL LIMIT,SELL,1.11,0,18.52,,-9.26,True,GTC,,
FFWM,DU3053535,10423,,47,1.79769313486232E+308,LMT,BUY,0,21.33,22.33,,1.79769313486232E+308,True,GTC,,,20201229 09:30:00 EST, 172611120≥+20.92, 172611120≥+55891,margin ≥+20
FFWM,DU3053535,10424,,47,1.79769313486232E+308,LMT,SELL,0,24.69,25.69,,1.79769313486232E+308,True,GTC,,
PHB,DU3053535,10421,,51,1.79769313486232E+308,LMT,SELL,0,19.91,20.91,,1.79769313486232E+308,True,GTC,,
PHB,DU3053535,10422,,51,1.79769313486232E+308,TRAIL LIMIT,SELL,0.14,0,19.33,,-9.66,True,GTC,,
FOR,DU3053535,10427,,46,1.79769313486232E+308,LMT,SELL,0,25.65,26.65,,1.79769313486232E+308,True,GTC,,
FOR,DU3053535,10428,,46,1.79769313486232E+308,TRAIL LIMIT,SELL,1.36,0,20.22,,-10.11,True,GTC,,
FFWM,DU3053535,10425,,47,1.79769313486232E+308,TRAIL LIMIT,SELL,1.26,0,19.66,,-9.83,True,GTC,,
FOR,DU3053535,10426,,46,1.79769313486232E+308,LMT,BUY,0,22.01,23.01,,1.79769313486232E+308,True,GTC,,,20201229 09:30:00 EST, 290000402≥+21.58, 290000402≥+36364,margin ≥+20
HTBI,DU3053535,10415,,49,1.79769313486232E+308,LMT,SELL,0,24.06,25.06,,1.79769313486232E+308,True,GTC,,
HTBI,DU3053535,10416,,49,1.79769313486232E+308,TRAIL LIMIT,SELL,1.24,0,19.11,,-9.55,True,GTC,,
GDEN,DU3053535,10413,,47,1.79769313486232E+308,TRAIL LIMIT,SELL,1.82,0,19.42,,-9.71,True,GTC,,
HTBI,DU3053535,10414,,49,1.79769313486232E+308,LMT,BUY,0,20.76,21.76,,1.79769313486232E+308,True,GTC,,,20201229 09:30:00 EST, 110418094≥+20.35, 110418094≥+28982,margin ≥+20
PGTI,DU3053535,10419,,46,1.79769313486232E+308,TRAIL LIMIT,SELL,1.24,0,20.21,,-10.1,True,GTC,,
PHB,DU3053535,10420,,51,1.79769313486232E+308,LMT,BUY,0,19.87,20.87,,1.79769313486232E+308,True,GTC,,,20201229 09:30:00 EST, 319356966≥+19.48, 319356966≥+754745,margin ≥+20
PGTI,DU3053535,10417,,46,1.79769313486232E+308,LMT,BUY,0,21.88,22.88,,1.79769313486232E+308,True,GTC,,,20201229 09:30:00 EST, 39654885≥+21.46, 39654885≥+385527,margin ≥+20
PGTI,DU3053535,10418,,46,1.79769313486232E+308,LMT,SELL,0,25.18,26.18,,1.79769313486232E+308,True,GTC,,
FLIC,DU3053535,10375,,52,1.79769313486232E+308,LMT,BUY,0,19.5,20.5,,1.79769313486232E+308,True,GTC,,,20201229 09:30:00 EST, 269341≥+19.12, 269341≥+33673,margin ≥+20
FLIC,DU3053535,10376,,52,1.79769313486232E+308,LMT,SELL,0,22.6,23.6,,1.79769313486232E+308,True,GTC,,
TMDX,DU3053535,10373,,50,1.79769313486232E+308,LMT,SELL,0,24.65,25.65,,1.79769313486232E+308,True,GTC,,
TMDX,DU3053535,10374,,50,1.79769313486232E+308,TRAIL LIMIT,SELL,1.68,0,17.93,,-8.96,True,GTC,,
FLIC,DU3053535,10377,,52,1.79769313486232E+308,TRAIL LIMIT,SELL,1.16,0,17.95,,-8.97,True,GTC,,
ARD,DU3053535,10367,,53,1.79769313486232E+308,LMT,SELL,0,22.12,23.12,,1.79769313486232E+308,True,GTC,,
ARD,DU3053535,10368,,53,1.79769313486232E+308,TRAIL LIMIT,SELL,1.16,0,17.49,,-8.75,True,GTC,,
OFG,DU3053535,10365,,53,1.79769313486232E+308,TRAIL LIMIT,SELL,1.16,0,17.67,,-8.84,True,GTC,,
ARD,DU3053535,10366,,53,1.79769313486232E+308,LMT,BUY,0,19.02,20.02,,1.79769313486232E+308,True,GTC,,,20201229 09:30:00 EST, 269515669≥+18.65, 269515669≥+23255,margin ≥+20
MSBI,DU3053535,10371,,53,1.79769313486232E+308,TRAIL LIMIT,SELL,1.28,0,17.56,,-8.78,True,GTC,,
TMDX,DU3053535,10372,,50,1.79769313486232E+308,LMT,BUY,0,20,21,,1.79769313486232E+308,True,GTC,,,20201229 09:30:00 EST, 364036140≥+19.61, 364036140≥+29982,margin ≥+20
MSBI,DU3053535,10369,,53,1.79769313486232E+308,LMT,BUY,0,19.22,20.22,,1.79769313486232E+308,True,GTC,,,20201229 09:30:00 EST, 234662854≥+18.84, 234662854≥+32909,margin ≥+20
MSBI,DU3053535,10370,,53,1.79769313486232E+308,LMT,SELL,0,22.68,23.68,,1.79769313486232E+308,True,GTC,,
AAAU,DU3053535,10391,,52,1.79769313486232E+308,LMT,SELL,0,20.27,21.27,,1.79769313486232E+308,True,GTC,,
AAAU,DU3053535,10392,,52,1.79769313486232E+308,TRAIL LIMIT,SELL,0.43,0,18.57,,-9.29,True,GTC,,
GLDM,DU3053535,10389,,52,1.79769313486232E+308,TRAIL LIMIT,SELL,0.48,0,18.58,,-9.29,True,GTC,,
AAAU,DU3053535,10390,,52,1.79769313486232E+308,LMT,BUY,0,19.38,20.38,,1.79769313486232E+308,True,GTC,,,20201229 09:30:00 EST, 458886642≥+19, 458886642≥+36145,margin ≥+20
ITRN,DU3053535,10395,,50,1.79769313486232E+308,TRAIL LIMIT,SELL,1.34,0,18.55,,-9.27,True,GTC,,
ITRN,DU3053535,10393,,50,1.79769313486232E+308,LMT,BUY,0,20.29,21.29,,1.79769313486232E+308,True,GTC,,,20201229 09:30:00 EST, 36237954≥+19.89, 36237954≥+21818,margin ≥+20
ITRN,DU3053535,10394,,50,1.79769313486232E+308,LMT,SELL,0,23.9,24.9,,1.79769313486232E+308,True,GTC,,
WSBF,DU3053535,10383,,52,1.79769313486232E+308,TRAIL LIMIT,SELL,0.83,0,18.32,,-9.16,True,GTC,,
SA,DU3053535,10384,,46,1.79769313486232E+308,LMT,BUY,0,22.15,23.15,,1.79769313486232E+308,True,GTC,,,20201229 09:30:00 EST, 28712051≥+21.72, 28712051≥+23927,margin ≥+20
WSBF,DU3053535,10381,,52,1.79769313486232E+308,LMT,BUY,0,19.53,20.53,,1.79769313486232E+308,True,GTC,,,20201229 09:30:00 EST, 142893880≥+19.15, 142893880≥+56073,margin ≥+20
WSBF,DU3053535,10382,,52,1.79769313486232E+308,LMT,SELL,0,21.63,22.63,,1.79769313486232E+308,True,GTC,,
GLDM,DU3053535,10387,,52,1.79769313486232E+308,LMT,BUY,0,19.44,20.44,,1.79769313486232E+308,True,GTC,,,20201229 09:30:00 EST, 323612136≥+19.06, 323612136≥+217091,margin ≥+20
GLDM,DU3053535,10388,,52,1.79769313486232E+308,LMT,SELL,0,20.5,21.5,,1.79769313486232E+308,True,GTC,,
SA,DU3053535,10385,,46,1.79769313486232E+308,LMT,SELL,0,27.56,28.56,,1.79769313486232E+308,True,GTC,,
SA,DU3053535,10386,,46,1.79769313486232E+308,TRAIL LIMIT,SELL,1.95,0,19.77,,-9.88,True,GTC,,
AMSWA,DU3053535,10343,,56,1.79769313486232E+308,LMT,SELL,0,20.94,21.94,,1.79769313486232E+308,True,GTC,,
AMSWA,DU3053535,10344,,56,1.79769313486232E+308,TRAIL LIMIT,SELL,1.11,0,16.49,,-8.25,True,GTC,,
AMSWA,DU3053535,10342,,56,1.79769313486232E+308,LMT,BUY,0,17.95,18.95,,1.79769313486232E+308,True,GTC,,,20201229 09:30:00 EST, 266183≥+17.6, 266183≥+59836,margin ≥+20
TSC,DU3053535,10347,,54,1.79769313486232E+308,TRAIL LIMIT,SELL,1.6,0,16.74,,-8.37,True,GTC,,
YOLO,DU3053535,10348,,54,1.79769313486232E+308,LMT,BUY,0,18.79,19.79,,1.79769313486232E+308,True,GTC,,,20201229 09:30:00 EST, 361208023≥+18.43, 361208023≥+20455,margin ≥+20
TSC,DU3053535,10345,,54,1.79769313486232E+308,LMT,BUY,0,18.71,19.71,,1.79769313486232E+308,True,GTC,,,20201229 09:30:00 EST, 127317549≥+18.34, 127317549≥+48109,margin ≥+20
TSC,DU3053535,10346,,54,1.79769313486232E+308,LMT,SELL,0,23.13,24.13,,1.79769313486232E+308,True,GTC,,
BY,DU3053535,10335,,59,1.79769313486232E+308,TRAIL LIMIT,SELL,0.92,0,15.87,,-7.93,True,GTC,,
BY,DU3053535,10333,,59,1.79769313486232E+308,LMT,BUY,0,17.13,18.13,,1.79769313486232E+308,True,GTC,,,20201229 09:30:00 EST, 280739314≥+16.8, 280739314≥+31255,margin ≥+20
BY,DU3053535,10334,,59,1.79769313486232E+308,LMT,SELL,0,19.57,20.57,,1.79769313486232E+308,True,GTC,,
EUFN,DU3053535,10359,,55,1.79769313486232E+308,TRAIL LIMIT,SELL,0.61,0,17.42,,-8.71,True,GTC,,
IAU,DU3053535,10360,,54,1.79769313486232E+308,LMT,BUY,0,18.62,19.62,,1.79769313486232E+308,True,GTC,,,20201229 09:30:00 EST, 32237620≥+18.25, 32237620≥+26662618,margin ≥+20
EUFN,DU3053535,10357,,55,1.79769313486232E+308,LMT,BUY,0,18.39,19.39,,1.79769313486232E+308,True,GTC,,,20201229 09:30:00 EST, 72086400≥+18.03, 72086400≥+108036,margin ≥+20
EUFN,DU3053535,10358,,55,1.79769313486232E+308,LMT,SELL,0,19.87,20.87,,1.79769313486232E+308,True,GTC,,
OFG,DU3053535,10363,,53,1.79769313486232E+308,LMT,BUY,0,19.2,20.2,,1.79769313486232E+308,True,GTC,,,20201229 09:30:00 EST, 126533174≥+18.82, 126533174≥+160945,margin ≥+20
OFG,DU3053535,10364,,53,1.79769313486232E+308,LMT,SELL,0,22.29,23.29,,1.79769313486232E+308,True,GTC,,
IAU,DU3053535,10361,,54,1.79769313486232E+308,LMT,SELL,0,19.65,20.65,,1.79769313486232E+308,True,GTC,,
IAU,DU3053535,10362,,54,1.79769313486232E+308,TRAIL LIMIT,SELL,0.47,0,17.78,,-8.89,True,GTC,,
AMEH,DU3053535,10351,,53,1.79769313486232E+308,LMT,BUY,0,19.16,20.16,,1.79769313486232E+308,True,GTC,,,20201229 09:30:00 EST, 192148976≥+18.79, 192148976≥+36036,margin ≥+20
AMEH,DU3053535,10352,,53,1.79769313486232E+308,LMT,SELL,0,22.28,23.28,,1.79769313486232E+308,True,GTC,,
YOLO,DU3053535,10349,,54,1.79769313486232E+308,LMT,SELL,0,22.79,23.79,,1.79769313486232E+308,True,GTC,,
YOLO,DU3053535,10350,,54,1.79769313486232E+308,TRAIL LIMIT,SELL,1.45,0,16.97,,-8.48,True,GTC,,
CAPL,DU3053535,10355,,54,1.79769313486232E+308,LMT,SELL,0,21.46,22.46,,1.79769313486232E+308,True,GTC,,
CAPL,DU3053535,10356,,54,1.79769313486232E+308,TRAIL LIMIT,SELL,1.04,0,17.29,,-8.64,True,GTC,,
AMEH,DU3053535,10353,,53,1.79769313486232E+308,TRAIL LIMIT,SELL,1.16,0,17.62,,-8.81,True,GTC,,
CAPL,DU3053535,10354,,54,1.79769313486232E+308,LMT,BUY,0,18.7,19.7,,1.79769313486232E+308,True,GTC,,,20201229 09:30:00 EST, 169342119≥+18.34, 169342119≥+39927,margin ≥+20
SKM,DU3053535,10829,,39,1.79769313486232E+308,LMT,SELL,0,27.71,28.71,,1.79769313486232E+308,True,GTC,,
SKM,DU3053535,10830,,39,1.79769313486232E+308,TRAIL LIMIT,SELL,0.73,0,24.79,,-12.39,True,GTC,,
BATRA,DU3053535,10827,,37,1.79769313486232E+308,TRAIL LIMIT,SELL,1.65,0,25.32,,-12.66,True,GTC,,
SKM,DU3053535,10828,,39,1.79769313486232E+308,LMT,BUY,0,26.03,27.03,,1.79769313486232E+308,True,GTC,,,20201229 09:30:00 EST, 2730929≥+25.52, 2730929≥+139800,margin ≥+20
VIPS,DU3053535,10833,,36,1.79769313486232E+308,TRAIL LIMIT,SELL,2.43,0,25.32,,-12.66,True,GTC,,
MCFT,DU3053535,10837,,35,1.79769313486232E+308,LMT,BUY,0,28.59,29.59,,1.79769313486232E+308,True,GTC,,,20201229 09:30:00 EST, 342701470≥+28.03, 342701470≥+32036,margin ≥+20
VIPS,DU3053535,10831,,36,1.79769313486232E+308,LMT,BUY,0,28.3,29.3,,1.79769313486232E+308,True,GTC,,,20201229 09:30:00 EST, 104863799≥+27.74, 104863799≥+4919927,margin ≥+20
VIPS,DU3053535,10832,,36,1.79769313486232E+308,LMT,SELL,0,35.03,36.03,,1.79769313486232E+308,True,GTC,,
RRR,DU3053535,10821,,36,1.79769313486232E+308,TRAIL LIMIT,SELL,2.37,0,24.73,,-12.36,True,GTC,,
BDGE,DU3053535,10822,,37,1.79769313486232E+308,LMT,BUY,0,26.93,27.93,,1.79769313486232E+308,True,GTC,,,20201229 09:30:00 EST, 30208426≥+26.41, 30208426≥+30545,margin ≥+20
RRR,DU3053535,10819,,36,1.79769313486232E+308,LMT,BUY,0,27.64,28.64,,1.79769313486232E+308,True,GTC,,,20201229 09:30:00 EST, 231354124≥+27.1, 231354124≥+298400,margin ≥+20
RRR,DU3053535,10820,,36,1.79769313486232E+308,LMT,SELL,0,34.19,35.19,,1.79769313486232E+308,True,GTC,,
BATRA,DU3053535,10825,,37,1.79769313486232E+308,LMT,BUY,0,27.51,28.51,,1.79769313486232E+308,True,GTC,,,20201229 09:30:00 EST, 229709671≥+26.97, 229709671≥+21800,margin ≥+20
BATRA,DU3053535,10826,,37,1.79769313486232E+308,LMT,SELL,0,31.94,32.94,,1.79769313486232E+308,True,GTC,,
BDGE,DU3053535,10823,,37,1.79769313486232E+308,LMT,SELL,0,32.23,33.23,,1.79769313486232E+308,True,GTC,,
BDGE,DU3053535,10824,,37,1.79769313486232E+308,TRAIL LIMIT,SELL,1.94,0,24.46,,-12.23,True,GTC,,
LBTYA,DU3053535,10848,,38,1.79769313486232E+308,TRAIL LIMIT,SELL,1.6,0,24.58,,-12.29,True,GTC,,
PACW,DU3053535,10849,,37,1.79769313486232E+308,LMT,BUY,0,27.38,28.38,,1.79769313486232E+308,True,GTC,,,20201229 09:30:00 EST, 51168608≥+26.84, 51168608≥+494927,margin ≥+20
LBTYA,DU3053535,10846,,38,1.79769313486232E+308,LMT,BUY,0,26.7,27.7,,1.79769313486232E+308,True,GTC,,,20201229 09:30:00 EST, 129050290≥+26.17, 129050290≥+889127,margin ≥+20
LBTYA,DU3053535,10847,,38,1.79769313486232E+308,LMT,SELL,0,30.97,31.97,,1.79769313486232E+308,True,GTC,,
DISCK,DU3053535,10852,,37,1.79769313486232E+308,LMT,BUY,0,27.2,28.2,,1.79769313486232E+308,True,GTC,,,20201229 09:30:00 EST, 53855095≥+26.67, 53855095≥+1258873,margin ≥+20
DISCK,DU3053535,10853,,37,1.79769313486232E+308,LMT,SELL,0,31.71,32.71,,1.79769313486232E+308,True,GTC,,
PACW,DU3053535,10850,,37,1.79769313486232E+308,LMT,SELL,0,32.34,33.34,,1.79769313486232E+308,True,GTC,,
PACW,DU3053535,10851,,37,1.79769313486232E+308,TRAIL LIMIT,SELL,1.83,0,25.01,,-12.5,True,GTC,,
EGOV,DU3053535,10840,,36,1.79769313486232E+308,LMT,BUY,0,27.64,28.64,,1.79769313486232E+308,True,GTC,,,20201229 09:30:00 EST, 5800671≥+27.1, 5800671≥+161091,margin ≥+20
EGOV,DU3053535,10841,,36,1.79769313486232E+308,LMT,SELL,0,31.32,32.32,,1.79769313486232E+308,True,GTC,,
MCFT,DU3053535,10838,,35,1.79769313486232E+308,LMT,SELL,0,35.37,36.37,,1.79769313486232E+308,True,GTC,,
MCFT,DU3053535,10839,,35,1.79769313486232E+308,TRAIL LIMIT,SELL,2.45,0,25.59,,-12.8,True,GTC,,
WDR,DU3053535,10844,,38,1.79769313486232E+308,LMT,SELL,0,28.5,29.5,,1.79769313486232E+308,True,GTC,,
WDR,DU3053535,10845,,38,1.79769313486232E+308,TRAIL LIMIT,SELL,0.83,0,25.2,,-12.6,True,GTC,,
EGOV,DU3053535,10842,,36,1.79769313486232E+308,TRAIL LIMIT,SELL,1.41,0,25.69,,-12.84,True,GTC,,
WDR,DU3053535,10843,,38,1.79769313486232E+308,LMT,BUY,0,26.54,27.54,,1.79769313486232E+308,True,GTC,,,20201229 09:30:00 EST, 6207365≥+26.02, 6207365≥+305036,margin ≥+20
ANDE,DU3053535,10799,,38,1.79769313486232E+308,LMT,SELL,0,32.95,33.95,,1.79769313486232E+308,True,GTC,,
ANDE,DU3053535,10800,,38,1.79769313486232E+308,TRAIL LIMIT,SELL,2.4,0,23.35,,-11.67,True,GTC,,
FCX,DU3053535,10797,,37,1.79769313486232E+308,TRAIL LIMIT,SELL,2.05,0,24.51,,-12.25,True,GTC,,
ANDE,DU3053535,10798,,38,1.79769313486232E+308,LMT,BUY,0,26.27,27.27,,1.79769313486232E+308,True,GTC,,,20201229 09:30:00 EST, 4726335≥+25.75, 4726335≥+109927,margin ≥+20
BUG,DU3053535,10803,,34,1.79769313486232E+308,TRAIL LIMIT,SELL,2.36,0,26.97,,-13.48,True,GTC,,
CBTX,DU3053535,10804,,36,1.79769313486232E+308,LMT,BUY,0,27.64,28.64,,1.79769313486232E+308,True,GTC,,,20201229 09:30:00 EST, 295404120≥+27.1, 295404120≥+27109,margin ≥+20
BUG,DU3053535,10801,,34,1.79769313486232E+308,LMT,BUY,0,29.92,30.92,,1.79769313486232E+308,True,GTC,,,20201229 09:30:00 EST, 389399745≥+29.33, 389399745≥+23400,margin ≥+20
BUG,DU3053535,10802,,34,1.79769313486232E+308,LMT,SELL,0,36.43,37.43,,1.79769313486232E+308,True,GTC,,
BATRK,DU3053535,10790,,37,1.79769313486232E+308,LMT,SELL,0,31.96,32.96,,1.79769313486232E+308,True,GTC,,
BATRK,DU3053535,10791,,37,1.79769313486232E+308,TRAIL LIMIT,SELL,1.73,0,25.06,,-12.53,True,GTC,,
STBA,DU3053535,10788,,38,1.79769313486232E+308,TRAIL LIMIT,SELL,1.71,0,24.06,,-12.03,True,GTC,,
BATRK,DU3053535,10789,,37,1.79769313486232E+308,LMT,BUY,0,27.32,28.32,,1.79769313486232E+308,True,GTC,,,20201229 09:30:00 EST, 229711528≥+26.79, 229711528≥+51818,margin ≥+20
FCX,DU3053535,10795,,37,1.79769313486232E+308,LMT,BUY,0,27.09,28.09,,1.79769313486232E+308,True,GTC,,,20201229 09:30:00 EST, 7089≥+26.56, 7089≥+3483527,margin ≥+20
FCX,DU3053535,10796,,37,1.79769313486232E+308,LMT,SELL,0,32.7,33.7,,1.79769313486232E+308,True,GTC,,
BEN,DU3053535,10815,,38,1.79769313486232E+308,TRAIL LIMIT,SELL,1.42,0,24.77,,-12.39,True,GTC,,
RPAY,DU3053535,10816,,35,1.79769313486232E+308,LMT,BUY,0,28.93,29.93,,1.79769313486232E+308,True,GTC,,,20201229 09:30:00 EST, 374554989≥+28.37, 374554989≥+194764,margin ≥+20
BEN,DU3053535,10813,,38,1.79769313486232E+308,LMT,BUY,0,26.71,27.71,,1.79769313486232E+308,True,GTC,,,20201229 09:30:00 EST, 4906≥+26.19, 4906≥+1512345,margin ≥+20
BEN,DU3053535,10814,,38,1.79769313486232E+308,LMT,SELL,0,30.46,31.46,,1.79769313486232E+308,True,GTC,,
RPAY,DU3053535,10817,,35,1.79769313486232E+308,LMT,SELL,0,35.26,36.26,,1.79769313486232E+308,True,GTC,,
RPAY,DU3053535,10818,,35,1.79769313486232E+308,TRAIL LIMIT,SELL,2.3,0,26.07,,-13.04,True,GTC,,
OPI,DU3053535,10807,,40,1.79769313486232E+308,LMT,BUY,0,25.39,26.39,,1.79769313486232E+308,True,GTC,,,20201229 09:30:00 EST, 348182712≥+24.89, 348182712≥+170036,margin ≥+20
OPI,DU3053535,10808,,40,1.79769313486232E+308,LMT,SELL,0,29.53,30.53,,1.79769313486232E+308,True,GTC,,
CBTX,DU3053535,10805,,36,1.79769313486232E+308,LMT,SELL,0,32.93,33.93,,1.79769313486232E+308,True,GTC,,
CBTX,DU3053535,10806,,36,1.79769313486232E+308,TRAIL LIMIT,SELL,1.94,0,25.15,,-12.57,True,GTC,,
NOMD,DU3053535,10811,,38,1.79769313486232E+308,LMT,SELL,0,29.15,30.15,,1.79769313486232E+308,True,GTC,,
NOMD,DU3053535,10812,,38,1.79769313486232E+308,TRAIL LIMIT,SELL,1.02,0,25.09,,-12.55,True,GTC,,
OPI,DU3053535,10809,,40,1.79769313486232E+308,TRAIL LIMIT,SELL,1.54,0,23.35,,-11.68,True,GTC,,
NOMD,DU3053535,10810,,38,1.79769313486232E+308,LMT,BUY,0,26.62,27.62,,1.79769313486232E+308,True,GTC,,,20201229 09:30:00 EST, 217509716≥+26.1, 217509716≥+359800,margin ≥+20
LBTYK,DU3053535,10765,,39,1.79769313486232E+308,LMT,BUY,0,25.71,26.71,,1.79769313486232E+308,True,GTC,,,20201229 09:30:00 EST, 129050281≥+25.21, 129050281≥+1925527,margin ≥+20
LBTYK,DU3053535,10766,,39,1.79769313486232E+308,LMT,SELL,0,29.52,30.52,,1.79769313486232E+308,True,GTC,,
HFWA,DU3053535,10763,,40,1.79769313486232E+308,LMT,SELL,0,28.9,29.9,,1.79769313486232E+308,True,GTC,,
HFWA,DU3053535,10764,,40,1.79769313486232E+308,TRAIL LIMIT,SELL,1.4,0,23.29,,-11.65,True,GTC,,
TLK,DU3053535,10769,,39,1.79769313486232E+308,LMT,SELL,0,29.19,30.19,,1.79769313486232E+308,True,GTC,,
TLK,DU3053535,10770,,39,1.79769313486232E+308,TRAIL LIMIT,SELL,1.29,0,24.03,,-12.02,True,GTC,,
LBTYK,DU3053535,10767,,39,1.79769313486232E+308,TRAIL LIMIT,SELL,1.44,0,23.77,,-11.89,True,GTC,,
TLK,DU3053535,10768,,39,1.79769313486232E+308,LMT,BUY,0,25.83,26.83,,1.79769313486232E+308,True,GTC,,,20201229 09:30:00 EST, 1448481≥+25.32, 1448481≥+29491,margin ≥+20
LMNX,DU3053535,10754,,38,1.79769313486232E+308,LMT,SELL,0,31.75,32.75,,1.79769313486232E+308,True,GTC,,
LMNX,DU3053535,10755,,38,1.79769313486232E+308,TRAIL LIMIT,SELL,1.87,0,24.26,,-12.13,True,GTC,,
EWH,DU3053535,10752,,40,1.79769313486232E+308,TRAIL LIMIT,SELL,0.54,0,24.04,,-12.02,True,GTC,,
LMNX,DU3053535,10753,,38,1.79769313486232E+308,LMT,BUY,0,26.65,27.65,,1.79769313486232E+308,True,GTC,,,20201229 09:30:00 EST, 8068089≥+26.13, 8068089≥+296364,margin ≥+20
ILPT,DU3053535,10758,,40,1.79769313486232E+308,TRAIL LIMIT,SELL,1.26,0,23.22,,-11.61,True,GTC,,
HFWA,DU3053535,10762,,40,1.79769313486232E+308,LMT,BUY,0,25.18,26.18,,1.79769313486232E+308,True,GTC,,,20201229 09:30:00 EST, 4812798≥+24.69, 4812798≥+86673,margin ≥+20
ILPT,DU3053535,10756,,40,1.79769313486232E+308,LMT,BUY,0,24.96,25.96,,1.79769313486232E+308,True,GTC,,,20201229 09:30:00 EST, 302548055≥+24.47, 302548055≥+280836,margin ≥+20
ILPT,DU3053535,10757,,40,1.79769313486232E+308,LMT,SELL,0,28.24,29.24,,1.79769313486232E+308,True,GTC,,
IIIN,DU3053535,10782,,39,1.79769313486232E+308,TRAIL LIMIT,SELL,1.78,0,23.41,,-11.7,True,GTC,,
STBA,DU3053535,10786,,38,1.79769313486232E+308,LMT,BUY,0,26.29,27.29,,1.79769313486232E+308,True,GTC,,,20201229 09:30:00 EST, 3655905≥+25.77, 3655905≥+151091,margin ≥+20
STBA,DU3053535,10787,,38,1.79769313486232E+308,LMT,SELL,0,30.92,31.92,,1.79769313486232E+308,True,GTC,,
SVMK,DU3053535,10776,,38,1.79769313486232E+308,TRAIL LIMIT,SELL,1.68,0,24.47,,-12.24,True,GTC,,
AQUA,DU3053535,10777,,35,1.79769313486232E+308,LMT,BUY,0,28.37,29.37,,1.79769313486232E+308,True,GTC,,,20201229 09:30:00 EST, 294649156≥+27.82, 294649156≥+312291,margin ≥+20
SVMK,DU3053535,10774,,38,1.79769313486232E+308,LMT,BUY,0,26.67,27.67,,1.79769313486232E+308,True,GTC,,,20201229 09:30:00 EST, 335049609≥+26.14, 335049609≥+394055,margin ≥+20
SVMK,DU3053535,10775,,38,1.79769313486232E+308,LMT,SELL,0,31.17,32.17,,1.79769313486232E+308,True,GTC,,
IIIN,DU3053535,10780,,39,1.79769313486232E+308,LMT,BUY,0,25.69,26.69,,1.79769313486232E+308,True,GTC,,,20201229 09:30:00 EST, 8428≥+25.19, 8428≥+62273,margin ≥+20
IIIN,DU3053535,10781,,39,1.79769313486232E+308,LMT,SELL,0,30.53,31.53,,1.79769313486232E+308,True,GTC,,
AQUA,DU3053535,10778,,35,1.79769313486232E+308,LMT,SELL,0,35.08,36.08,,1.79769313486232E+308,True,GTC,,
AQUA,DU3053535,10779,,35,1.79769313486232E+308,TRAIL LIMIT,SELL,2.42,0,25.39,,-12.69,True,GTC,,
ELY,DU3053535,10730,,38,1.79769313486232E+308,LMT,SELL,0,32,33,,1.79769313486232E+308,True,GTC,,
ELY,DU3053535,10731,,38,1.79769313486232E+308,TRAIL LIMIT,SELL,2,0,24,,-12,True,GTC,,
WRE,DU3053535,10728,,41,1.79769313486232E+308,TRAIL LIMIT,SELL,1.39,0,22.44,,-11.22,True,GTC,,
ELY,DU3053535,10729,,38,1.79769313486232E+308,LMT,BUY,0,26.52,27.52,,1.79769313486232E+308,True,GTC,,,20201229 09:30:00 EST, 6808≥+26, 6808≥+614091,margin ≥+20
DXC,DU3053535,10734,,39,1.79769313486232E+308,TRAIL LIMIT,SELL,2.02,0,23.27,,-11.63,True,GTC,,
EWA,DU3053535,10735,,40,1.79769313486232E+308,LMT,BUY,0,25.03,26.03,,1.79769313486232E+308,True,GTC,,,20201229 09:30:00 EST, 2586606≥+24.54, 2586606≥+90055,margin ≥+20
DXC,DU3053535,10732,,39,1.79769313486232E+308,LMT,BUY,0,25.8,26.8,,1.79769313486232E+308,True,GTC,,,20201229 09:30:00 EST, 268960158≥+25.29, 268960158≥+1020764,margin ≥+20
DXC,DU3053535,10733,,39,1.79769313486232E+308,LMT,SELL,0,31.34,32.34,,1.79769313486232E+308,True,GTC,,
XRX,DU3053535,10723,,40,1.79769313486232E+308,LMT,BUY,0,25.13,26.13,,1.79769313486232E+308,True,GTC,,,20201229 09:30:00 EST, 375796353≥+24.64, 375796353≥+1413273,margin ≥+20
JELD,DU3053535,10722,,39,1.79769313486232E+308,TRAIL LIMIT,SELL,1.81,0,23.79,,-11.89,True,GTC,,
WRE,DU3053535,10726,,41,1.79769313486232E+308,LMT,BUY,0,24.31,25.31,,1.79769313486232E+308,True,GTC,,,20201229 09:30:00 EST, 758160≥+23.83, 758160≥+427855,margin ≥+20
WRE,DU3053535,10727,,41,1.79769313486232E+308,LMT,SELL,0,27.99,28.99,,1.79769313486232E+308,True,GTC,,
XRX,DU3053535,10724,,40,1.79769313486232E+308,LMT,SELL,0,29.9,30.9,,1.79769313486232E+308,True,GTC,,
XRX,DU3053535,10725,,40,1.79769313486232E+308,TRAIL LIMIT,SELL,1.75,0,22.89,,-11.45,True,GTC,,
NMIH,DU3053535,10746,,39,1.79769313486232E+308,TRAIL LIMIT,SELL,1.88,0,23.38,,-11.69,True,GTC,,
BHB,DU3053535,10747,,40,1.79769313486232E+308,LMT,BUY,0,25.41,26.41,,1.79769313486232E+308,True,GTC,,,20201229 09:30:00 EST, 6604266≥+24.91, 6604266≥+20091,margin ≥+20
NMIH,DU3053535,10744,,39,1.79769313486232E+308,LMT,BUY,0,25.77,26.77,,1.79769313486232E+308,True,GTC,,,20201229 09:30:00 EST, 138031174≥+25.26, 138031174≥+186418,margin ≥+20
NMIH,DU3053535,10745,,39,1.79769313486232E+308,LMT,SELL,0,30.92,31.92,,1.79769313486232E+308,True,GTC,,
EWH,DU3053535,10750,,40,1.79769313486232E+308,LMT,BUY,0,25.07,26.07,,1.79769313486232E+308,True,GTC,,,20201229 09:30:00 EST, 2586543≥+24.58, 2586543≥+5752364,margin ≥+20
EWH,DU3053535,10751,,40,1.79769313486232E+308,LMT,SELL,0,26.2,27.2,,1.79769313486232E+308,True,GTC,,
BHB,DU3053535,10748,,40,1.79769313486232E+308,LMT,SELL,0,30.49,31.49,,1.79769313486232E+308,True,GTC,,
BHB,DU3053535,10749,,40,1.79769313486232E+308,TRAIL LIMIT,SELL,1.86,0,23.06,,-11.53,True,GTC,,
RELX,DU3053535,10738,,40,1.79769313486232E+308,LMT,BUY,0,25.41,26.41,,1.79769313486232E+308,True,GTC,,,20201229 09:30:00 EST, 198167234≥+24.91, 198167234≥+32564,margin ≥+20
RELX,DU3053535,10739,,40,1.79769313486232E+308,LMT,SELL,0,27.03,28.03,,1.79769313486232E+308,True,GTC,,
EWA,DU3053535,10736,,40,1.79769313486232E+308,LMT,SELL,0,26.53,27.53,,1.79769313486232E+308,True,GTC,,
EWA,DU3053535,10737,,40,1.79769313486232E+308,TRAIL LIMIT,SELL,0.66,0,23.87,,-11.93,True,GTC,,
ENVA,DU3053535,10742,,38,1.79769313486232E+308,LMT,SELL,0,31.92,32.92,,1.79769313486232E+308,True,GTC,,
ENVA,DU3053535,10743,,38,1.79769313486232E+308,TRAIL LIMIT,SELL,1.91,0,24.29,,-12.15,True,GTC,,
RELX,DU3053535,10740,,40,1.79769313486232E+308,TRAIL LIMIT,SELL,0.71,0,24.2,,-12.1,True,GTC,,
ENVA,DU3053535,10741,,38,1.79769313486232E+308,LMT,BUY,0,26.72,27.72,,1.79769313486232E+308,True,GTC,,,20201229 09:30:00 EST, 171878394≥+26.2, 171878394≥+270382,margin ≥+20
NVT,DU3053535,10697,,41,1.79769313486232E+308,LMT,SELL,0,27.8,28.8,,1.79769313486232E+308,True,GTC,,
NVT,DU3053535,10698,,41,1.79769313486232E+308,TRAIL LIMIT,SELL,1.16,0,23.15,,-11.58,True,GTC,,
JEF,DU3053535,10695,,40,1.79769313486232E+308,TRAIL LIMIT,SELL,1.25,0,23.58,,-11.79,True,GTC,,
NVT,DU3053535,10696,,41,1.79769313486232E+308,LMT,BUY,0,24.8,25.8,,1.79769313486232E+308,True,GTC,,,20201229 09:30:00 EST, 314064093≥+24.31, 314064093≥+442327,margin ≥+20
SJI,DU3053535,10704,,41,1.79769313486232E+308,TRAIL LIMIT,SELL,1.48,0,22.33,,-11.16,True,GTC,,
GCP,DU3053535,10705,,40,1.79769313486232E+308,LMT,BUY,0,25.35,26.35,,1.79769313486232E+308,True,GTC,,,20201229 09:30:00 EST, 219768320≥+24.86, 219768320≥+60182,margin ≥+20
SJI,DU3053535,10702,,41,1.79769313486232E+308,LMT,BUY,0,24.3,25.3,,1.79769313486232E+308,True,GTC,,,20201229 09:30:00 EST, 12154≥+23.82, 12154≥+658291,margin ≥+20
SJI,DU3053535,10703,,41,1.79769313486232E+308,LMT,SELL,0,28.27,29.27,,1.79769313486232E+308,True,GTC,,
HNGR,DU3053535,10689,,40,1.79769313486232E+308,TRAIL LIMIT,SELL,2.09,0,22.79,,-11.4,True,GTC,,
FHB,DU3053535,10690,,40,1.79769313486232E+308,LMT,BUY,0,25.2,26.2,,1.79769313486232E+308,True,GTC,,,20201229 09:30:00 EST, 242971206≥+24.71, 242971206≥+458164,margin ≥+20
HNGR,DU3053535,10687,,40,1.79769313486232E+308,LMT,BUY,0,25.38,26.38,,1.79769313486232E+308,True,GTC,,,20201229 09:30:00 EST, 755007≥+24.88, 755007≥+43073,margin ≥+20
HNGR,DU3053535,10688,,40,1.79769313486232E+308,LMT,SELL,0,31.16,32.16,,1.79769313486232E+308,True,GTC,,
JEF,DU3053535,10693,,40,1.79769313486232E+308,LMT,BUY,0,25.33,26.33,,1.79769313486232E+308,True,GTC,,,20201229 09:30:00 EST, 318911976≥+24.83, 318911976≥+1097800,margin ≥+20
JEF,DU3053535,10694,,40,1.79769313486232E+308,LMT,SELL,0,28.58,29.58,,1.79769313486232E+308,True,GTC,,
FHB,DU3053535,10691,,40,1.79769313486232E+308,LMT,SELL,0,29.31,30.31,,1.79769313486232E+308,True,GTC,,
FHB,DU3053535,10692,,40,1.79769313486232E+308,TRAIL LIMIT,SELL,1.54,0,23.17,,-11.58,True,GTC,,
SIVR,DU3053535,10716,,38,1.79769313486232E+308,TRAIL LIMIT,SELL,1.45,0,24.47,,-12.24,True,GTC,,
HPQ,DU3053535,10717,,39,1.79769313486232E+308,LMT,BUY,0,25.65,26.65,,1.79769313486232E+308,True,GTC,,,20201229 09:30:00 EST, 209411801≥+25.15, 209411801≥+3876055,margin ≥+20
SIVR,DU3053535,10714,,38,1.79769313486232E+308,LMT,BUY,0,26.44,27.44,,1.79769313486232E+308,True,GTC,,,20201229 09:30:00 EST, 334909235≥+25.92, 334909235≥+199509,margin ≥+20
SIVR,DU3053535,10715,,38,1.79769313486232E+308,LMT,SELL,0,30.26,31.26,,1.79769313486232E+308,True,GTC,,
JELD,DU3053535,10720,,39,1.79769313486232E+308,LMT,BUY,0,26.12,27.12,,1.79769313486232E+308,True,GTC,,,20201229 09:30:00 EST, 263852212≥+25.61, 263852212≥+162345,margin ≥+20
JELD,DU3053535,10721,,39,1.79769313486232E+308,LMT,SELL,0,31.05,32.05,,1.79769313486232E+308,True,GTC,,
HPQ,DU3053535,10718,,39,1.79769313486232E+308,LMT,SELL,0,28.64,29.64,,1.79769313486232E+308,True,GTC,,
HPQ,DU3053535,10719,,39,1.79769313486232E+308,TRAIL LIMIT,SELL,1.17,0,23.98,,-11.99,True,GTC,,
EPAC,DU3053535,10708,,40,1.79769313486232E+308,LMT,BUY,0,24.9,25.9,,1.79769313486232E+308,True,GTC,,,20201229 09:30:00 EST, 399802179≥+24.42, 399802179≥+147364,margin ≥+20
EPAC,DU3053535,10709,,40,1.79769313486232E+308,LMT,SELL,0,29.29,30.29,,1.79769313486232E+308,True,GTC,,
GCP,DU3053535,10706,,40,1.79769313486232E+308,LMT,SELL,0,29.51,30.51,,1.79769313486232E+308,True,GTC,,
GCP,DU3053535,10707,,40,1.79769313486232E+308,TRAIL LIMIT,SELL,1.55,0,23.31,,-11.66,True,GTC,,
VIRT,DU3053535,10712,,39,1.79769313486232E+308,LMT,SELL,0,29.06,30.06,,1.79769313486232E+308,True,GTC,,
VIRT,DU3053535,10713,,39,1.79769313486232E+308,TRAIL LIMIT,SELL,1.16,0,24.44,,-12.22,True,GTC,,
EPAC,DU3053535,10710,,40,1.79769313486232E+308,TRAIL LIMIT,SELL,1.62,0,22.79,,-11.39,True,GTC,,
VIRT,DU3053535,10711,,39,1.79769313486232E+308,LMT,BUY,0,26.11,27.11,,1.79769313486232E+308,True,GTC,,,20201229 09:30:00 EST, 190480975≥+25.6, 190480975≥+265800,margin ≥+20
MT,DU3053535,10665,,41,1.79769313486232E+308,TRAIL LIMIT,SELL,1.58,0,22.8,,-11.4,True,GTC,,
NI,DU3053535,10666,,41,1.79769313486232E+308,LMT,BUY,0,24.35,25.35,,1.79769313486232E+308,True,GTC,,,20201229 09:30:00 EST, 10260≥+23.88, 10260≥+1019218,margin ≥+20
MT,DU3053535,10663,,41,1.79769313486232E+308,LMT,BUY,0,24.87,25.87,,1.79769313486232E+308,True,GTC,,,20201229 09:30:00 EST, 276046464≥+24.38, 276046464≥+228945,margin ≥+20
MT,DU3053535,10664,,41,1.79769313486232E+308,LMT,SELL,0,29.12,30.12,,1.79769313486232E+308,True,GTC,,
FISI,DU3053535,10669,,41,1.79769313486232E+308,LMT,BUY,0,24.61,25.61,,1.79769313486232E+308,True,GTC,,,20201229 09:30:00 EST, 6857565≥+24.12, 6857565≥+20073,margin ≥+20
FISI,DU3053535,10670,,41,1.79769313486232E+308,LMT,SELL,0,28.96,29.96,,1.79769313486232E+308,True,GTC,,
NI,DU3053535,10667,,41,1.79769313486232E+308,LMT,SELL,0,28,29,,1.79769313486232E+308,True,GTC,,
NI,DU3053535,10668,,41,1.79769313486232E+308,TRAIL LIMIT,SELL,1.37,0,22.5,,-11.25,True,GTC,,
SLQT,DU3053535,10657,,40,1.79769313486232E+308,LMT,BUY,0,25.22,26.22,,1.79769313486232E+308,True,GTC,,,20201229 09:30:00 EST, 423071297≥+24.72, 423071297≥+1082364,margin ≥+20
SLQT,DU3053535,10658,,40,1.79769313486232E+308,LMT,SELL,0,30.95,31.95,,1.79769313486232E+308,True,GTC,,
PFC,DU3053535,10655,,41,1.79769313486232E+308,LMT,SELL,0,29.68,30.68,,1.79769313486232E+308,True,GTC,,
PFC,DU3053535,10656,,41,1.79769313486232E+308,TRAIL LIMIT,SELL,1.76,0,22.62,,-11.31,True,GTC,,
MPLX,DU3053535,10661,,40,1.79769313486232E+308,LMT,SELL,0,30.11,31.11,,1.79769313486232E+308,True,GTC,,
MPLX,DU3053535,10662,,40,1.79769313486232E+308,TRAIL LIMIT,SELL,1.88,0,22.6,,-11.3,True,GTC,,
SLQT,DU3053535,10659,,40,1.79769313486232E+308,TRAIL LIMIT,SELL,2.08,0,22.64,,-11.32,True,GTC,,
MPLX,DU3053535,10660,,40,1.79769313486232E+308,LMT,BUY,0,24.97,25.97,,1.79769313486232E+308,True,GTC,,,20201229 09:30:00 EST, 116339790≥+24.48, 116339790≥+1078909,margin ≥+20
VVV,DU3053535,10681,,41,1.79769313486232E+308,LMT,BUY,0,24.73,25.73,,1.79769313486232E+308,True,GTC,,,20201229 09:30:00 EST, 248754546≥+24.25, 248754546≥+706418,margin ≥+20
VVV,DU3053535,10682,,41,1.79769313486232E+308,LMT,SELL,0,27.03,28.03,,1.79769313486232E+308,True,GTC,,
TDC,DU3053535,10679,,41,1.79769313486232E+308,LMT,SELL,0,28.57,29.57,,1.79769313486232E+308,True,GTC,,
TDC,DU3053535,10680,,41,1.79769313486232E+308,TRAIL LIMIT,SELL,1.44,0,22.81,,-11.41,True,GTC,,
PRSP,DU3053535,10685,,40,1.79769313486232E+308,LMT,SELL,0,28.72,29.72,,1.79769313486232E+308,True,GTC,,
PRSP,DU3053535,10686,,40,1.79769313486232E+308,TRAIL LIMIT,SELL,1.27,0,23.63,,-11.81,True,GTC,,
VVV,DU3053535,10683,,41,1.79769313486232E+308,TRAIL LIMIT,SELL,0.93,0,23.32,,-11.66,True,GTC,,
PRSP,DU3053535,10684,,40,1.79769313486232E+308,LMT,BUY,0,25.4,26.4,,1.79769313486232E+308,True,GTC,,,20201229 09:30:00 EST, 317788833≥+24.9, 317788833≥+345873,margin ≥+20
BOMN,DU3053535,10673,,36,1.79769313486232E+308,LMT,SELL,0,34.41,35.41,,1.79769313486232E+308,True,GTC,,
BOMN,DU3053535,10674,,36,1.79769313486232E+308,TRAIL LIMIT,SELL,2.44,0,24.64,,-12.32,True,GTC,,
FISI,DU3053535,10671,,41,1.79769313486232E+308,TRAIL LIMIT,SELL,1.61,0,22.51,,-11.25,True,GTC,,
BOMN,DU3053535,10672,,36,1.79769313486232E+308,LMT,BUY,0,27.63,28.63,,1.79769313486232E+308,True,GTC,,,20201229 09:30:00 EST, 279262660≥+27.09, 279262660≥+31455,margin ≥+20
CNO,DU3053535,10677,,41,1.79769313486232E+308,TRAIL LIMIT,SELL,1.28,0,22.72,,-11.36,True,GTC,,
TDC,DU3053535,10678,,41,1.79769313486232E+308,LMT,BUY,0,24.73,25.73,,1.79769313486232E+308,True,GTC,,,20201229 09:30:00 EST, 46128760≥+24.25, 46128760≥+508200,margin ≥+20
CNO,DU3053535,10675,,41,1.79769313486232E+308,LMT,BUY,0,24.49,25.49,,1.79769313486232E+308,True,GTC,,,20201229 09:30:00 EST, 75176372≥+24.01, 75176372≥+232164,margin ≥+20
CNO,DU3053535,10676,,41,1.79769313486232E+308,LMT,SELL,0,27.86,28.86,,1.79769313486232E+308,True,GTC,,
FLO,DU3053535,10633,,42,1.79769313486232E+308,LMT,BUY,0,24.2,25.2,,1.79769313486232E+308,True,GTC,,,20201229 09:30:00 EST, 11913510≥+23.73, 11913510≥+434109,margin ≥+20
FLO,DU3053535,10634,,42,1.79769313486232E+308,LMT,SELL,0,26.42,27.42,,1.79769313486232E+308,True,GTC,,
MOS,DU3053535,10631,,41,1.79769313486232E+308,LMT,SELL,0,29.42,30.42,,1.79769313486232E+308,True,GTC,,
MOS,DU3053535,10632,,41,1.79769313486232E+308,TRAIL LIMIT,SELL,1.73,0,22.5,,-11.25,True,GTC,,
AFYA,DU3053535,10637,,37,1.79769313486232E+308,LMT,SELL,0,33.8,34.8,,1.79769313486232E+308,True,GTC,,
AFYA,DU3053535,10638,,37,1.79769313486232E+308,TRAIL LIMIT,SELL,2.42,0,24.1,,-12.05,True,GTC,,
FLO,DU3053535,10635,,42,1.79769313486232E+308,TRAIL LIMIT,SELL,0.9,0,22.83,,-11.41,True,GTC,,
AFYA,DU3053535,10636,,37,1.79769313486232E+308,LMT,BUY,0,27.05,28.05,,1.79769313486232E+308,True,GTC,,,20201229 09:30:00 EST, 374970583≥+26.52, 374970583≥+23436,margin ≥+20
PDFS,DU3053535,10625,,42,1.79769313486232E+308,LMT,SELL,0,27.89,28.89,,1.79769313486232E+308,True,GTC,,
PDFS,DU3053535,10626,,42,1.79769313486232E+308,TRAIL LIMIT,SELL,1.44,0,22.12,,-11.06,True,GTC,,
PGC,DU3053535,10623,,41,1.79769313486232E+308,TRAIL LIMIT,SELL,1.55,0,22.57,,-11.28,True,GTC,,
PDFS,DU3053535,10624,,42,1.79769313486232E+308,LMT,BUY,0,24.03,25.03,,1.79769313486232E+308,True,GTC,,,20201229 09:30:00 EST, 12816273≥+23.56, 12816273≥+43836,margin ≥+20
CTRE,DU3053535,10629,,41,1.79769313486232E+308,TRAIL LIMIT,SELL,1.32,0,22.74,,-11.37,True,GTC,,
MOS,DU3053535,10630,,41,1.79769313486232E+308,LMT,BUY,0,24.71,25.71,,1.79769313486232E+308,True,GTC,,,20201229 09:30:00 EST, 88292752≥+24.23, 88292752≥+1149036,margin ≥+20
CTRE,DU3053535,10627,,41,1.79769313486232E+308,LMT,BUY,0,24.54,25.54,,1.79769313486232E+308,True,GTC,,,20201229 09:30:00 EST, 152254614≥+24.06, 152254614≥+475873,margin ≥+20
CTRE,DU3053535,10628,,41,1.79769313486232E+308,LMT,SELL,0,28.03,29.03,,1.79769313486232E+308,True,GTC,,
DBX,DU3053535,10649,,38,1.79769313486232E+308,LMT,SELL,0,32.78,33.78,,1.79769313486232E+308,True,GTC,,
DBX,DU3053535,10650,,38,1.79769313486232E+308,TRAIL LIMIT,SELL,2.21,0,23.95,,-11.97,True,GTC,,
GRBK,DU3053535,10647,,38,1.79769313486232E+308,TRAIL LIMIT,SELL,2.3,0,23.35,,-11.67,True,GTC,,
DBX,DU3053535,10648,,38,1.79769313486232E+308,LMT,BUY,0,26.68,27.68,,1.79769313486232E+308,True,GTC,,,20201229 09:30:00 EST, 311892159≥+26.16, 311892159≥+1906764,margin ≥+20
WRI,DU3053535,10653,,42,1.79769313486232E+308,TRAIL LIMIT,SELL,1.46,0,21.97,,-10.98,True,GTC,,
PFC,DU3053535,10654,,41,1.79769313486232E+308,LMT,BUY,0,24.87,25.87,,1.79769313486232E+308,True,GTC,,,20201229 09:30:00 EST, 428680247≥+24.39, 428680247≥+57218,margin ≥+20
WRI,DU3053535,10651,,42,1.79769313486232E+308,LMT,BUY,0,23.91,24.91,,1.79769313486232E+308,True,GTC,,,20201229 09:30:00 EST, 13884≥+23.44, 13884≥+368636,margin ≥+20
WRI,DU3053535,10652,,42,1.79769313486232E+308,LMT,SELL,0,27.83,28.83,,1.79769313486232E+308,True,GTC,,
JETS,DU3053535,10641,,41,1.79769313486232E+308,TRAIL LIMIT,SELL,1.65,0,22.48,,-11.24,True,GTC,,
SLB,DU3053535,10642,,41,1.79769313486232E+308,LMT,BUY,0,24.58,25.58,,1.79769313486232E+308,True,GTC,,,20201229 09:30:00 EST, 12200≥+24.09, 12200≥+4081655,margin ≥+20
JETS,DU3053535,10639,,41,1.79769313486232E+308,LMT,BUY,0,24.61,25.61,,1.79769313486232E+308,True,GTC,,,20201229 09:30:00 EST, 192643858≥+24.13, 192643858≥+8302891,margin ≥+20
JETS,DU3053535,10640,,41,1.79769313486232E+308,LMT,SELL,0,29.08,30.08,,1.79769313486232E+308,True,GTC,,
GRBK,DU3053535,10645,,38,1.79769313486232E+308,LMT,BUY,0,26.17,27.17,,1.79769313486232E+308,True,GTC,,,20201229 09:30:00 EST, 172103160≥+25.66, 172103160≥+105600,margin ≥+20
GRBK,DU3053535,10646,,38,1.79769313486232E+308,LMT,SELL,0,32.56,33.56,,1.79769313486232E+308,True,GTC,,
SLB,DU3053535,10643,,41,1.79769313486232E+308,LMT,SELL,0,29.64,30.64,,1.79769313486232E+308,True,GTC,,
SLB,DU3053535,10644,,41,1.79769313486232E+308,TRAIL LIMIT,SELL,1.85,0,22.25,,-11.13,True,GTC,,
QYLD,DU3053535,10603,,43,1.79769313486232E+308,LMT,BUY,0,23.68,24.68,,1.79769313486232E+308,True,GTC,,,20201229 09:30:00 EST, 346727816≥+23.22, 346727816≥+26436,margin ≥+20
QYLD,DU3053535,10604,,43,1.79769313486232E+308,LMT,SELL,0,24.46,25.46,,1.79769313486232E+308,True,GTC,,
VLGEA,DU3053535,10601,,42,1.79769313486232E+308,LMT,SELL,0,26.39,27.39,,1.79769313486232E+308,True,GTC,,
VLGEA,DU3053535,10602,,42,1.79769313486232E+308,TRAIL LIMIT,SELL,1.03,0,22.29,,-11.15,True,GTC,,
SLV,DU3053535,10607,,39,1.79769313486232E+308,LMT,SELL,0,29.92,30.92,,1.79769313486232E+308,True,GTC,,
SLV,DU3053535,10608,,39,1.79769313486232E+308,TRAIL LIMIT,SELL,1.59,0,23.54,,-11.77,True,GTC,,
QYLD,DU3053535,10605,,43,1.79769313486232E+308,TRAIL LIMIT,SELL,0.41,0,22.8,,-11.4,True,GTC,,
SLV,DU3053535,10606,,39,1.79769313486232E+308,LMT,BUY,0,25.64,26.64,,1.79769313486232E+308,True,GTC,,,20201229 09:30:00 EST, 39039301≥+25.13, 39039301≥+45439109,margin ≥+20
DEA,DU3053535,10595,,42,1.79769313486232E+308,LMT,SELL,0,26.82,27.82,,1.79769313486232E+308,True,GTC,,
DEA,DU3053535,10596,,42,1.79769313486232E+308,TRAIL LIMIT,SELL,1.15,0,22.21,,-11.1,True,GTC,,
WU,DU3053535,10593,,42,1.79769313486232E+308,TRAIL LIMIT,SELL,1.06,0,22.24,,-11.12,True,GTC,,
DEA,DU3053535,10594,,42,1.79769313486232E+308,LMT,BUY,0,23.83,24.83,,1.79769313486232E+308,True,GTC,,,20201229 09:30:00 EST, 182880560≥+23.37, 182880560≥+356364,margin ≥+20
RCM,DU3053535,10599,,41,1.79769313486232E+308,TRAIL LIMIT,SELL,1.25,0,22.84,,-11.42,True,GTC,,
VLGEA,DU3053535,10600,,42,1.79769313486232E+308,LMT,BUY,0,23.78,24.78,,1.79769313486232E+308,True,GTC,,,20201229 09:30:00 EST, 275799≥+23.31, 275799≥+22545,margin ≥+20
RCM,DU3053535,10597,,41,1.79769313486232E+308,LMT,BUY,0,24.58,25.58,,1.79769313486232E+308,True,GTC,,,20201229 09:30:00 EST, 264479332≥+24.09, 264479332≥+340218,margin ≥+20
RCM,DU3053535,10598,,41,1.79769313486232E+308,LMT,SELL,0,27.86,28.86,,1.79769313486232E+308,True,GTC,,
GOLD,DU3053535,10617,,41,1.79769313486232E+308,TRAIL LIMIT,SELL,1.41,0,22.96,,-11.48,True,GTC,,
WEN,DU3053535,10618,,42,1.79769313486232E+308,LMT,BUY,0,24.04,25.04,,1.79769313486232E+308,True,GTC,,,20201229 09:30:00 EST, 90655688≥+23.57, 90655688≥+646109,margin ≥+20
GOLD,DU3053535,10615,,41,1.79769313486232E+308,LMT,BUY,0,24.86,25.86,,1.79769313486232E+308,True,GTC,,,20201229 09:30:00 EST, 611060≥+24.37, 611060≥+1639982,margin ≥+20
GOLD,DU3053535,10616,,41,1.79769313486232E+308,LMT,SELL,0,28.61,29.61,,1.79769313486232E+308,True,GTC,,
PGC,DU3053535,10621,,41,1.79769313486232E+308,LMT,BUY,0,24.6,25.6,,1.79769313486232E+308,True,GTC,,,20201229 09:30:00 EST, 14486754≥+24.12, 14486754≥+29073,margin ≥+20
PGC,DU3053535,10622,,41,1.79769313486232E+308,LMT,SELL,0,28.76,29.76,,1.79769313486232E+308,True,GTC,,
WEN,DU3053535,10619,,42,1.79769313486232E+308,LMT,SELL,0,26.77,27.77,,1.79769313486232E+308,True,GTC,,
WEN,DU3053535,10620,,42,1.79769313486232E+308,TRAIL LIMIT,SELL,1.07,0,22.5,,-11.25,True,GTC,,
SC,DU3053535,10611,,42,1.79769313486232E+308,TRAIL LIMIT,SELL,1.67,0,21.6,,-10.8,True,GTC,,
MD,DU3053535,10612,,39,1.79769313486232E+308,LMT,BUY,0,26.03,27.03,,1.79769313486232E+308,True,GTC,,,20201229 09:30:00 EST, 56884113≥+25.52, 56884113≥+281309,margin ≥+20
SC,DU3053535,10609,,42,1.79769313486232E+308,LMT,BUY,0,23.74,24.74,,1.79769313486232E+308,True,GTC,,,20201229 09:30:00 EST, 142261436≥+23.27, 142261436≥+434964,margin ≥+20
SC,DU3053535,10610,,42,1.79769313486232E+308,LMT,SELL,0,28.3,29.3,,1.79769313486232E+308,True,GTC,,
MD,DU3053535,10613,,39,1.79769313486232E+308,LMT,SELL,0,31.09,32.09,,1.79769313486232E+308,True,GTC,,
MD,DU3053535,10614,,39,1.79769313486232E+308,TRAIL LIMIT,SELL,1.86,0,23.66,,-11.83,True,GTC,,
BSM,DU3053535,10056,,133,1.79769313486232E+308,TRAIL LIMIT,SELL,0.49,0,6.98,,-3.49,True,GTC,,
BSM,DU3053535,10055,,133,1.79769313486232E+308,LMT,SELL,0,8.95,9.95,,1.79769313486232E+308,True,GTC,,
BSIG,DU3053535,10059,,50,1.79769313486232E+308,TRAIL LIMIT,SELL,1.08,0,18.82,,-9.41,True,GTC,,
BSBR,DU3053535,10060,,108,1.79769313486232E+308,LMT,BUY,0,9.39,10.39,,1.79769313486232E+308,True,GTC,,,20201229 09:30:00 EST, 69293560≥+9.21, 69293560≥+75927,margin ≥+20
BSIG,DU3053535,10057,,50,1.79769313486232E+308,LMT,BUY,0,20.3,21.3,,1.79769313486232E+308,True,GTC,,,20201229 09:30:00 EST, 374293788≥+19.9, 374293788≥+358909,margin ≥+20
BSIG,DU3053535,10058,,50,1.79769313486232E+308,LMT,SELL,0,23.13,24.13,,1.79769313486232E+308,True,GTC,,
BTAQ,DU3053535,10049,,97,1.79769313486232E+308,LMT,SELL,0,11,12,,1.79769313486232E+308,True,GTC,,
BTAQ,DU3053535,10050,,97,1.79769313486232E+308,TRAIL LIMIT,SELL,0.24,0,10.02,,-5.01,True,GTC,,
BTG,DU3053535,10047,,165,1.79769313486232E+308,TRAIL LIMIT,SELL,0.45,0,5.61,,-2.81,True,GTC,,
BTAQ,DU3053535,10048,,97,1.79769313486232E+308,LMT,BUY,0,10.47,11.47,,1.79769313486232E+308,True,GTC,,,20201229 09:30:00 EST, 449068467≥+10.26, 449068467≥+29018,margin ≥+20
BSMX,DU3053535,10053,,178,1.79769313486232E+308,TRAIL LIMIT,SELL,0.37,0,5.23,,-2.62,True,GTC,,
BSM,DU3053535,10054,,133,1.79769313486232E+308,LMT,BUY,0,7.62,8.62,,1.79769313486232E+308,True,GTC,,,20201229 09:30:00 EST, 192496059≥+7.47, 192496059≥+68200,margin ≥+20
BSMX,DU3053535,10051,,178,1.79769313486232E+308,LMT,BUY,0,5.71,6.71,,1.79769313486232E+308,True,GTC,,,20201229 09:30:00 EST, 304013727≥+5.6, 304013727≥+32327,margin ≥+20
BSMX,DU3053535,10052,,178,1.79769313486232E+308,LMT,SELL,0,6.72,7.72,,1.79769313486232E+308,True,GTC,,
BRMK,DU3053535,10071,,93,1.79769313486232E+308,TRAIL LIMIT,SELL,0.41,0,10.32,,-5.16,True,GTC,,
BRKL,DU3053535,10072,,78,1.79769313486232E+308,LMT,BUY,0,12.93,13.93,,1.79769313486232E+308,True,GTC,,,20201229 09:30:00 EST, 4727407≥+12.67, 4727407≥+388709,margin ≥+20
BRMK,DU3053535,10069,,93,1.79769313486232E+308,LMT,BUY,0,10.94,11.94,,1.79769313486232E+308,True,GTC,,,20201229 09:30:00 EST, 391418397≥+10.72, 391418397≥+204236,margin ≥+20
BRMK,DU3053535,10070,,93,1.79769313486232E+308,LMT,SELL,0,11.94,12.94,,1.79769313486232E+308,True,GTC,,
BRFS,DU3053535,10075,,213,1.79769313486232E+308,LMT,BUY,0,4.77,5.77,,1.79769313486232E+308,True,GTC,,,20201229 09:30:00 EST, 61596951≥+4.68, 61596951≥+112600,margin ≥+20
BRFS,DU3053535,10076,,213,1.79769313486232E+308,LMT,SELL,0,5.71,6.71,,1.79769313486232E+308,True,GTC,,
BRKL,DU3053535,10073,,78,1.79769313486232E+308,LMT,SELL,0,15.23,16.23,,1.79769313486232E+308,True,GTC,,
BRKL,DU3053535,10074,,78,1.79769313486232E+308,TRAIL LIMIT,SELL,0.85,0,11.82,,-5.91,True,GTC,,
BSAC,DU3053535,10063,,49,1.79769313486232E+308,LMT,BUY,0,20.78,21.78,,1.79769313486232E+308,True,GTC,,,20201229 09:30:00 EST, 2586083≥+20.37, 2586083≥+33673,margin ≥+20
BSAC,DU3053535,10064,,49,1.79769313486232E+308,LMT,SELL,0,23.41,24.41,,1.79769313486232E+308,True,GTC,,
BSBR,DU3053535,10061,,108,1.79769313486232E+308,LMT,SELL,0,10.91,11.91,,1.79769313486232E+308,True,GTC,,
BSBR,DU3053535,10062,,108,1.79769313486232E+308,TRAIL LIMIT,SELL,0.57,0,8.64,,-4.32,True,GTC,,
BRX,DU3053535,10067,,57,1.79769313486232E+308,LMT,SELL,0,20.77,21.77,,1.79769313486232E+308,True,GTC,,
BRX,DU3053535,10068,,57,1.79769313486232E+308,TRAIL LIMIT,SELL,1.14,0,16.22,,-8.11,True,GTC,,
BSAC,DU3053535,10065,,49,1.79769313486232E+308,TRAIL LIMIT,SELL,1.01,0,19.36,,-9.68,True,GTC,,
BRX,DU3053535,10066,,57,1.79769313486232E+308,LMT,BUY,0,17.7,18.7,,1.79769313486232E+308,True,GTC,,,20201229 09:30:00 EST, 137494497≥+17.36, 137494497≥+880891,margin ≥+20
CBB,DU3053535,10022,,64,1.79769313486232E+308,LMT,SELL,0,15.87,16.87,,1.79769313486232E+308,True,GTC,,
CBB,DU3053535,10023,,64,1.79769313486232E+308,TRAIL LIMIT,SELL,0.15,0,15.26,,-7.63,True,GTC,,
CBD,DU3053535,10020,,66,1.79769313486232E+308,TRAIL LIMIT,SELL,0.87,0,14.24,,-7.12,True,GTC,,
CBB,DU3053535,10021,,64,1.79769313486232E+308,LMT,BUY,0,15.72,16.72,,1.79769313486232E+308,True,GTC,,,20201229 09:30:00 EST, 249167943≥+15.41, 249167943≥+491000,margin ≥+20
CATO,DU3053535,10026,,106,1.79769313486232E+308,TRAIL LIMIT,SELL,0.86,0,8.55,,-4.28,True,GTC,,
CARA,DU3053535,10027,,60,1.79769313486232E+308,LMT,BUY,0,16.77,17.77,,1.79769313486232E+308,True,GTC,,,20201229 09:30:00 EST, 143541499≥+16.44, 143541499≥+117236,margin ≥+20
CATO,DU3053535,10024,,106,1.79769313486232E+308,LMT,BUY,0,9.59,10.59,,1.79769313486232E+308,True,GTC,,,20201229 09:30:00 EST, 267200≥+9.4, 267200≥+87545,margin ≥+20
CATO,DU3053535,10025,,106,1.79769313486232E+308,LMT,SELL,0,11.97,12.97,,1.79769313486232E+308,True,GTC,,
CCIV,DU3053535,10014,,95,1.79769313486232E+308,TRAIL LIMIT,SELL,0.41,0,10.04,,-5.02,True,GTC,,
CCAC,DU3053535,10015,,87,1.79769313486232E+308,LMT,BUY,0,11.67,12.67,,1.79769313486232E+308,True,GTC,,,20201229 09:30:00 EST, 414273851≥+11.44, 414273851≥+43655,margin ≥+20
CCIV,DU3053535,10012,,95,1.79769313486232E+308,LMT,BUY,0,10.65,11.65,,1.79769313486232E+308,True,GTC,,,20201229 09:30:00 EST, 445423538≥+10.44, 445423538≥+173073,margin ≥+20
CCIV,DU3053535,10013,,95,1.79769313486232E+308,LMT,SELL,0,11.67,12.67,,1.79769313486232E+308,True,GTC,,
CBD,DU3053535,10018,,66,1.79769313486232E+308,LMT,BUY,0,15.41,16.41,,1.79769313486232E+308,True,GTC,,,20201229 09:30:00 EST, 405511539≥+15.1, 405511539≥+32018,margin ≥+20
CBD,DU3053535,10019,,66,1.79769313486232E+308,LMT,SELL,0,17.7,18.7,,1.79769313486232E+308,True,GTC,,
CCAC,DU3053535,10016,,87,1.79769313486232E+308,LMT,SELL,0,14.19,15.19,,1.79769313486232E+308,True,GTC,,
CCAC,DU3053535,10017,,87,1.79769313486232E+308,TRAIL LIMIT,SELL,0.91,0,10.53,,-5.26,True,GTC,,
BVN,DU3053535,10041,,74,1.79769313486232E+308,TRAIL LIMIT,SELL,1.03,0,12.41,,-6.21,True,GTC,,
BV,DU3053535,10042,,64,1.79769313486232E+308,LMT,BUY,0,15.87,16.87,,1.79769313486232E+308,True,GTC,,,20201229 09:30:00 EST, 323805596≥+15.56, 323805596≥+51000,margin ≥+20
BVN,DU3053535,10039,,74,1.79769313486232E+308,LMT,BUY,0,13.7,14.7,,1.79769313486232E+308,True,GTC,,,20201229 09:30:00 EST, 1715014≥+13.44, 1715014≥+449600,margin ≥+20
BVN,DU3053535,10040,,74,1.79769313486232E+308,LMT,SELL,0,16.52,17.52,,1.79769313486232E+308,True,GTC,,
BTG,DU3053535,10045,,165,1.79769313486232E+308,LMT,BUY,0,6.18,7.18,,1.79769313486232E+308,True,GTC,,,20201229 09:30:00 EST, 48834358≥+6.06, 48834358≥+552200,margin ≥+20
BTG,DU3053535,10046,,165,1.79769313486232E+308,LMT,SELL,0,7.41,8.41,,1.79769313486232E+308,True,GTC,,
BV,DU3053535,10043,,64,1.79769313486232E+308,LMT,SELL,0,18.75,19.75,,1.79769313486232E+308,True,GTC,,
BV,DU3053535,10044,,64,1.79769313486232E+308,TRAIL LIMIT,SELL,1.07,0,14.49,,-7.25,True,GTC,,
CADE,DU3053535,10033,,59,1.79769313486232E+308,LMT,BUY,0,17.04,18.04,,1.79769313486232E+308,True,GTC,,,20201229 09:30:00 EST, 272562038≥+16.71, 272562038≥+521291,margin ≥+20
CADE,DU3053535,10034,,59,1.79769313486232E+308,LMT,SELL,0,20.1,21.1,,1.79769313486232E+308,True,GTC,,
CARA,DU3053535,10028,,60,1.79769313486232E+308,LMT,SELL,0,20.33,21.33,,1.79769313486232E+308,True,GTC,,
CARA,DU3053535,10029,,60,1.79769313486232E+308,TRAIL LIMIT,SELL,1.3,0,15.14,,-7.57,True,GTC,,
BZH,DU3053535,10037,,58,1.79769313486232E+308,LMT,SELL,0,20.95,21.95,,1.79769313486232E+308,True,GTC,,
BZH,DU3053535,10038,,58,1.79769313486232E+308,TRAIL LIMIT,SELL,1.32,0,15.67,,-7.84,True,GTC,,
CADE,DU3053535,10035,,59,1.79769313486232E+308,TRAIL LIMIT,SELL,1.13,0,15.57,,-7.78,True,GTC,,
BZH,DU3053535,10036,,58,1.79769313486232E+308,LMT,BUY,0,17.33,18.33,,1.79769313486232E+308,True,GTC,,,20201229 09:30:00 EST, 114945521≥+16.99, 114945521≥+64491,margin ≥+20
CHMI,DU3053535,9990,,99,1.79769313486232E+308,TRAIL LIMIT,SELL,0.58,0,9.51,,-4.75,True,GTC,,
CGBD,DU3053535,9991,,86,1.79769313486232E+308,LMT,BUY,0,11.86,12.86,,1.79769313486232E+308,True,GTC,,,20201229 09:30:00 EST, 279166957≥+11.62, 279166957≥+100636,margin ≥+20
CHMI,DU3053535,9988,,99,1.79769313486232E+308,LMT,BUY,0,10.29,11.29,,1.79769313486232E+308,True,GTC,,,20201229 09:30:00 EST, 135748067≥+10.09, 135748067≥+36036,margin ≥+20
CHMI,DU3053535,9989,,99,1.79769313486232E+308,LMT,SELL,0,11.83,12.83,,1.79769313486232E+308,True,GTC,,
CFII,DU3053535,9994,,81,1.79769313486232E+308,LMT,BUY,0,12.56,13.56,,1.79769313486232E+308,True,GTC,,,20201229 09:30:00 EST, 450042704≥+12.31, 450042704≥+210982,margin ≥+20
CFII,DU3053535,9995,,81,1.79769313486232E+308,LMT,SELL,0,15.85,16.85,,1.79769313486232E+308,True,GTC,,
CGBD,DU3053535,9992,,86,1.79769313486232E+308,LMT,SELL,0,13.52,14.52,,1.79769313486232E+308,True,GTC,,
CGBD,DU3053535,9993,,86,1.79769313486232E+308,TRAIL LIMIT,SELL,0.63,0,10.99,,-5.49,True,GTC,,
CHRS,DU3053535,9982,,52,1.79769313486232E+308,LMT,BUY,0,19.25,20.25,,1.79769313486232E+308,True,GTC,,,20201229 09:30:00 EST, 172938783≥+18.87, 172938783≥+389309,margin ≥+20
CHRS,DU3053535,9983,,52,1.79769313486232E+308,LMT,SELL,0,23.13,24.13,,1.79769313486232E+308,True,GTC,,
CHU,DU3053535,9980,,166,1.79769313486232E+308,LMT,SELL,0,6.95,7.95,,1.79769313486232E+308,True,GTC,,
CHU,DU3053535,9981,,166,1.79769313486232E+308,TRAIL LIMIT,SELL,0.32,0,5.69,,-2.85,True,GTC,,
CHNG,DU3053535,9986,,50,1.79769313486232E+308,LMT,SELL,0,23.54,24.54,,1.79769313486232E+308,True,GTC,,
CHNG,DU3053535,9987,,50,1.79769313486232E+308,TRAIL LIMIT,SELL,1.28,0,18.42,,-9.21,True,GTC,,
CHRS,DU3053535,9984,,52,1.79769313486232E+308,TRAIL LIMIT,SELL,1.42,0,17.46,,-8.73,True,GTC,,
CHNG,DU3053535,9985,,50,1.79769313486232E+308,LMT,BUY,0,20.09,21.09,,1.79769313486232E+308,True,GTC,,,20201229 09:30:00 EST, 372849726≥+19.7, 372849726≥+813709,margin ≥+20
CDR,DU3053535,10006,,94,1.79769313486232E+308,LMT,BUY,0,10.79,11.79,,1.79769313486232E+308,True,GTC,,,20201229 09:30:00 EST, 455759817≥+10.58, 455759817≥+34418,margin ≥+20
CDR,DU3053535,10007,,94,1.79769313486232E+308,LMT,SELL,0,13.44,14.44,,1.79769313486232E+308,True,GTC,,
CDZI,DU3053535,10004,,90,1.79769313486232E+308,LMT,SELL,0,13.62,14.62,,1.79769313486232E+308,True,GTC,,
CDZI,DU3053535,10005,,90,1.79769313486232E+308,TRAIL LIMIT,SELL,0.85,0,10.22,,-5.11,True,GTC,,
CCX,DU3053535,10010,,93,1.79769313486232E+308,LMT,SELL,0,11.77,12.77,,1.79769313486232E+308,True,GTC,,
CCX,DU3053535,10011,,93,1.79769313486232E+308,TRAIL LIMIT,SELL,0.37,0,10.29,,-5.14,True,GTC,,
CDR,DU3053535,10008,,94,1.79769313486232E+308,TRAIL LIMIT,SELL,0.95,0,9.62,,-4.81,True,GTC,,
CCX,DU3053535,10009,,93,1.79769313486232E+308,LMT,BUY,0,10.88,11.88,,1.79769313486232E+308,True,GTC,,,20201229 09:30:00 EST, 375796340≥+10.66, 375796340≥+59545,margin ≥+20
CFFN,DU3053535,9998,,77,1.79769313486232E+308,LMT,SELL,0,14.55,15.55,,1.79769313486232E+308,True,GTC,,
CFFN,DU3053535,9999,,77,1.79769313486232E+308,TRAIL LIMIT,SELL,0.57,0,12.28,,-6.14,True,GTC,,
CFII,DU3053535,9996,,81,1.79769313486232E+308,TRAIL LIMIT,SELL,1.18,0,11.13,,-5.56,True,GTC,,
CFFN,DU3053535,9997,,77,1.79769313486232E+308,LMT,BUY,0,13.1,14.1,,1.79769313486232E+308,True,GTC,,,20201229 09:30:00 EST, 82340077≥+12.85, 82340077≥+523418,margin ≥+20
CFB,DU3053535,10002,,88,1.79769313486232E+308,TRAIL LIMIT,SELL,0.86,0,10.39,,-5.19,True,GTC,,
CDZI,DU3053535,10003,,90,1.79769313486232E+308,LMT,BUY,0,11.29,12.29,,1.79769313486232E+308,True,GTC,,,20201229 09:30:00 EST, 4728102≥+11.07, 4728102≥+87164,margin ≥+20
CFB,DU3053535,10000,,88,1.79769313486232E+308,LMT,BUY,0,11.48,12.48,,1.79769313486232E+308,True,GTC,,,20201229 09:30:00 EST, 379034087≥+11.25, 379034087≥+49527,margin ≥+20
CFB,DU3053535,10001,,88,1.79769313486232E+308,LMT,SELL,0,13.82,14.82,,1.79769313486232E+308,True,GTC,,
CLI,DU3053535,9958,,70,1.79769313486232E+308,LMT,BUY,0,14.52,15.52,,1.79769313486232E+308,True,GTC,,,20201229 09:30:00 EST, 5775≥+14.24, 5775≥+317327,margin ≥+20
CLI,DU3053535,9959,,70,1.79769313486232E+308,LMT,SELL,0,17.76,18.76,,1.79769313486232E+308,True,GTC,,
CLNC,DU3053535,9956,,119,1.79769313486232E+308,LMT,SELL,0,10.48,11.48,,1.79769313486232E+308,True,GTC,,
CLNC,DU3053535,9957,,119,1.79769313486232E+308,TRAIL LIMIT,SELL,0.71,0,7.66,,-3.83,True,GTC,,
CLDT,DU3053535,9962,,79,1.79769313486232E+308,LMT,SELL,0,15.72,16.72,,1.79769313486232E+308,True,GTC,,
CLDT,DU3053535,9963,,79,1.79769313486232E+308,TRAIL LIMIT,SELL,1.07,0,11.43,,-5.71,True,GTC,,
CLI,DU3053535,9960,,70,1.79769313486232E+308,TRAIL LIMIT,SELL,1.17,0,13.06,,-6.53,True,GTC,,
CLDT,DU3053535,9961,,79,1.79769313486232E+308,LMT,BUY,0,12.75,13.75,,1.79769313486232E+308,True,GTC,,,20201229 09:30:00 EST, 74264310≥+12.5, 74264310≥+143982,margin ≥+20
CLS,DU3053535,9950,,118,1.79769313486232E+308,LMT,SELL,0,9.9,10.9,,1.79769313486232E+308,True,GTC,,
CLS,DU3053535,9951,,118,1.79769313486232E+308,TRAIL LIMIT,SELL,0.49,0,7.93,,-3.96,True,GTC,,
CMC,DU3053535,9948,,46,1.79769313486232E+308,TRAIL LIMIT,SELL,1.33,0,20.21,,-10.1,True,GTC,,
CLS,DU3053535,9949,,118,1.79769313486232E+308,LMT,BUY,0,8.59,9.59,,1.79769313486232E+308,True,GTC,,,20201229 09:30:00 EST, 6477672≥+8.42, 6477672≥+21455,margin ≥+20
CLNY,DU3053535,9954,,185,1.79769313486232E+308,TRAIL LIMIT,SELL,0.49,0,4.89,,-2.45,True,GTC,,
CLNC,DU3053535,9955,,119,1.79769313486232E+308,LMT,BUY,0,8.53,9.53,,1.79769313486232E+308,True,GTC,,,20201229 09:30:00 EST, 321328210≥+8.37, 321328210≥+189055,margin ≥+20
CLNY,DU3053535,9952,,185,1.79769313486232E+308,LMT,BUY,0,5.48,6.48,,1.79769313486232E+308,True,GTC,,,20201229 09:30:00 EST, 321328204≥+5.38, 321328204≥+2437673,margin ≥+20
CLNY,DU3053535,9953,,185,1.79769313486232E+308,LMT,SELL,0,6.85,7.85,,1.79769313486232E+308,True,GTC,,
CIM,DU3053535,9974,,88,1.79769313486232E+308,LMT,SELL,0,13.29,14.29,,1.79769313486232E+308,True,GTC,,
CIM,DU3053535,9975,,88,1.79769313486232E+308,TRAIL LIMIT,SELL,0.67,0,10.63,,-5.31,True,GTC,,
CIO,DU3053535,9972,,97,1.79769313486232E+308,TRAIL LIMIT,SELL,0.67,0,9.58,,-4.79,True,GTC,,
CIM,DU3053535,9973,,88,1.79769313486232E+308,LMT,BUY,0,11.52,12.52,,1.79769313486232E+308,True,GTC,,,20201229 09:30:00 EST, 187296614≥+11.3, 187296614≥+663309,margin ≥+20
CIG,DU3053535,9978,,332,1.79769313486232E+308,TRAIL LIMIT,SELL,0.24,0,2.77,,-1.39,True,GTC,,
CHU,DU3053535,9979,,166,1.79769313486232E+308,LMT,BUY,0,6.12,7.12,,1.79769313486232E+308,True,GTC,,,20201229 09:30:00 EST, 9541641≥+6, 9541641≥+29109,margin ≥+20
CIG,DU3053535,9976,,332,1.79769313486232E+308,LMT,BUY,0,3.07,4.07,,1.79769313486232E+308,True,GTC,,,20201229 09:30:00 EST, 2006842≥+3.01, 2006842≥+1236836,margin ≥+20
CIG,DU3053535,9977,,332,1.79769313486232E+308,LMT,SELL,0,3.74,4.74,,1.79769313486232E+308,True,GTC,,
CLBK,DU3053535,9966,,62,1.79769313486232E+308,TRAIL LIMIT,SELL,0.68,0,15.25,,-7.62,True,GTC,,
CLAR,DU3053535,9967,,60,1.79769313486232E+308,LMT,BUY,0,16.83,17.83,,1.79769313486232E+308,True,GTC,,,20201229 09:30:00 EST, 285675114≥+16.5, 285675114≥+77582,margin ≥+20
CLBK,DU3053535,9964,,62,1.79769313486232E+308,LMT,BUY,0,16.25,17.25,,1.79769313486232E+308,True,GTC,,,20201229 09:30:00 EST, 314734931≥+15.94, 314734931≥+103255,margin ≥+20
CLBK,DU3053535,9965,,62,1.79769313486232E+308,LMT,SELL,0,17.98,18.98,,1.79769313486232E+308,True,GTC,,
CIO,DU3053535,9970,,97,1.79769313486232E+308,LMT,BUY,0,10.46,11.46,,1.79769313486232E+308,True,GTC,,,20201229 09:30:00 EST, 148163100≥+10.25, 148163100≥+163564,margin ≥+20
CIO,DU3053535,9971,,97,1.79769313486232E+308,LMT,SELL,0,12.28,13.28,,1.79769313486232E+308,True,GTC,,
CLAR,DU3053535,9968,,60,1.79769313486232E+308,LMT,SELL,0,19.81,20.81,,1.79769313486232E+308,True,GTC,,
CLAR,DU3053535,9969,,60,1.79769313486232E+308,TRAIL LIMIT,SELL,1.1,0,15.4,,-7.7,True,GTC,,
COLL,DU3053535,9926,,48,1.79769313486232E+308,LMT,SELL,0,25.87,26.87,,1.79769313486232E+308,True,GTC,,
COLL,DU3053535,9927,,48,1.79769313486232E+308,TRAIL LIMIT,SELL,1.73,0,18.94,,-9.47,True,GTC,,
COMM,DU3053535,9924,,70,1.79769313486232E+308,TRAIL LIMIT,SELL,0.96,0,13.17,,-6.58,True,GTC,,
COLL,DU3053535,9925,,48,1.79769313486232E+308,LMT,BUY,0,21.09,22.09,,1.79769313486232E+308,True,GTC,,,20201229 09:30:00 EST, 193626569≥+20.67, 193626569≥+64073,margin ≥+20
COG,DU3053535,9930,,54,1.79769313486232E+308,TRAIL LIMIT,SELL,1.31,0,16.99,,-8.5,True,GTC,,
CODI,DU3053535,9931,,47,1.79769313486232E+308,LMT,BUY,0,21.55,22.55,,1.79769313486232E+308,True,GTC,,,20201229 09:30:00 EST, 39126011≥+21.13, 39126011≥+26600,margin ≥+20
COG,DU3053535,9928,,54,1.79769313486232E+308,LMT,BUY,0,18.66,19.66,,1.79769313486232E+308,True,GTC,,,20201229 09:30:00 EST, 5946≥+18.3, 5946≥+2250091,margin ≥+20
COG,DU3053535,9929,,54,1.79769313486232E+308,LMT,SELL,0,22.23,23.23,,1.79769313486232E+308,True,GTC,,
CONXU,DU3053535,9918,,90,1.79769313486232E+308,TRAIL LIMIT,SELL,0.67,0,10.38,,-5.19,True,GTC,,
CONX,DU3053535,9919,,91,1.79769313486232E+308,LMT,BUY,0,11.15,12.15,,1.79769313486232E+308,True,GTC,,,20201229 09:30:00 EST, 461481843≥+10.93, 461481843≥+25120,margin ≥+20
CONXU,DU3053535,9916,,90,1.79769313486232E+308,LMT,BUY,0,11.27,12.27,,1.79769313486232E+308,True,GTC,,,20201229 09:30:00 EST, 452380684≥+11.05, 452380684≥+29400,margin ≥+20
CONXU,DU3053535,9917,,90,1.79769313486232E+308,LMT,SELL,0,13.07,14.07,,1.79769313486232E+308,True,GTC,,
COMM,DU3053535,9922,,70,1.79769313486232E+308,LMT,BUY,0,14.42,15.42,,1.79769313486232E+308,True,GTC,,,20201229 09:30:00 EST, 137407031≥+14.13, 137407031≥+911800,margin ≥+20
COMM,DU3053535,9923,,70,1.79769313486232E+308,LMT,SELL,0,17.02,18.02,,1.79769313486232E+308,True,GTC,,
CONX,DU3053535,9920,,91,1.79769313486232E+308,LMT,SELL,0,13.14,14.14,,1.79769313486232E+308,True,GTC,,
CONX,DU3053535,9921,,91,1.79769313486232E+308,TRAIL LIMIT,SELL,0.73,0,10.2,,-5.1,True,GTC,,
CMRE,DU3053535,9942,,115,1.79769313486232E+308,TRAIL LIMIT,SELL,0.73,0,7.91,,-3.96,True,GTC,,
CMO,DU3053535,9943,,158,1.79769313486232E+308,LMT,BUY,0,6.45,7.45,,1.79769313486232E+308,True,GTC,,,20201229 09:30:00 EST, 5835≥+6.32, 5835≥+536655,margin ≥+20
CMRE,DU3053535,9940,,115,1.79769313486232E+308,LMT,BUY,0,8.81,9.81,,1.79769313486232E+308,True,GTC,,,20201229 09:30:00 EST, 80627441≥+8.63, 80627441≥+85909,margin ≥+20
CMRE,DU3053535,9941,,115,1.79769313486232E+308,LMT,SELL,0,10.81,11.81,,1.79769313486232E+308,True,GTC,,
CMC,DU3053535,9946,,46,1.79769313486232E+308,LMT,BUY,0,21.97,22.97,,1.79769313486232E+308,True,GTC,,,20201229 09:30:00 EST, 5811≥+21.54, 5811≥+538636,margin ≥+20
CMC,DU3053535,9947,,46,1.79769313486232E+308,LMT,SELL,0,25.53,26.53,,1.79769313486232E+308,True,GTC,,
CMO,DU3053535,9944,,158,1.79769313486232E+308,LMT,SELL,0,7.57,8.57,,1.79769313486232E+308,True,GTC,,
CMO,DU3053535,9945,,158,1.79769313486232E+308,TRAIL LIMIT,SELL,0.42,0,5.9,,-2.95,True,GTC,,
CNSL,DU3053535,9934,,184,1.79769313486232E+308,LMT,BUY,0,5.52,6.52,,1.79769313486232E+308,True,GTC,,,20201229 09:30:00 EST, 35128548≥+5.42, 35128548≥+245691,margin ≥+20
CNSL,DU3053535,9935,,184,1.79769313486232E+308,LMT,SELL,0,6.72,7.72,,1.79769313486232E+308,True,GTC,,
CODI,DU3053535,9932,,47,1.79769313486232E+308,LMT,SELL,0,24.83,25.83,,1.79769313486232E+308,True,GTC,,
CODI,DU3053535,9933,,47,1.79769313486232E+308,TRAIL LIMIT,SELL,1.23,0,19.9,,-9.95,True,GTC,,
CNR,DU3053535,9938,,96,1.79769313486232E+308,LMT,SELL,0,12.78,13.78,,1.79769313486232E+308,True,GTC,,
CNR,DU3053535,9939,,96,1.79769313486232E+308,TRAIL LIMIT,SELL,0.82,0,9.52,,-4.76,True,GTC,,
CNSL,DU3053535,9936,,184,1.79769313486232E+308,TRAIL LIMIT,SELL,0.43,0,4.98,,-2.49,True,GTC,,
CNR,DU3053535,9937,,96,1.79769313486232E+308,LMT,BUY,0,10.54,11.54,,1.79769313486232E+308,True,GTC,,,20201229 09:30:00 EST, 366245770≥+10.34, 366245770≥+157073,margin ≥+20
CTT,DU3053535,9896,,98,1.79769313486232E+308,LMT,SELL,0,11.98,12.98,,1.79769313486232E+308,True,GTC,,
CTT,DU3053535,9897,,98,1.79769313486232E+308,TRAIL LIMIT,SELL,0.61,0,9.54,,-4.77,True,GTC,,
CVA,DU3053535,9891,,72,1.79769313486232E+308,TRAIL LIMIT,SELL,0.79,0,13.03,,-6.51,True,GTC,,
CTT,DU3053535,9895,,98,1.79769313486232E+308,LMT,BUY,0,10.35,11.35,,1.79769313486232E+308,True,GTC,,,20201229 09:30:00 EST, 139816118≥+10.15, 139816118≥+203891,margin ≥+20
CTSO,DU3053535,9900,,108,1.79769313486232E+308,TRAIL LIMIT,SELL,0.68,0,8.55,,-4.28,True,GTC,,
CTMX,DU3053535,9901,,120,1.79769313486232E+308,LMT,BUY,0,8.49,9.49,,1.79769313486232E+308,True,GTC,,,20201229 09:30:00 EST, 209048388≥+8.32, 209048388≥+371582,margin ≥+20
CTSO,DU3053535,9898,,108,1.79769313486232E+308,LMT,BUY,0,9.42,10.42,,1.79769313486232E+308,True,GTC,,,20201229 09:30:00 EST, 176133077≥+9.23, 176133077≥+56364,margin ≥+20
CTSO,DU3053535,9899,,108,1.79769313486232E+308,LMT,SELL,0,11.28,12.28,,1.79769313486232E+308,True,GTC,,
CWK,DU3053535,9885,,60,1.79769313486232E+308,TRAIL LIMIT,SELL,1.2,0,15.4,,-7.7,True,GTC,,
CVBF,DU3053535,9886,,48,1.79769313486232E+308,LMT,BUY,0,21.18,22.18,,1.79769313486232E+308,True,GTC,,,20201229 09:30:00 EST, 754270≥+20.76, 754270≥+311509,margin ≥+20
CWK,DU3053535,9883,,60,1.79769313486232E+308,LMT,BUY,0,16.94,17.94,,1.79769313486232E+308,True,GTC,,,20201229 09:30:00 EST, 327993683≥+16.6, 327993683≥+137036,margin ≥+20
CWK,DU3053535,9884,,60,1.79769313486232E+308,LMT,SELL,0,20.2,21.2,,1.79769313486232E+308,True,GTC,,
CVA,DU3053535,9889,,72,1.79769313486232E+308,LMT,BUY,0,14.09,15.09,,1.79769313486232E+308,True,GTC,,,20201229 09:30:00 EST, 754347≥+13.82, 754347≥+358055,margin ≥+20
CVA,DU3053535,9890,,72,1.79769313486232E+308,LMT,SELL,0,16.18,17.18,,1.79769313486232E+308,True,GTC,,
CVBF,DU3053535,9887,,48,1.79769313486232E+308,LMT,SELL,0,24.19,25.19,,1.79769313486232E+308,True,GTC,,
CVBF,DU3053535,9888,,48,1.79769313486232E+308,TRAIL LIMIT,SELL,1.14,0,19.62,,-9.81,True,GTC,,
CPF,DU3053535,9912,,50,1.79769313486232E+308,TRAIL LIMIT,SELL,1.22,0,18.67,,-9.33,True,GTC,,
COOLU,DU3053535,9913,,89,1.79769313486232E+308,LMT,BUY,0,11.44,12.44,,1.79769313486232E+308,True,GTC,,,20201229 09:30:00 EST, 460642057≥+11.22, 460642057≥+34000,margin ≥+20
CPF,DU3053535,9910,,50,1.79769313486232E+308,LMT,BUY,0,20.3,21.3,,1.79769313486232E+308,True,GTC,,,20201229 09:30:00 EST, 83602658≥+19.9, 83602658≥+160073,margin ≥+20
CPF,DU3053535,9911,,50,1.79769313486232E+308,LMT,SELL,0,23.57,24.57,,1.79769313486232E+308,True,GTC,,
COOLU,DU3053535,9914,,89,1.79769313486232E+308,LMT,SELL,0,13.77,14.77,,1.79769313486232E+308,True,GTC,,
COOLU,DU3053535,9915,,89,1.79769313486232E+308,TRAIL LIMIT,SELL,0.85,0,10.37,,-5.18,True,GTC,,
CSTM,DU3053535,9904,,68,1.79769313486232E+308,LMT,BUY,0,14.99,15.99,,1.79769313486232E+308,True,GTC,,,20201229 09:30:00 EST, 394959368≥+14.69, 394959368≥+53636,margin ≥+20
CSTM,DU3053535,9905,,68,1.79769313486232E+308,LMT,SELL,0,17.75,18.75,,1.79769313486232E+308,True,GTC,,
CTMX,DU3053535,9902,,120,1.79769313486232E+308,LMT,SELL,0,10.38,11.38,,1.79769313486232E+308,True,GTC,,
CTMX,DU3053535,9903,,120,1.79769313486232E+308,TRAIL LIMIT,SELL,0.69,0,7.64,,-3.82,True,GTC,,
CS,DU3053535,9908,,75,1.79769313486232E+308,LMT,SELL,0,15.12,16.12,,1.79769313486232E+308,True,GTC,,
CS,DU3053535,9909,,75,1.79769313486232E+308,TRAIL LIMIT,SELL,0.64,0,12.58,,-6.29,True,GTC,,
CSTM,DU3053535,9906,,68,1.79769313486232E+308,TRAIL LIMIT,SELL,1.02,0,13.68,,-6.84,True,GTC,,
CS,DU3053535,9907,,75,1.79769313486232E+308,LMT,BUY,0,13.48,14.48,,1.79769313486232E+308,True,GTC,,,20201229 09:30:00 EST, 13435351≥+13.21, 13435351≥+69218,margin ≥+20
DGII,DU3053535,9861,,47,1.79769313486232E+308,TRAIL LIMIT,SELL,1.82,0,19.04,,-9.52,True,GTC,,
DESP,DU3053535,9862,,73,1.79769313486232E+308,LMT,BUY,0,13.95,14.95,,1.79769313486232E+308,True,GTC,,,20201229 09:30:00 EST, 289903523≥+13.68, 289903523≥+46364,margin ≥+20
DGII,DU3053535,9859,,47,1.79769313486232E+308,LMT,BUY,0,21.27,22.27,,1.79769313486232E+308,True,GTC,,,20201229 09:30:00 EST, 268443≥+20.86, 268443≥+102036,margin ≥+20
DGII,DU3053535,9860,,47,1.79769313486232E+308,LMT,SELL,0,26.31,27.31,,1.79769313486232E+308,True,GTC,,
DENN,DU3053535,9865,,66,1.79769313486232E+308,LMT,BUY,0,15.45,16.45,,1.79769313486232E+308,True,GTC,,,20201229 09:30:00 EST, 14270526≥+15.15, 14270526≥+196855,margin ≥+20
DENN,DU3053535,9866,,66,1.79769313486232E+308,LMT,SELL,0,18.96,19.96,,1.79769313486232E+308,True,GTC,,
DESP,DU3053535,9863,,73,1.79769313486232E+308,LMT,SELL,0,17.19,18.19,,1.79769313486232E+308,True,GTC,,
DESP,DU3053535,9864,,73,1.79769313486232E+308,TRAIL LIMIT,SELL,1.17,0,12.5,,-6.25,True,GTC,,
DOC,DU3053535,9853,,53,1.79769313486232E+308,LMT,BUY,0,19.18,20.18,,1.79769313486232E+308,True,GTC,,,20201229 09:30:00 EST, 131219462≥+18.8, 131219462≥+805218,margin ≥+20
DOC,DU3053535,9854,,53,1.79769313486232E+308,LMT,SELL,0,21.08,22.08,,1.79769313486232E+308,True,GTC,,
DRH,DU3053535,9851,,111,1.79769313486232E+308,LMT,SELL,0,11.05,12.05,,1.79769313486232E+308,True,GTC,,
DRH,DU3053535,9852,,111,1.79769313486232E+308,TRAIL LIMIT,SELL,0.69,0,8.27,,-4.13,True,GTC,,
DHT,DU3053535,9857,,172,1.79769313486232E+308,LMT,SELL,0,7.04,8.04,,1.79769313486232E+308,True,GTC,,
DHT,DU3053535,9858,,172,1.79769313486232E+308,TRAIL LIMIT,SELL,0.41,0,5.38,,-2.69,True,GTC,,
DOC,DU3053535,9855,,53,1.79769313486232E+308,TRAIL LIMIT,SELL,0.76,0,18.04,,-9.02,True,GTC,,
DHT,DU3053535,9856,,172,1.79769313486232E+308,LMT,BUY,0,5.91,6.91,,1.79769313486232E+308,True,GTC,,,20201229 09:30:00 EST, 110322264≥+5.79, 110322264≥+218527,margin ≥+20
CXP,DU3053535,9877,,65,1.79769313486232E+308,LMT,BUY,0,15.51,16.51,,1.79769313486232E+308,True,GTC,,,20201229 09:30:00 EST, 135975631≥+15.21, 135975631≥+340345,margin ≥+20
CXP,DU3053535,9878,,65,1.79769313486232E+308,LMT,SELL,0,17.99,18.99,,1.79769313486232E+308,True,GTC,,
CZZ,DU3053535,9875,,49,1.79769313486232E+308,LMT,SELL,0,25.6,26.6,,1.79769313486232E+308,True,GTC,,
CZZ,DU3053535,9876,,49,1.79769313486232E+308,TRAIL LIMIT,SELL,1.75,0,18.61,,-9.3,True,GTC,,
CX,DU3053535,9881,,176,1.79769313486232E+308,LMT,SELL,0,7.14,8.14,,1.79769313486232E+308,True,GTC,,
CX,DU3053535,9882,,176,1.79769313486232E+308,TRAIL LIMIT,SELL,0.49,0,5.18,,-2.59,True,GTC,,
CXP,DU3053535,9879,,65,1.79769313486232E+308,TRAIL LIMIT,SELL,0.93,0,14.28,,-7.14,True,GTC,,
CX,DU3053535,9880,,176,1.79769313486232E+308,LMT,BUY,0,5.78,6.78,,1.79769313486232E+308,True,GTC,,,20201229 09:30:00 EST, 6257≥+5.67, 6257≥+537236,margin ≥+20
DB,DU3053535,9869,,85,1.79769313486232E+308,LMT,SELL,0,14.05,15.05,,1.79769313486232E+308,True,GTC,,
DB,DU3053535,9870,,85,1.79769313486232E+308,TRAIL LIMIT,SELL,0.79,0,10.88,,-5.44,True,GTC,,
DENN,DU3053535,9867,,66,1.79769313486232E+308,TRAIL LIMIT,SELL,1.27,0,13.88,,-6.94,True,GTC,,
DB,DU3053535,9868,,85,1.79769313486232E+308,LMT,BUY,0,11.91,12.91,,1.79769313486232E+308,True,GTC,,,20201229 09:30:00 EST, 13435352≥+11.67, 13435352≥+227400,margin ≥+20
DAN,DU3053535,9873,,47,1.79769313486232E+308,TRAIL LIMIT,SELL,1.65,0,19.61,,-9.8,True,GTC,,
CZZ,DU3053535,9874,,49,1.79769313486232E+308,LMT,BUY,0,20.77,21.77,,1.79769313486232E+308,True,GTC,,,20201229 09:30:00 EST, 45642845≥+20.36, 45642845≥+142000,margin ≥+20
DAN,DU3053535,9871,,47,1.79769313486232E+308,LMT,BUY,0,21.69,22.69,,1.79769313486232E+308,True,GTC,,,20201229 09:30:00 EST, 49260419≥+21.26, 49260419≥+428382,margin ≥+20
DAN,DU3053535,9872,,47,1.79769313486232E+308,LMT,SELL,0,26.2,27.2,,1.79769313486232E+308,True,GTC,,
EDD,DU3053535,9829,,154,1.79769313486232E+308,LMT,BUY,0,6.6,7.6,,1.79769313486232E+308,True,GTC,,,20201229 09:30:00 EST, 43980336≥+6.47, 43980336≥+37018,margin ≥+20
EDD,DU3053535,9830,,154,1.79769313486232E+308,LMT,SELL,0,6.92,7.92,,1.79769313486232E+308,True,GTC,,
EFC,DU3053535,9827,,63,1.79769313486232E+308,LMT,SELL,0,17.75,18.75,,1.79769313486232E+308,True,GTC,,
EFC,DU3053535,9828,,63,1.79769313486232E+308,TRAIL LIMIT,SELL,0.66,0,15.12,,-7.56,True,GTC,,
EC,DU3053535,9833,,70,1.79769313486232E+308,LMT,SELL,0,16.61,17.61,,1.79769313486232E+308,True,GTC,,
EC,DU3053535,9834,,70,1.79769313486232E+308,TRAIL LIMIT,SELL,0.82,0,13.33,,-6.67,True,GTC,,
EDD,DU3053535,9831,,154,1.79769313486232E+308,TRAIL LIMIT,SELL,0.15,0,6.32,,-3.16,True,GTC,,
EC,DU3053535,9832,,70,1.79769313486232E+308,LMT,BUY,0,14.43,15.43,,1.79769313486232E+308,True,GTC,,,20201229 09:30:00 EST, 53855090≥+14.15, 53855090≥+69673,margin ≥+20
EIGI,DU3053535,9821,,104,1.79769313486232E+308,LMT,SELL,0,9.99,10.99,,1.79769313486232E+308,True,GTC,,
EIGI,DU3053535,9822,,104,1.79769313486232E+308,TRAIL LIMIT,SELL,0.13,0,9.46,,-4.73,True,GTC,,
ELP,DU3053535,9819,,66,1.79769313486232E+308,TRAIL LIMIT,SELL,0.89,0,14.25,,-7.13,True,GTC,,
EIGI,DU3053535,9820,,104,1.79769313486232E+308,LMT,BUY,0,9.78,10.78,,1.79769313486232E+308,True,GTC,,,20201229 09:30:00 EST, 137407032≥+9.59, 137407032≥+151945,margin ≥+20
EGO,DU3053535,9825,,70,1.79769313486232E+308,TRAIL LIMIT,SELL,1.27,0,12.99,,-6.5,True,GTC,,
EFC,DU3053535,9826,,63,1.79769313486232E+308,LMT,BUY,0,16.09,17.09,,1.79769313486232E+308,True,GTC,,,20201229 09:30:00 EST, 355090937≥+15.78, 355090937≥+75364,margin ≥+20
EGO,DU3053535,9823,,70,1.79769313486232E+308,LMT,BUY,0,14.55,15.55,,1.79769313486232E+308,True,GTC,,,20201229 09:30:00 EST, 346219259≥+14.26, 346219259≥+96091,margin ≥+20
EGO,DU3053535,9824,,70,1.79769313486232E+308,LMT,SELL,0,18.08,19.08,,1.79769313486232E+308,True,GTC,,
EB,DU3053535,9845,,49,1.79769313486232E+308,LMT,SELL,0,24.84,25.84,,1.79769313486232E+308,True,GTC,,
EB,DU3053535,9846,,49,1.79769313486232E+308,TRAIL LIMIT,SELL,1.61,0,18.39,,-9.2,True,GTC,,
EBC,DU3053535,9843,,58,1.79769313486232E+308,TRAIL LIMIT,SELL,1,0,16.19,,-8.1,True,GTC,,
EB,DU3053535,9844,,49,1.79769313486232E+308,LMT,BUY,0,20.4,21.4,,1.79769313486232E+308,True,GTC,,,20201229 09:30:00 EST, 333847811≥+20, 333847811≥+202764,margin ≥+20
DX,DU3053535,9849,,53,1.79769313486232E+308,TRAIL LIMIT,SELL,0.74,0,17.95,,-8.97,True,GTC,,
DRH,DU3053535,9850,,111,1.79769313486232E+308,LMT,BUY,0,9.15,10.15,,1.79769313486232E+308,True,GTC,,,20201229 09:30:00 EST, 34532778≥+8.97, 34532778≥+722291,margin ≥+20
DX,DU3053535,9847,,53,1.79769313486232E+308,LMT,BUY,0,19.06,20.06,,1.79769313486232E+308,True,GTC,,,20201229 09:30:00 EST, 370528221≥+18.69, 370528221≥+157218,margin ≥+20
DX,DU3053535,9848,,53,1.79769313486232E+308,LMT,SELL,0,20.91,21.91,,1.79769313486232E+308,True,GTC,,
EBR,DU3053535,9837,,127,1.79769313486232E+308,TRAIL LIMIT,SELL,0.57,0,7.26,,-3.63,True,GTC,,
EBF,DU3053535,9838,,54,1.79769313486232E+308,LMT,BUY,0,18.67,19.67,,1.79769313486232E+308,True,GTC,,,20201229 09:30:00 EST, 6648≥+18.3, 6648≥+55218,margin ≥+20
EBR,DU3053535,9835,,127,1.79769313486232E+308,LMT,BUY,0,7.98,8.98,,1.79769313486232E+308,True,GTC,,,20201229 09:30:00 EST, 38988979≥+7.82, 38988979≥+29509,margin ≥+20
EBR,DU3053535,9836,,127,1.79769313486232E+308,LMT,SELL,0,9.53,10.53,,1.79769313486232E+308,True,GTC,,
EBC,DU3053535,9841,,58,1.79769313486232E+308,LMT,BUY,0,17.53,18.53,,1.79769313486232E+308,True,GTC,,,20201229 09:30:00 EST, 450042709≥+17.18, 450042709≥+4391855,margin ≥+20
EBC,DU3053535,9842,,58,1.79769313486232E+308,LMT,SELL,0,20.18,21.18,,1.79769313486232E+308,True,GTC,,
EBF,DU3053535,9839,,54,1.79769313486232E+308,LMT,SELL,0,21.58,22.58,,1.79769313486232E+308,True,GTC,,
EBF,DU3053535,9840,,54,1.79769313486232E+308,TRAIL LIMIT,SELL,1.09,0,17.21,,-8.61,True,GTC,,
LMNR,DU3053535,10311,,57,1.79769313486232E+308,TRAIL LIMIT,SELL,1.45,0,16,,-8,True,GTC,,
BLX,DU3053535,10312,,60,1.79769313486232E+308,LMT,BUY,0,16.78,17.78,,1.79769313486232E+308,True,GTC,,,20201229 09:30:00 EST, 5072≥+16.45, 5072≥+28855,margin ≥+20
LMNR,DU3053535,10309,,57,1.79769313486232E+308,LMT,BUY,0,17.8,18.8,,1.79769313486232E+308,True,GTC,,,20201229 09:30:00 EST, 48916802≥+17.45, 48916802≥+30673,margin ≥+20
LMNR,DU3053535,10310,,57,1.79769313486232E+308,LMT,SELL,0,21.81,22.81,,1.79769313486232E+308,True,GTC,,
MJ,DU3053535,10315,,60,1.79769313486232E+308,LMT,BUY,0,16.85,17.85,,1.79769313486232E+308,True,GTC,,,20201229 09:30:00 EST, 237886920≥+16.52, 237886920≥+73218,margin ≥+20
MJ,DU3053535,10316,,60,1.79769313486232E+308,LMT,SELL,0,20.77,21.77,,1.79769313486232E+308,True,GTC,,
BLX,DU3053535,10313,,60,1.79769313486232E+308,LMT,SELL,0,19.12,20.12,,1.79769313486232E+308,True,GTC,,
BLX,DU3053535,10314,,60,1.79769313486232E+308,TRAIL LIMIT,SELL,0.89,0,15.57,,-7.79,True,GTC,,
ACBI,DU3053535,10303,,59,1.79769313486232E+308,LMT,BUY,0,17.06,18.06,,1.79769313486232E+308,True,GTC,,,20201229 09:30:00 EST, 211533625≥+16.73, 211533625≥+41436,margin ≥+20
ACBI,DU3053535,10304,,59,1.79769313486232E+308,LMT,SELL,0,20.15,21.15,,1.79769313486232E+308,True,GTC,,
HBNC,DU3053535,10301,,61,1.79769313486232E+308,LMT,SELL,0,19.34,20.34,,1.79769313486232E+308,True,GTC,,
HBNC,DU3053535,10302,,61,1.79769313486232E+308,TRAIL LIMIT,SELL,0.99,0,15.39,,-7.69,True,GTC,,
ACBI,DU3053535,10305,,59,1.79769313486232E+308,TRAIL LIMIT,SELL,1.14,0,15.58,,-7.79,True,GTC,,
AVD,DU3053535,10327,,59,1.79769313486232E+308,LMT,BUY,0,17.16,18.16,,1.79769313486232E+308,True,GTC,,,20201229 09:30:00 EST, 6604203≥+16.82, 6604203≥+66836,margin ≥+20
AVD,DU3053535,10328,,59,1.79769313486232E+308,LMT,SELL,0,20.15,21.15,,1.79769313486232E+308,True,GTC,,
DCOM,DU3053535,10325,,58,1.79769313486232E+308,LMT,SELL,0,20.58,21.58,,1.79769313486232E+308,True,GTC,,
DCOM,DU3053535,10326,,58,1.79769313486232E+308,TRAIL LIMIT,SELL,1.17,0,15.91,,-7.96,True,GTC,,
OXFD,DU3053535,10331,,54,1.79769313486232E+308,LMT,SELL,0,22.88,23.88,,1.79769313486232E+308,True,GTC,,
OXFD,DU3053535,10332,,54,1.79769313486232E+308,TRAIL LIMIT,SELL,1.5,0,16.86,,-8.43,True,GTC,,
AVD,DU3053535,10329,,59,1.79769313486232E+308,TRAIL LIMIT,SELL,1.11,0,15.71,,-7.86,True,GTC,,
OXFD,DU3053535,10330,,54,1.79769313486232E+308,LMT,BUY,0,18.73,19.73,,1.79769313486232E+308,True,GTC,,,20201229 09:30:00 EST, 138999585≥+18.37, 138999585≥+82291,margin ≥+20
KE,DU3053535,10319,,59,1.79769313486232E+308,LMT,SELL,0,19.96,20.96,,1.79769313486232E+308,True,GTC,,
KE,DU3053535,10320,,59,1.79769313486232E+308,TRAIL LIMIT,SELL,1.05,0,15.76,,-7.88,True,GTC,,
MJ,DU3053535,10317,,60,1.79769313486232E+308,TRAIL LIMIT,SELL,1.41,0,15.11,,-7.56,True,GTC,,
KE,DU3053535,10318,,59,1.79769313486232E+308,LMT,BUY,0,17.15,18.15,,1.79769313486232E+308,True,GTC,,,20201229 09:30:00 EST, 170692627≥+16.81, 170692627≥+34618,margin ≥+20
CVLG,DU3053535,10323,,57,1.79769313486232E+308,TRAIL LIMIT,SELL,1.49,0,15.77,,-7.89,True,GTC,,
DCOM,DU3053535,10324,,58,1.79769313486232E+308,LMT,BUY,0,17.42,18.42,,1.79769313486232E+308,True,GTC,,,20201229 09:30:00 EST, 3655514≥+17.08, 3655514≥+63382,margin ≥+20
CVLG,DU3053535,10321,,57,1.79769313486232E+308,LMT,BUY,0,17.6,18.6,,1.79769313486232E+308,True,GTC,,,20201229 09:30:00 EST, 268235≥+17.25, 268235≥+21927,margin ≥+20
CVLG,DU3053535,10322,,57,1.79769313486232E+308,LMT,SELL,0,21.71,22.71,,1.79769313486232E+308,True,GTC,,
PHYS,DU3053535,10279,,65,1.79769313486232E+308,LMT,BUY,0,15.5,16.5,,1.79769313486232E+308,True,GTC,,,20201229 09:30:00 EST, 73062564≥+15.2, 73062564≥+23073,margin ≥+20
PHYS,DU3053535,10280,,65,1.79769313486232E+308,LMT,SELL,0,16.86,17.86,,1.79769313486232E+308,True,GTC,,
SILJ,DU3053535,10277,,60,1.79769313486232E+308,LMT,SELL,0,20.65,21.65,,1.79769313486232E+308,True,GTC,,
SILJ,DU3053535,10278,,60,1.79769313486232E+308,TRAIL LIMIT,SELL,1.37,0,15.19,,-7.59,True,GTC,,
HMLP,DU3053535,10283,,65,1.79769313486232E+308,LMT,SELL,0,18.5,19.5,,1.79769313486232E+308,True,GTC,,
HMLP,DU3053535,10284,,65,1.79769313486232E+308,TRAIL LIMIT,SELL,1.07,0,14.23,,-7.12,True,GTC,,
PHYS,DU3053535,10281,,65,1.79769313486232E+308,TRAIL LIMIT,SELL,0.55,0,14.64,,-7.32,True,GTC,,
HMLP,DU3053535,10282,,65,1.79769313486232E+308,LMT,BUY,0,15.6,16.6,,1.79769313486232E+308,True,GTC,,,20201229 09:30:00 EST, 162876270≥+15.3, 162876270≥+74455,margin ≥+20
DGICA,DU3053535,10271,,67,1.79769313486232E+308,LMT,SELL,0,16.53,17.53,,1.79769313486232E+308,True,GTC,,
DGICA,DU3053535,10272,,67,1.79769313486232E+308,TRAIL LIMIT,SELL,0.57,0,14.26,,-7.13,True,GTC,,
MCBS,DU3053535,10269,,66,1.79769313486232E+308,TRAIL LIMIT,SELL,0.79,0,14.31,,-7.16,True,GTC,,
DGICA,DU3053535,10270,,67,1.79769313486232E+308,LMT,BUY,0,15.13,16.13,,1.79769313486232E+308,True,GTC,,,20201229 09:30:00 EST, 14487825≥+14.83, 14487825≥+42255,margin ≥+20
DBC,DU3053535,10275,,66,1.79769313486232E+308,TRAIL LIMIT,SELL,0.5,0,14.49,,-7.25,True,GTC,,
SILJ,DU3053535,10276,,60,1.79769313486232E+308,LMT,BUY,0,16.89,17.89,,1.79769313486232E+308,True,GTC,,,20201229 09:30:00 EST, 237886911≥+16.56, 237886911≥+91473,margin ≥+20
DBC,DU3053535,10273,,66,1.79769313486232E+308,LMT,BUY,0,15.29,16.29,,1.79769313486232E+308,True,GTC,,,20201229 09:30:00 EST, 319355208≥+14.99, 319355208≥+109182,margin ≥+20
DBC,DU3053535,10274,,66,1.79769313486232E+308,LMT,SELL,0,16.5,17.5,,1.79769313486232E+308,True,GTC,,
LCUT,DU3053535,10293,,61,1.79769313486232E+308,TRAIL LIMIT,SELL,1.37,0,14.98,,-7.49,True,GTC,,
HBT,DU3053535,10299,,61,1.79769313486232E+308,TRAIL LIMIT,SELL,0.9,0,15.31,,-7.65,True,GTC,,
HBNC,DU3053535,10300,,61,1.79769313486232E+308,LMT,BUY,0,16.71,17.71,,1.79769313486232E+308,True,GTC,,,20201229 09:30:00 EST, 13899170≥+16.38, 13899170≥+53636,margin ≥+20
HBT,DU3053535,10297,,61,1.79769313486232E+308,LMT,BUY,0,16.54,17.54,,1.79769313486232E+308,True,GTC,,,20201229 09:30:00 EST, 387014894≥+16.21, 387014894≥+49018,margin ≥+20
HBT,DU3053535,10298,,61,1.79769313486232E+308,LMT,SELL,0,18.92,19.92,,1.79769313486232E+308,True,GTC,,
EBSB,DU3053535,10287,,64,1.79769313486232E+308,TRAIL LIMIT,SELL,0.91,0,14.66,,-7.33,True,GTC,,
EBSB,DU3053535,10285,,64,1.79769313486232E+308,LMT,BUY,0,15.88,16.88,,1.79769313486232E+308,True,GTC,,,20201229 09:30:00 EST, 162227554≥+15.57, 162227554≥+65000,margin ≥+20
EBSB,DU3053535,10286,,64,1.79769313486232E+308,LMT,SELL,0,18.31,19.31,,1.79769313486232E+308,True,GTC,,
LCUT,DU3053535,10291,,61,1.79769313486232E+308,LMT,BUY,0,16.68,17.68,,1.79769313486232E+308,True,GTC,,,20201229 09:30:00 EST, 271138≥+16.35, 271138≥+21582,margin ≥+20
LCUT,DU3053535,10292,,61,1.79769313486232E+308,LMT,SELL,0,20.46,21.46,,1.79769313486232E+308,True,GTC,,
FANH,DU3053535,10247,,74,1.79769313486232E+308,LMT,SELL,0,16.6,17.6,,1.79769313486232E+308,True,GTC,,
FANH,DU3053535,10248,,74,1.79769313486232E+308,TRAIL LIMIT,SELL,1.05,0,12.39,,-6.2,True,GTC,,
FANH,DU3053535,10246,,74,1.79769313486232E+308,LMT,BUY,0,13.71,14.71,,1.79769313486232E+308,True,GTC,,,20201229 09:30:00 EST, 257941393≥+13.44, 257941393≥+27364,margin ≥+20
EIM,DU3053535,10252,,74,1.79769313486232E+308,LMT,BUY,0,13.74,14.74,,1.79769313486232E+308,True,GTC,,,20201229 09:30:00 EST, 15964752≥+13.47, 15964752≥+23655,margin ≥+20
BWB,DU3053535,10239,,76,1.79769313486232E+308,TRAIL LIMIT,SELL,0.69,0,12.42,,-6.21,True,GTC,,
BWB,DU3053535,10237,,76,1.79769313486232E+308,LMT,BUY,0,13.37,14.37,,1.79769313486232E+308,True,GTC,,,20201229 09:30:00 EST, 310410814≥+13.11, 310410814≥+36745,margin ≥+20
BWB,DU3053535,10238,,76,1.79769313486232E+308,LMT,SELL,0,15.17,16.17,,1.79769313486232E+308,True,GTC,,
PKE,DU3053535,10263,,69,1.79769313486232E+308,TRAIL LIMIT,SELL,0.84,0,13.52,,-6.76,True,GTC,,
HCKT,DU3053535,10264,,66,1.79769313486232E+308,LMT,BUY,0,15.26,16.26,,1.79769313486232E+308,True,GTC,,,20201229 09:30:00 EST, 47965845≥+14.96, 47965845≥+44418,margin ≥+20
PKE,DU3053535,10261,,69,1.79769313486232E+308,LMT,BUY,0,14.65,15.65,,1.79769313486232E+308,True,GTC,,,20201229 09:30:00 EST, 374166573≥+14.36, 374166573≥+81855,margin ≥+20
PKE,DU3053535,10262,,69,1.79769313486232E+308,LMT,SELL,0,16.87,17.87,,1.79769313486232E+308,True,GTC,,
MCBS,DU3053535,10267,,66,1.79769313486232E+308,LMT,BUY,0,15.4,16.4,,1.79769313486232E+308,True,GTC,,,20201229 09:30:00 EST, 228159336≥+15.1, 228159336≥+26818,margin ≥+20
MCBS,DU3053535,10268,,66,1.79769313486232E+308,LMT,SELL,0,17.47,18.47,,1.79769313486232E+308,True,GTC,,
HCKT,DU3053535,10265,,66,1.79769313486232E+308,LMT,SELL,0,17.55,18.55,,1.79769313486232E+308,True,GTC,,
HCKT,DU3053535,10266,,66,1.79769313486232E+308,TRAIL LIMIT,SELL,0.86,0,14.1,,-7.05,True,GTC,,
JWS U,DU3053535,10255,,62,1.79769313486232E+308,LMT,BUY,0,16.31,17.31,,1.79769313486232E+308,True,GTC,,,20201229 09:30:00 EST, 421686546≥+15.99, 421686546≥+67164,margin ≥+20
JWS U,DU3053535,10256,,62,1.79769313486232E+308,LMT,SELL,0,20.34,21.34,,1.79769313486232E+308,True,GTC,,
EIM,DU3053535,10253,,74,1.79769313486232E+308,LMT,SELL,0,14.04,15.04,,1.79769313486232E+308,True,GTC,,
EIM,DU3053535,10254,,74,1.79769313486232E+308,TRAIL LIMIT,SELL,0.19,0,13.28,,-6.64,True,GTC,,
CSTR,DU3053535,10259,,65,1.79769313486232E+308,LMT,SELL,0,18.7,19.7,,1.79769313486232E+308,True,GTC,,
CSTR,DU3053535,10260,,65,1.79769313486232E+308,TRAIL LIMIT,SELL,1.16,0,14.07,,-7.04,True,GTC,,
JWS U,DU3053535,10257,,62,1.79769313486232E+308,TRAIL LIMIT,SELL,1.45,0,14.54,,-7.27,True,GTC,,
CSTR,DU3053535,10258,,65,1.79769313486232E+308,LMT,BUY,0,15.53,16.53,,1.79769313486232E+308,True,GTC,,,20201229 09:30:00 EST, 248811623≥+15.23, 248811623≥+20273,margin ≥+20
CSTE,DU3053535,10215,,82,1.79769313486232E+308,TRAIL LIMIT,SELL,0.92,0,11.16,,-5.58,True,GTC,,
PVBC,DU3053535,10216,,77,1.79769313486232E+308,LMT,BUY,0,13.1,14.1,,1.79769313486232E+308,True,GTC,,,20201229 09:30:00 EST, 387594584≥+12.84, 387594584≥+141945,margin ≥+20
CSTE,DU3053535,10213,,82,1.79769313486232E+308,LMT,BUY,0,12.33,13.33,,1.79769313486232E+308,True,GTC,,,20201229 09:30:00 EST, 104887380≥+12.09, 104887380≥+30600,margin ≥+20
CSTE,DU3053535,10214,,82,1.79769313486232E+308,LMT,SELL,0,14.86,15.86,,1.79769313486232E+308,True,GTC,,
TPCO,DU3053535,10219,,75,1.79769313486232E+308,LMT,BUY,0,13.48,14.48,,1.79769313486232E+308,True,GTC,,,20201229 09:30:00 EST, 336638413≥+13.21, 336638413≥+30600,margin ≥+20
TPCO,DU3053535,10220,,75,1.79769313486232E+308,LMT,SELL,0,16.01,17.01,,1.79769313486232E+308,True,GTC,,
PVBC,DU3053535,10217,,77,1.79769313486232E+308,LMT,SELL,0,15.54,16.54,,1.79769313486232E+308,True,GTC,,
PVBC,DU3053535,10218,,77,1.79769313486232E+308,TRAIL LIMIT,SELL,0.9,0,11.94,,-5.97,True,GTC,,
SONA,DU3053535,10207,,76,1.79769313486232E+308,LMT,BUY,0,13.26,14.26,,1.79769313486232E+308,True,GTC,,,20201229 09:30:00 EST, 41550972≥+13, 41550972≥+26000,margin ≥+20
SONA,DU3053535,10208,,76,1.79769313486232E+308,LMT,SELL,0,16.52,17.52,,1.79769313486232E+308,True,GTC,,
MIXT,DU3053535,10205,,80,1.79769313486232E+308,LMT,SELL,0,14.55,15.55,,1.79769313486232E+308,True,GTC,,
MIXT,DU3053535,10206,,80,1.79769313486232E+308,TRAIL LIMIT,SELL,0.71,0,11.71,,-5.86,True,GTC,,
AJAX U,DU3053535,10211,,75,1.79769313486232E+308,LMT,SELL,0,16.46,17.46,,1.79769313486232E+308,True,GTC,,
AJAX U,DU3053535,10212,,75,1.79769313486232E+308,TRAIL LIMIT,SELL,1.1,0,12.07,,-6.03,True,GTC,,
SONA,DU3053535,10209,,76,1.79769313486232E+308,TRAIL LIMIT,SELL,1.17,0,11.83,,-5.91,True,GTC,,
AJAX U,DU3053535,10210,,75,1.79769313486232E+308,LMT,BUY,0,13.43,14.43,,1.79769313486232E+308,True,GTC,,,20201229 09:30:00 EST, 452226246≥+13.17, 452226246≥+24073,margin ≥+20
FRGI,DU3053535,10231,,75,1.79769313486232E+308,LMT,BUY,0,13.43,14.43,,1.79769313486232E+308,True,GTC,,,20201229 09:30:00 EST, 106671139≥+13.17, 106671139≥+40473,margin ≥+20
FRGI,DU3053535,10232,,75,1.79769313486232E+308,LMT,SELL,0,16.44,17.44,,1.79769313486232E+308,True,GTC,,
BNO,DU3053535,10235,,75,1.79769313486232E+308,LMT,SELL,0,14.98,15.98,,1.79769313486232E+308,True,GTC,,
BNO,DU3053535,10236,,75,1.79769313486232E+308,TRAIL LIMIT,SELL,0.57,0,12.7,,-6.35,True,GTC,,
FRGI,DU3053535,10233,,75,1.79769313486232E+308,TRAIL LIMIT,SELL,1.09,0,12.08,,-6.04,True,GTC,,
BNO,DU3053535,10234,,75,1.79769313486232E+308,LMT,BUY,0,13.53,14.53,,1.79769313486232E+308,True,GTC,,,20201229 09:30:00 EST, 75961365≥+13.27, 75961365≥+27036,margin ≥+20
GSG,DU3053535,10223,,78,1.79769313486232E+308,LMT,SELL,0,14.34,15.34,,1.79769313486232E+308,True,GTC,,
GSG,DU3053535,10224,,78,1.79769313486232E+308,TRAIL LIMIT,SELL,0.55,0,12.14,,-6.07,True,GTC,,
TPCO,DU3053535,10221,,75,1.79769313486232E+308,TRAIL LIMIT,SELL,0.93,0,12.28,,-6.14,True,GTC,,
GSG,DU3053535,10222,,78,1.79769313486232E+308,LMT,BUY,0,12.94,13.94,,1.79769313486232E+308,True,GTC,,,20201229 09:30:00 EST, 40066344≥+12.69, 40066344≥+119891,margin ≥+20
PACK,DU3053535,10227,,75,1.79769313486232E+308,TRAIL LIMIT,SELL,0.93,0,12.3,,-6.15,True,GTC,,
PACK,DU3053535,10225,,75,1.79769313486232E+308,LMT,BUY,0,13.49,14.49,,1.79769313486232E+308,True,GTC,,,20201229 09:30:00 EST, 368681400≥+13.23, 368681400≥+57727,margin ≥+20
PACK,DU3053535,10226,,75,1.79769313486232E+308,LMT,SELL,0,16.02,17.02,,1.79769313486232E+308,True,GTC,,
PIAI,DU3053535,10183,,96,1.79769313486232E+308,LMT,BUY,0,10.61,11.61,,1.79769313486232E+308,True,GTC,,,20201229 09:30:00 EST, 452226264≥+10.4, 452226264≥+91873,margin ≥+20
PIAI,DU3053535,10184,,96,1.79769313486232E+308,LMT,SELL,0,11.17,12.17,,1.79769313486232E+308,True,GTC,,
CCIV U,DU3053535,10181,,95,1.79769313486232E+308,LMT,SELL,0,11.22,12.22,,1.79769313486232E+308,True,GTC,,
CCIV U,DU3053535,10182,,95,1.79769313486232E+308,TRAIL LIMIT,SELL,0.24,0,10.25,,-5.12,True,GTC,,
OSBC,DU3053535,10187,,93,1.79769313486232E+308,LMT,SELL,0,13.01,14.01,,1.79769313486232E+308,True,GTC,,
OSBC,DU3053535,10188,,93,1.79769313486232E+308,TRAIL LIMIT,SELL,0.75,0,10,,-5,True,GTC,,
PIAI,DU3053535,10185,,96,1.79769313486232E+308,TRAIL LIMIT,SELL,0.26,0,10.14,,-5.07,True,GTC,,
OSBC,DU3053535,10186,,93,1.79769313486232E+308,LMT,BUY,0,10.97,11.97,,1.79769313486232E+308,True,GTC,,,20201229 09:30:00 EST, 3655785≥+10.75, 3655785≥+35236,margin ≥+20
NESR,DU3053535,10175,,96,1.79769313486232E+308,LMT,SELL,0,12.75,13.75,,1.79769313486232E+308,True,GTC,,
NESR,DU3053535,10176,,96,1.79769313486232E+308,TRAIL LIMIT,SELL,0.78,0,9.64,,-4.82,True,GTC,,
SMED,DU3053535,10173,,96,1.79769313486232E+308,TRAIL LIMIT,SELL,0.93,0,9.39,,-4.69,True,GTC,,
NESR,DU3053535,10174,,96,1.79769313486232E+308,LMT,BUY,0,10.62,11.62,,1.79769313486232E+308,True,GTC,,,20201229 09:30:00 EST, 278169018≥+10.42, 278169018≥+27073,margin ≥+20
CARE,DU3053535,10179,,88,1.79769313486232E+308,TRAIL LIMIT,SELL,0.98,0,10.34,,-5.17,True,GTC,,
CCIV U,DU3053535,10180,,95,1.79769313486232E+308,LMT,BUY,0,10.7,11.7,,1.79769313486232E+308,True,GTC,,,20201229 09:30:00 EST, 436980124≥+10.49, 436980124≥+20273,margin ≥+20
CARE,DU3053535,10177,,88,1.79769313486232E+308,LMT,BUY,0,11.55,12.55,,1.79769313486232E+308,True,GTC,,,20201229 09:30:00 EST, 456801241≥+11.32, 456801241≥+21909,margin ≥+20
CARE,DU3053535,10178,,88,1.79769313486232E+308,LMT,SELL,0,14.26,15.26,,1.79769313486232E+308,True,GTC,,
NBA U,DU3053535,10199,,88,1.79769313486232E+308,LMT,SELL,0,12.74,13.74,,1.79769313486232E+308,True,GTC,,
NBA U,DU3053535,10200,,88,1.79769313486232E+308,TRAIL LIMIT,SELL,0.47,0,10.87,,-5.43,True,GTC,,
AJX,DU3053535,10197,,90,1.79769313486232E+308,TRAIL LIMIT,SELL,0.7,0,10.35,,-5.18,True,GTC,,
NBA U,DU3053535,10198,,88,1.79769313486232E+308,LMT,BUY,0,11.57,12.57,,1.79769313486232E+308,True,GTC,,,20201229 09:30:00 EST, 452821498≥+11.34, 452821498≥+30655,margin ≥+20
VKI,DU3053535,10203,,87,1.79769313486232E+308,TRAIL LIMIT,SELL,0.21,0,11.23,,-5.62,True,GTC,,
MIXT,DU3053535,10204,,80,1.79769313486232E+308,LMT,BUY,0,12.67,13.67,,1.79769313486232E+308,True,GTC,,,20201229 09:30:00 EST, 132522516≥+12.42, 132522516≥+24836,margin ≥+20
VKI,DU3053535,10201,,87,1.79769313486232E+308,LMT,BUY,0,11.67,12.67,,1.79769313486232E+308,True,GTC,,,20201229 09:30:00 EST, 75911318≥+11.44, 75911318≥+26945,margin ≥+20
VKI,DU3053535,10202,,87,1.79769313486232E+308,LMT,SELL,0,12.08,13.08,,1.79769313486232E+308,True,GTC,,
MOTV U,DU3053535,10191,,94,1.79769313486232E+308,TRAIL LIMIT,SELL,0.25,0,10.33,,-5.16,True,GTC,,
CZWI,DU3053535,10192,,87,1.79769313486232E+308,LMT,BUY,0,11.63,12.63,,1.79769313486232E+308,True,GTC,,,20201229 09:30:00 EST, 41545062≥+11.41, 41545062≥+37382,margin ≥+20
MOTV U,DU3053535,10189,,94,1.79769313486232E+308,LMT,BUY,0,10.79,11.79,,1.79769313486232E+308,True,GTC,,,20201229 09:30:00 EST, 459557814≥+10.58, 459557814≥+21655,margin ≥+20
MOTV U,DU3053535,10190,,94,1.79769313486232E+308,LMT,SELL,0,11.32,12.32,,1.79769313486232E+308,True,GTC,,
AJX,DU3053535,10195,,90,1.79769313486232E+308,LMT,BUY,0,11.27,12.27,,1.79769313486232E+308,True,GTC,,,20201229 09:30:00 EST, 183532865≥+11.05, 183532865≥+21127,margin ≥+20
AJX,DU3053535,10196,,90,1.79769313486232E+308,LMT,SELL,0,13.14,14.14,,1.79769313486232E+308,True,GTC,,
CZWI,DU3053535,10193,,87,1.79769313486232E+308,LMT,SELL,0,13.53,14.53,,1.79769313486232E+308,True,GTC,,
CZWI,DU3053535,10194,,87,1.79769313486232E+308,TRAIL LIMIT,SELL,0.71,0,10.7,,-5.35,True,GTC,,
BXG,DU3053535,10151,,132,1.79769313486232E+308,LMT,SELL,0,9.55,10.55,,1.79769313486232E+308,True,GTC,,
BXG,DU3053535,10152,,132,1.79769313486232E+308,TRAIL LIMIT,SELL,0.67,0,6.88,,-3.44,True,GTC,,
PCTI,DU3053535,10149,,138,1.79769313486232E+308,TRAIL LIMIT,SELL,0.52,0,6.72,,-3.36,True,GTC,,
BXG,DU3053535,10150,,132,1.79769313486232E+308,LMT,BUY,0,7.7,8.7,,1.79769313486232E+308,True,GTC,,,20201229 09:30:00 EST, 296320248≥+7.55, 296320248≥+21855,margin ≥+20
CRD B,DU3053535,10156,,117,1.79769313486232E+308,LMT,BUY,0,8.68,9.68,,1.79769313486232E+308,True,GTC,,,20201229 09:30:00 EST, 6037≥+8.51, 6037≥+22527,margin ≥+20
WNEB,DU3053535,10144,,141,1.79769313486232E+308,LMT,BUY,0,7.23,8.23,,1.79769313486232E+308,True,GTC,,,20201229 09:30:00 EST, 252506880≥+7.09, 252506880≥+24055,margin ≥+20
PCTI,DU3053535,10147,,138,1.79769313486232E+308,LMT,BUY,0,7.38,8.38,,1.79769313486232E+308,True,GTC,,,20201229 09:30:00 EST, 6525521≥+7.24, 6525521≥+31327,margin ≥+20
PCTI,DU3053535,10148,,138,1.79769313486232E+308,LMT,SELL,0,8.8,9.8,,1.79769313486232E+308,True,GTC,,
WNEB,DU3053535,10145,,141,1.79769313486232E+308,LMT,SELL,0,8.47,9.47,,1.79769313486232E+308,True,GTC,,
WNEB,DU3053535,10146,,141,1.79769313486232E+308,TRAIL LIMIT,SELL,0.46,0,6.63,,-3.32,True,GTC,,
PSLV,DU3053535,10167,,105,1.79769313486232E+308,TRAIL LIMIT,SELL,0.54,0,8.89,,-4.44,True,GTC,,
PICO,DU3053535,10168,,104,1.79769313486232E+308,LMT,BUY,0,9.81,10.81,,1.79769313486232E+308,True,GTC,,,20201229 09:30:00 EST, 4816598≥+9.61, 4816598≥+28309,margin ≥+20
PSLV,DU3053535,10165,,105,1.79769313486232E+308,LMT,BUY,0,9.62,10.62,,1.79769313486232E+308,True,GTC,,,20201229 09:30:00 EST, 80425147≥+9.44, 80425147≥+38055,margin ≥+20
PSLV,DU3053535,10166,,105,1.79769313486232E+308,LMT,SELL,0,11.06,12.06,,1.79769313486232E+308,True,GTC,,
SMED,DU3053535,10171,,96,1.79769313486232E+308,LMT,BUY,0,10.52,11.52,,1.79769313486232E+308,True,GTC,,,20201229 09:30:00 EST, 30216218≥+10.32, 30216218≥+26164,margin ≥+20
SMED,DU3053535,10172,,96,1.79769313486232E+308,LMT,SELL,0,13.1,14.1,,1.79769313486232E+308,True,GTC,,
PICO,DU3053535,10169,,104,1.79769313486232E+308,LMT,SELL,0,11.6,12.6,,1.79769313486232E+308,True,GTC,,
PICO,DU3053535,10170,,104,1.79769313486232E+308,TRAIL LIMIT,SELL,0.66,0,8.95,,-4.47,True,GTC,,
BAK,DU3053535,10159,,104,1.79769313486232E+308,LMT,BUY,0,9.73,10.73,,1.79769313486232E+308,True,GTC,,,20201229 09:30:00 EST, 6607745≥+9.54, 6607745≥+220073,margin ≥+20
BAK,DU3053535,10160,,104,1.79769313486232E+308,LMT,SELL,0,11.59,12.59,,1.79769313486232E+308,True,GTC,,
CRD B,DU3053535,10157,,117,1.79769313486232E+308,LMT,SELL,0,10.44,11.44,,1.79769313486232E+308,True,GTC,,
CRD B,DU3053535,10158,,117,1.79769313486232E+308,TRAIL LIMIT,SELL,0.65,0,7.86,,-3.93,True,GTC,,
DBO,DU3053535,10163,,114,1.79769313486232E+308,LMT,SELL,0,9.92,10.92,,1.79769313486232E+308,True,GTC,,
DBO,DU3053535,10164,,114,1.79769313486232E+308,TRAIL LIMIT,SELL,0.39,0,8.34,,-4.17,True,GTC,,
BAK,DU3053535,10161,,104,1.79769313486232E+308,TRAIL LIMIT,SELL,0.68,0,8.86,,-4.43,True,GTC,,
DBO,DU3053535,10162,,114,1.79769313486232E+308,LMT,BUY,0,8.91,9.91,,1.79769313486232E+308,True,GTC,,,20201229 09:30:00 EST, 319355742≥+8.73, 319355742≥+28800,margin ≥+20
BCS,DU3053535,10119,,117,1.79769313486232E+308,TRAIL LIMIT,SELL,0.72,0,7.8,,-3.9,True,GTC,,
SBT,DU3053535,10120,,212,1.79769313486232E+308,LMT,BUY,0,4.81,5.81,,1.79769313486232E+308,True,GTC,,,20201229 09:30:00 EST, 296466069≥+4.71, 296466069≥+48218,margin ≥+20
BCS,DU3053535,10117,,117,1.79769313486232E+308,LMT,BUY,0,8.69,9.69,,1.79769313486232E+308,True,GTC,,,20201229 09:30:00 EST, 4854≥+8.52, 4854≥+494709,margin ≥+20
BCS,DU3053535,10118,,117,1.79769313486232E+308,LMT,SELL,0,10.67,11.67,,1.79769313486232E+308,True,GTC,,
SBT,DU3053535,10121,,212,1.79769313486232E+308,LMT,SELL,0,5.81,6.81,,1.79769313486232E+308,True,GTC,,
SBT,DU3053535,10122,,212,1.79769313486232E+308,TRAIL LIMIT,SELL,0.37,0,4.35,,-2.18,True,GTC,,
BDN,DU3053535,10111,,79,1.79769313486232E+308,LMT,BUY,0,12.88,13.88,,1.79769313486232E+308,True,GTC,,,20201229 09:30:00 EST, 2586487≥+12.63, 2586487≥+536055,margin ≥+20
BDN,DU3053535,10112,,79,1.79769313486232E+308,LMT,SELL,0,14.9,15.9,,1.79769313486232E+308,True,GTC,,
BGCP,DU3053535,10109,,217,1.79769313486232E+308,LMT,SELL,0,5.67,6.67,,1.79769313486232E+308,True,GTC,,
BGCP,DU3053535,10110,,217,1.79769313486232E+308,TRAIL LIMIT,SELL,0.36,0,4.24,,-2.12,True,GTC,,
BCSF,DU3053535,10115,,74,1.79769313486232E+308,LMT,SELL,0,15.68,16.68,,1.79769313486232E+308,True,GTC,,
BCSF,DU3053535,10116,,74,1.79769313486232E+308,TRAIL LIMIT,SELL,0.77,0,12.6,,-6.3,True,GTC,,
BDN,DU3053535,10113,,79,1.79769313486232E+308,TRAIL LIMIT,SELL,0.76,0,11.87,,-5.93,True,GTC,,
BCSF,DU3053535,10114,,74,1.79769313486232E+308,LMT,BUY,0,13.64,14.64,,1.79769313486232E+308,True,GTC,,,20201229 09:30:00 EST, 341513071≥+13.37, 341513071≥+170091,margin ≥+20
RVSB,DU3053535,10133,,172,1.79769313486232E+308,LMT,SELL,0,7.18,8.18,,1.79769313486232E+308,True,GTC,,
RVSB,DU3053535,10134,,172,1.79769313486232E+308,TRAIL LIMIT,SELL,0.46,0,5.33,,-2.66,True,GTC,,
CIA,DU3053535,10139,,154,1.79769313486232E+308,LMT,SELL,0,7.8,8.8,,1.79769313486232E+308,True,GTC,,
CIA,DU3053535,10140,,154,1.79769313486232E+308,TRAIL LIMIT,SELL,0.44,0,6.02,,-3.01,True,GTC,,
CIA,DU3053535,10138,,154,1.79769313486232E+308,LMT,BUY,0,6.59,7.59,,1.79769313486232E+308,True,GTC,,,20201229 09:30:00 EST, 754105≥+6.46, 754105≥+41745,margin ≥+20
RVSB,DU3053535,10132,,172,1.79769313486232E+308,LMT,BUY,0,5.91,6.91,,1.79769313486232E+308,True,GTC,,,20201229 09:30:00 EST, 4817655≥+5.79, 4817655≥+27327,margin ≥+20
BPFH,DU3053535,10087,,116,1.79769313486232E+308,LMT,BUY,0,8.77,9.77,,1.79769313486232E+308,True,GTC,,,20201229 09:30:00 EST, 4727359≥+8.6, 4727359≥+447764,margin ≥+20
BPFH,DU3053535,10088,,116,1.79769313486232E+308,LMT,SELL,0,10.16,11.16,,1.79769313486232E+308,True,GTC,,
BPMP,DU3053535,10085,,87,1.79769313486232E+308,LMT,SELL,0,13.64,14.64,,1.79769313486232E+308,True,GTC,,
BPMP,DU3053535,10086,,87,1.79769313486232E+308,TRAIL LIMIT,SELL,0.73,0,10.71,,-5.36,True,GTC,,
BOX,DU3053535,10091,,48,1.79769313486232E+308,LMT,SELL,0,25.4,26.4,,1.79769313486232E+308,True,GTC,,
BOX,DU3053535,10092,,48,1.79769313486232E+308,TRAIL LIMIT,SELL,1.63,0,18.89,,-9.44,True,GTC,,
BPFH,DU3053535,10089,,116,1.79769313486232E+308,TRAIL LIMIT,SELL,0.52,0,8.08,,-4.04,True,GTC,,
BOX,DU3053535,10090,,48,1.79769313486232E+308,LMT,BUY,0,20.93,21.93,,1.79769313486232E+308,True,GTC,,,20201229 09:30:00 EST, 181158987≥+20.52, 181158987≥+667473,margin ≥+20
BPYU,DU3053535,10079,,59,1.79769313486232E+308,LMT,SELL,0,20.18,21.18,,1.79769313486232E+308,True,GTC,,
BPYU,DU3053535,10080,,59,1.79769313486232E+308,TRAIL LIMIT,SELL,1.16,0,15.55,,-7.78,True,GTC,,
BRFS,DU3053535,10077,,213,1.79769313486232E+308,TRAIL LIMIT,SELL,0.34,0,4.33,,-2.16,True,GTC,,
BPYU,DU3053535,10078,,59,1.79769313486232E+308,LMT,BUY,0,17.04,18.04,,1.79769313486232E+308,True,GTC,,,20201229 09:30:00 EST, 331454538≥+16.7, 331454538≥+324618,margin ≥+20
BPY,DU3053535,10083,,61,1.79769313486232E+308,TRAIL LIMIT,SELL,1.07,0,15.19,,-7.59,True,GTC,,
BPMP,DU3053535,10084,,87,1.79769313486232E+308,LMT,BUY,0,11.67,12.67,,1.79769313486232E+308,True,GTC,,,20201229 09:30:00 EST, 293692432≥+11.44, 293692432≥+20309,margin ≥+20
BPY,DU3053535,10081,,61,1.79769313486232E+308,LMT,BUY,0,16.59,17.59,,1.79769313486232E+308,True,GTC,,,20201229 09:30:00 EST, 124725612≥+16.27, 124725612≥+183964,margin ≥+20
BPY,DU3053535,10082,,61,1.79769313486232E+308,LMT,SELL,0,19.48,20.48,,1.79769313486232E+308,True,GTC,,
BHC,DU3053535,10103,,45,1.79769313486232E+308,LMT,SELL,0,25.96,26.96,,1.79769313486232E+308,True,GTC,,
BHC,DU3053535,10104,,45,1.79769313486232E+308,TRAIL LIMIT,SELL,1.37,0,20.47,,-10.23,True,GTC,,
BLMN,DU3053535,10101,,50,1.79769313486232E+308,TRAIL LIMIT,SELL,1.37,0,18.62,,-9.31,True,GTC,,
BHC,DU3053535,10102,,45,1.79769313486232E+308,LMT,BUY,0,22.28,23.28,,1.79769313486232E+308,True,GTC,,,20201229 09:30:00 EST, 325536414≥+21.85, 325536414≥+444200,margin ≥+20
BGY,DU3053535,10107,,167,1.79769313486232E+308,TRAIL LIMIT,SELL,0.17,0,5.81,,-2.91,True,GTC,,
BGCP,DU3053535,10108,,217,1.79769313486232E+308,LMT,BUY,0,4.69,5.69,,1.79769313486232E+308,True,GTC,,,20201229 09:30:00 EST, 50022234≥+4.59, 50022234≥+1490436,margin ≥+20
BGY,DU3053535,10105,,167,1.79769313486232E+308,LMT,BUY,0,6.1,7.1,,1.79769313486232E+308,True,GTC,,,20201229 09:30:00 EST, 44290421≥+5.98, 44290421≥+35618,margin ≥+20
BGY,DU3053535,10106,,167,1.79769313486232E+308,LMT,SELL,0,6.49,7.49,,1.79769313486232E+308,True,GTC,,
BNL,DU3053535,10095,,49,1.79769313486232E+308,TRAIL LIMIT,SELL,0.98,0,19.39,,-9.7,True,GTC,,
BNFT,DU3053535,10096,,65,1.79769313486232E+308,LMT,BUY,0,15.47,16.47,,1.79769313486232E+308,True,GTC,,,20201229 09:30:00 EST, 134581271≥+15.17, 134581271≥+64473,margin ≥+20
BNL,DU3053535,10093,,49,1.79769313486232E+308,LMT,BUY,0,20.78,21.78,,1.79769313486232E+308,True,GTC,,,20201229 09:30:00 EST, 445194068≥+20.37, 445194068≥+976527,margin ≥+20
BNL,DU3053535,10094,,49,1.79769313486232E+308,LMT,SELL,0,23.31,24.31,,1.79769313486232E+308,True,GTC,,
BLMN,DU3053535,10099,,50,1.79769313486232E+308,LMT,BUY,0,20.39,21.39,,1.79769313486232E+308,True,GTC,,,20201229 09:30:00 EST, 111837984≥+19.99, 111837984≥+487964,margin ≥+20
BLMN,DU3053535,10100,,50,1.79769313486232E+308,LMT,SELL,0,24.1,25.1,,1.79769313486232E+308,True,GTC,,
BNFT,DU3053535,10097,,65,1.79769313486232E+308,LMT,SELL,0,19.14,20.14,,1.79769313486232E+308,True,GTC,,
BNFT,DU3053535,10098,,65,1.79769313486232E+308,TRAIL LIMIT,SELL,1.32,0,13.84,,-6.92,True,GTC,,
SPNS,DU3053535,11088,,32,1.79769313486232E+308,TRAIL LIMIT,SELL,1.88,0,28.85,,-14.43,True,GTC,,
ROAD,DU3053535,11089,,32,1.79769313486232E+308,LMT,BUY,0,31.22,32.22,,1.79769313486232E+308,True,GTC,,,20201229 09:30:00 EST, 316805141≥+30.61, 316805141≥+50636,margin ≥+20
SPNS,DU3053535,11086,,32,1.79769313486232E+308,LMT,BUY,0,31.34,32.34,,1.79769313486232E+308,True,GTC,,,20201229 09:30:00 EST, 330867311≥+30.73, 330867311≥+59473,margin ≥+20
SPNS,DU3053535,11087,,32,1.79769313486232E+308,LMT,SELL,0,36.36,37.36,,1.79769313486232E+308,True,GTC,,
WHD,DU3053535,11092,,34,1.79769313486232E+308,LMT,BUY,0,29.34,30.34,,1.79769313486232E+308,True,GTC,,,20201229 09:30:00 EST, 305881950≥+28.76, 305881950≥+152291,margin ≥+20
WHD,DU3053535,11093,,34,1.79769313486232E+308,LMT,SELL,0,35.37,36.37,,1.79769313486232E+308,True,GTC,,
ROAD,DU3053535,11090,,32,1.79769313486232E+308,LMT,SELL,0,38.96,39.96,,1.79769313486232E+308,True,GTC,,
ROAD,DU3053535,11091,,32,1.79769313486232E+308,TRAIL LIMIT,SELL,2.78,0,27.83,,-13.92,True,GTC,,
PPL,DU3053535,11080,,34,1.79769313486232E+308,LMT,BUY,0,29.23,30.23,,1.79769313486232E+308,True,GTC,,,20201229 09:30:00 EST, 661547≥+28.66, 661547≥+3745873,margin ≥+20
PPL,DU3053535,11081,,34,1.79769313486232E+308,LMT,SELL,0,32.95,33.95,,1.79769313486232E+308,True,GTC,,
SCSC,DU3053535,11078,,35,1.79769313486232E+308,LMT,SELL,0,34.85,35.85,,1.79769313486232E+308,True,GTC,,
SCSC,DU3053535,11079,,35,1.79769313486232E+308,TRAIL LIMIT,SELL,2.18,0,26.13,,-13.06,True,GTC,,
ODP,DU3053535,11084,,32,1.79769313486232E+308,LMT,SELL,0,37.81,38.81,,1.79769313486232E+308,True,GTC,,
ODP,DU3053535,11085,,32,1.79769313486232E+308,TRAIL LIMIT,SELL,2.41,0,28.17,,-14.08,True,GTC,,
PPL,DU3053535,11082,,34,1.79769313486232E+308,TRAIL LIMIT,SELL,1.43,0,27.23,,-13.62,True,GTC,,
ODP,DU3053535,11083,,32,1.79769313486232E+308,LMT,BUY,0,31.19,32.19,,1.79769313486232E+308,True,GTC,,,20201229 09:30:00 EST, 430623293≥+30.58, 430623293≥+196109,margin ≥+20
GMS,DU3053535,11107,,31,1.79769313486232E+308,LMT,BUY,0,31.95,32.95,,1.79769313486232E+308,True,GTC,,,20201229 09:30:00 EST, 234662857≥+31.32, 234662857≥+218945,margin ≥+20
GMS,DU3053535,11108,,31,1.79769313486232E+308,LMT,SELL,0,38.12,39.12,,1.79769313486232E+308,True,GTC,,
FOX,DU3053535,11102,,33,1.79769313486232E+308,LMT,SELL,0,35,36,,1.79769313486232E+308,True,GTC,,
FOX,DU3053535,11103,,33,1.79769313486232E+308,TRAIL LIMIT,SELL,1.72,0,28.11,,-14.06,True,GTC,,
BXS,DU3053535,11111,,34,1.79769313486232E+308,LMT,SELL,0,33.79,34.79,,1.79769313486232E+308,True,GTC,,
BXS,DU3053535,11112,,34,1.79769313486232E+308,TRAIL LIMIT,SELL,1.49,0,27.83,,-13.92,True,GTC,,
GMS,DU3053535,11109,,31,1.79769313486232E+308,TRAIL LIMIT,SELL,2.26,0,29.06,,-14.53,True,GTC,,
BXS,DU3053535,11110,,34,1.79769313486232E+308,LMT,BUY,0,29.91,30.91,,1.79769313486232E+308,True,GTC,,,20201229 09:30:00 EST, 294631954≥+29.32, 294631954≥+269091,margin ≥+20
TRGP,DU3053535,11096,,33,1.79769313486232E+308,LMT,SELL,0,37.31,38.31,,1.79769313486232E+308,True,GTC,,
TRGP,DU3053535,11097,,33,1.79769313486232E+308,TRAIL LIMIT,SELL,2.54,0,27.15,,-13.57,True,GTC,,
WHD,DU3053535,11094,,34,1.79769313486232E+308,TRAIL LIMIT,SELL,2.2,0,26.56,,-13.28,True,GTC,,
TRGP,DU3053535,11095,,33,1.79769313486232E+308,LMT,BUY,0,30.29,31.29,,1.79769313486232E+308,True,GTC,,,20201229 09:30:00 EST, 81671838≥+29.69, 81671838≥+808091,margin ≥+20
DISCA,DU3053535,11100,,32,1.79769313486232E+308,TRAIL LIMIT,SELL,2.11,0,28.32,,-14.16,True,GTC,,
FOX,DU3053535,11101,,33,1.79769313486232E+308,LMT,BUY,0,30.43,31.43,,1.79769313486232E+308,True,GTC,,,20201229 09:30:00 EST, 356858007≥+29.83, 356858007≥+699291,margin ≥+20
DISCA,DU3053535,11098,,32,1.79769313486232E+308,LMT,BUY,0,31.03,32.03,,1.79769313486232E+308,True,GTC,,,20201229 09:30:00 EST, 53855036≥+30.43, 53855036≥+2307673,margin ≥+20
DISCA,DU3053535,11099,,32,1.79769313486232E+308,LMT,SELL,0,36.76,37.76,,1.79769313486232E+308,True,GTC,,
TRMK,DU3053535,11056,,34,1.79769313486232E+308,LMT,BUY,0,29.38,30.38,,1.79769313486232E+308,True,GTC,,,20201229 09:30:00 EST, 275298≥+28.81, 275298≥+168018,margin ≥+20
TRMK,DU3053535,11057,,34,1.79769313486232E+308,LMT,SELL,0,33.62,34.62,,1.79769313486232E+308,True,GTC,,
AEL,DU3053535,11054,,33,1.79769313486232E+308,LMT,SELL,0,36.56,37.56,,1.79769313486232E+308,True,GTC,,
AEL,DU3053535,11055,,33,1.79769313486232E+308,TRAIL LIMIT,SELL,2.25,0,27.57,,-13.78,True,GTC,,
GIL,DU3053535,11060,,34,1.79769313486232E+308,LMT,SELL,0,33.91,34.91,,1.79769313486232E+308,True,GTC,,
GIL,DU3053535,11061,,34,1.79769313486232E+308,TRAIL LIMIT,SELL,1.56,0,27.69,,-13.85,True,GTC,,
TRMK,DU3053535,11058,,34,1.79769313486232E+308,TRAIL LIMIT,SELL,1.6,0,27.2,,-13.6,True,GTC,,
GIL,DU3053535,11059,,34,1.79769313486232E+308,LMT,BUY,0,29.83,30.83,,1.79769313486232E+308,True,GTC,,,20201229 09:30:00 EST, 6227314≥+29.24, 6227314≥+35145,margin ≥+20
MMYT,DU3053535,11048,,34,1.79769313486232E+308,LMT,SELL,0,36.39,37.39,,1.79769313486232E+308,True,GTC,,
MMYT,DU3053535,11049,,34,1.79769313486232E+308,TRAIL LIMIT,SELL,2.38,0,26.88,,-13.44,True,GTC,,
CHA,DU3053535,11046,,34,1.79769313486232E+308,TRAIL LIMIT,SELL,1.45,0,27.95,,-13.98,True,GTC,,
MMYT,DU3053535,11047,,34,1.79769313486232E+308,LMT,BUY,0,29.84,30.84,,1.79769313486232E+308,True,GTC,,,20201229 09:30:00 EST, 77879741≥+29.26, 77879741≥+51182,margin ≥+20
CPSI,DU3053535,11052,,34,1.79769313486232E+308,TRAIL LIMIT,SELL,1.71,0,27.45,,-13.72,True,GTC,,
AEL,DU3053535,11053,,33,1.79769313486232E+308,LMT,BUY,0,30.42,31.42,,1.79769313486232E+308,True,GTC,,,20201229 09:30:00 EST, 26968570≥+29.82, 26968570≥+643200,margin ≥+20
CPSI,DU3053535,11050,,34,1.79769313486232E+308,LMT,BUY,0,29.75,30.75,,1.79769313486232E+308,True,GTC,,,20201229 09:30:00 EST, 15018602≥+29.16, 15018602≥+50055,margin ≥+20
CPSI,DU3053535,11051,,34,1.79769313486232E+308,LMT,SELL,0,34.3,35.3,,1.79769313486232E+308,True,GTC,,
SHYF,DU3053535,11072,,33,1.79769313486232E+308,LMT,SELL,0,35.98,36.98,,1.79769313486232E+308,True,GTC,,
SHYF,DU3053535,11073,,33,1.79769313486232E+308,TRAIL LIMIT,SELL,1.99,0,28.04,,-14.02,True,GTC,,
BBJP,DU3053535,11070,,35,1.79769313486232E+308,TRAIL LIMIT,SELL,0.56,0,27.59,,-13.79,True,GTC,,
SHYF,DU3053535,11071,,33,1.79769313486232E+308,LMT,BUY,0,30.63,31.63,,1.79769313486232E+308,True,GTC,,,20201229 09:30:00 EST, 424737161≥+30.03, 424737161≥+56600,margin ≥+20
PRIM,DU3053535,11076,,34,1.79769313486232E+308,TRAIL LIMIT,SELL,1.69,0,27.58,,-13.79,True,GTC,,
SCSC,DU3053535,11077,,35,1.79769313486232E+308,LMT,BUY,0,28.88,29.88,,1.79769313486232E+308,True,GTC,,,20201229 09:30:00 EST, 4817876≥+28.31, 4817876≥+70545,margin ≥+20
PRIM,DU3053535,11074,,34,1.79769313486232E+308,LMT,BUY,0,29.85,30.85,,1.79769313486232E+308,True,GTC,,,20201229 09:30:00 EST, 53509761≥+29.27, 53509761≥+111073,margin ≥+20
PRIM,DU3053535,11075,,34,1.79769313486232E+308,LMT,SELL,0,34.34,35.34,,1.79769313486232E+308,True,GTC,,
UCBI,DU3053535,11064,,34,1.79769313486232E+308,TRAIL LIMIT,SELL,1.37,0,28.03,,-14.02,True,GTC,,
AMLP,DU3053535,11065,,34,1.79769313486232E+308,LMT,BUY,0,29.55,30.55,,1.79769313486232E+308,True,GTC,,,20201229 09:30:00 EST, 419585780≥+28.97, 419585780≥+5097418,margin ≥+20
UCBI,DU3053535,11062,,34,1.79769313486232E+308,LMT,BUY,0,29.98,30.98,,1.79769313486232E+308,True,GTC,,,20201229 09:30:00 EST, 89596963≥+29.39, 89596963≥+493855,margin ≥+20
UCBI,DU3053535,11063,,34,1.79769313486232E+308,LMT,SELL,0,33.49,34.49,,1.79769313486232E+308,True,GTC,,
BBJP,DU3053535,11068,,35,1.79769313486232E+308,LMT,BUY,0,28.72,29.72,,1.79769313486232E+308,True,GTC,,,20201229 09:30:00 EST, 321533907≥+28.16, 321533907≥+80055,margin ≥+20
BBJP,DU3053535,11069,,35,1.79769313486232E+308,LMT,SELL,0,29.84,30.84,,1.79769313486232E+308,True,GTC,,
AMLP,DU3053535,11066,,34,1.79769313486232E+308,LMT,SELL,0,34.88,35.88,,1.79769313486232E+308,True,GTC,,
AMLP,DU3053535,11067,,34,1.79769313486232E+308,TRAIL LIMIT,SELL,1.97,0,27,,-13.5,True,GTC,,
ABB,DU3053535,11024,,35,1.79769313486232E+308,LMT,SELL,0,31.27,32.27,,1.79769313486232E+308,True,GTC,,
ABB,DU3053535,11025,,35,1.79769313486232E+308,TRAIL LIMIT,SELL,1,0,27.26,,-13.63,True,GTC,,
HVT,DU3053535,11022,,32,1.79769313486232E+308,TRAIL LIMIT,SELL,2.68,0,28,,-14,True,GTC,,
ABB,DU3053535,11023,,35,1.79769313486232E+308,LMT,BUY,0,28.82,29.82,,1.79769313486232E+308,True,GTC,,,20201229 09:30:00 EST, 11962137≥+28.26, 11962137≥+110655,margin ≥+20
BBCA,DU3053535,11028,,35,1.79769313486232E+308,TRAIL LIMIT,SELL,0.7,0,27.09,,-13.55,True,GTC,,
GOVT,DU3053535,11029,,36,1.79769313486232E+308,LMT,BUY,0,28.07,29.07,,1.79769313486232E+308,True,GTC,,,20201229 09:30:00 EST, 102436165≥+27.52, 102436165≥+8676145,margin ≥+20
BBCA,DU3053535,11026,,35,1.79769313486232E+308,LMT,BUY,0,28.34,29.34,,1.79769313486232E+308,True,GTC,,,20201229 09:30:00 EST, 328860323≥+27.78, 328860323≥+61418,margin ≥+20
BBCA,DU3053535,11027,,35,1.79769313486232E+308,LMT,SELL,0,29.88,30.88,,1.79769313486232E+308,True,GTC,,
VCEL,DU3053535,11016,,33,1.79769313486232E+308,TRAIL LIMIT,SELL,2.5,0,27.54,,-13.77,True,GTC,,
CC,DU3053535,11017,,34,1.79769313486232E+308,LMT,BUY,0,29.56,30.56,,1.79769313486232E+308,True,GTC,,,20201229 09:30:00 EST, 196682709≥+28.98, 196682709≥+453400,margin ≥+20
VCEL,DU3053535,11014,,33,1.79769313486232E+308,LMT,BUY,0,30.64,31.64,,1.79769313486232E+308,True,GTC,,,20201229 09:30:00 EST, 174968098≥+30.04, 174968098≥+251655,margin ≥+20
VCEL,DU3053535,11015,,33,1.79769313486232E+308,LMT,SELL,0,37.54,38.54,,1.79769313486232E+308,True,GTC,,
HVT,DU3053535,11020,,32,1.79769313486232E+308,LMT,BUY,0,31.3,32.3,,1.79769313486232E+308,True,GTC,,,20201229 09:30:00 EST, 270015≥+30.68, 270015≥+118982,margin ≥+20
HVT,DU3053535,11021,,32,1.79769313486232E+308,LMT,SELL,0,38.72,39.72,,1.79769313486232E+308,True,GTC,,
CC,DU3053535,11018,,34,1.79769313486232E+308,LMT,SELL,0,35.52,36.52,,1.79769313486232E+308,True,GTC,,
CC,DU3053535,11019,,34,1.79769313486232E+308,TRAIL LIMIT,SELL,2.18,0,26.8,,-13.4,True,GTC,,
BHE,DU3053535,11040,,35,1.79769313486232E+308,TRAIL LIMIT,SELL,1.63,0,26.83,,-13.41,True,GTC,,
AVTR,DU3053535,11041,,34,1.79769313486232E+308,LMT,BUY,0,29.44,30.44,,1.79769313486232E+308,True,GTC,,,20201229 09:30:00 EST, 366131368≥+28.87, 366131368≥+1542600,margin ≥+20
BHE,DU3053535,11038,,35,1.79769313486232E+308,LMT,BUY,0,29.03,30.03,,1.79769313486232E+308,True,GTC,,,20201229 09:30:00 EST, 3141362≥+28.46, 3141362≥+201455,margin ≥+20
BHE,DU3053535,11039,,35,1.79769313486232E+308,LMT,SELL,0,33.35,34.35,,1.79769313486232E+308,True,GTC,,
CHA,DU3053535,11044,,34,1.79769313486232E+308,LMT,BUY,0,29.98,30.98,,1.79769313486232E+308,True,GTC,,,20201229 09:30:00 EST, 16516843≥+29.39, 16516843≥+29273,margin ≥+20
CHA,DU3053535,11045,,34,1.79769313486232E+308,LMT,SELL,0,33.74,34.74,,1.79769313486232E+308,True,GTC,,
AVTR,DU3053535,11042,,34,1.79769313486232E+308,LMT,SELL,0,33.91,34.91,,1.79769313486232E+308,True,GTC,,
AVTR,DU3053535,11043,,34,1.79769313486232E+308,TRAIL LIMIT,SELL,1.68,0,27.19,,-13.6,True,GTC,,
GFL,DU3053535,11032,,33,1.79769313486232E+308,LMT,BUY,0,30.22,31.22,,1.79769313486232E+308,True,GTC,,,20201229 09:30:00 EST, 406766975≥+29.63, 406766975≥+172127,margin ≥+20
GFL,DU3053535,11033,,33,1.79769313486232E+308,LMT,SELL,0,35.7,36.7,,1.79769313486232E+308,True,GTC,,
GOVT,DU3053535,11030,,36,1.79769313486232E+308,LMT,SELL,0,28.04,29.04,,1.79769313486232E+308,True,GTC,,
GOVT,DU3053535,11031,,36,1.79769313486232E+308,TRAIL LIMIT,SELL,0.17,0,27.35,,-13.68,True,GTC,,
ETNB,DU3053535,11036,,34,1.79769313486232E+308,LMT,SELL,0,37.38,38.38,,1.79769313486232E+308,True,GTC,,
ETNB,DU3053535,11037,,34,1.79769313486232E+308,TRAIL LIMIT,SELL,2.66,0,26.74,,-13.37,True,GTC,,
GFL,DU3053535,11034,,33,1.79769313486232E+308,TRAIL LIMIT,SELL,2.02,0,27.6,,-13.8,True,GTC,,
ETNB,DU3053535,11035,,34,1.79769313486232E+308,LMT,BUY,0,29.99,30.99,,1.79769313486232E+308,True,GTC,,,20201229 09:30:00 EST, 391048326≥+29.4, 391048326≥+76382,margin ≥+20
ECHO,DU3053535,10992,,33,1.79769313486232E+308,TRAIL LIMIT,SELL,1.82,0,27.68,,-13.84,True,GTC,,
URBN,DU3053535,10993,,34,1.79769313486232E+308,LMT,BUY,0,29.42,30.42,,1.79769313486232E+308,True,GTC,,,20201229 09:30:00 EST, 275527≥+28.84, 275527≥+279018,margin ≥+20
ECHO,DU3053535,10990,,33,1.79769313486232E+308,LMT,BUY,0,30.08,31.08,,1.79769313486232E+308,True,GTC,,,20201229 09:30:00 EST, 69254051≥+29.5, 69254051≥+134709,margin ≥+20
ECHO,DU3053535,10991,,33,1.79769313486232E+308,LMT,SELL,0,34.95,35.95,,1.79769313486232E+308,True,GTC,,
OFC,DU3053535,10996,,36,1.79769313486232E+308,LMT,BUY,0,27.9,28.9,,1.79769313486232E+308,True,GTC,,,20201229 09:30:00 EST, 6607758≥+27.35, 6607758≥+322182,margin ≥+20
OFC,DU3053535,10997,,36,1.79769313486232E+308,LMT,SELL,0,31.23,32.23,,1.79769313486232E+308,True,GTC,,
URBN,DU3053535,10994,,34,1.79769313486232E+308,LMT,SELL,0,35.54,36.54,,1.79769313486232E+308,True,GTC,,
URBN,DU3053535,10995,,34,1.79769313486232E+308,TRAIL LIMIT,SELL,2.23,0,26.61,,-13.31,True,GTC,,
COWN,DU3053535,10984,,34,1.79769313486232E+308,LMT,BUY,0,29.15,30.15,,1.79769313486232E+308,True,GTC,,,20201229 09:30:00 EST, 257771198≥+28.58, 257771198≥+109927,margin ≥+20
COWN,DU3053535,10985,,34,1.79769313486232E+308,LMT,SELL,0,34.31,35.31,,1.79769313486232E+308,True,GTC,,
HSBC,DU3053535,10982,,35,1.79769313486232E+308,LMT,SELL,0,32.39,33.39,,1.79769313486232E+308,True,GTC,,
HSBC,DU3053535,10983,,35,1.79769313486232E+308,TRAIL LIMIT,SELL,1.54,0,26.25,,-13.13,True,GTC,,
AIZN,DU3053535,10988,,36,1.79769313486232E+308,LMT,SELL,0,29.35,30.35,,1.79769313486232E+308,True,GTC,,
AIZN,DU3053535,10989,,36,1.79769313486232E+308,TRAIL LIMIT,SELL,0.62,0,26.88,,-13.44,True,GTC,,
COWN,DU3053535,10986,,34,1.79769313486232E+308,TRAIL LIMIT,SELL,1.91,0,26.67,,-13.33,True,GTC,,
AIZN,DU3053535,10987,,36,1.79769313486232E+308,LMT,BUY,0,28.05,29.05,,1.79769313486232E+308,True,GTC,,,20201229 09:30:00 EST, 457291443≥+27.5, 457291443≥+40691,margin ≥+20
SGRY,DU3053535,11008,,32,1.79769313486232E+308,LMT,BUY,0,30.98,31.98,,1.79769313486232E+308,True,GTC,,,20201229 09:30:00 EST, 208523102≥+30.37, 208523102≥+64236,margin ≥+20
SGRY,DU3053535,11009,,32,1.79769313486232E+308,LMT,SELL,0,38.32,39.32,,1.79769313486232E+308,True,GTC,,
FITB,DU3053535,11006,,34,1.79769313486232E+308,LMT,SELL,0,34.15,35.15,,1.79769313486232E+308,True,GTC,,
FITB,DU3053535,11007,,34,1.79769313486232E+308,TRAIL LIMIT,SELL,1.72,0,27.26,,-13.63,True,GTC,,
AUDC,DU3053535,11012,,33,1.79769313486232E+308,LMT,SELL,0,35.87,36.87,,1.79769313486232E+308,True,GTC,,
AUDC,DU3053535,11013,,33,1.79769313486232E+308,TRAIL LIMIT,SELL,2.01,0,27.82,,-13.91,True,GTC,,
SGRY,DU3053535,11010,,32,1.79769313486232E+308,TRAIL LIMIT,SELL,2.65,0,27.72,,-13.86,True,GTC,,
AUDC,DU3053535,11011,,33,1.79769313486232E+308,LMT,BUY,0,30.43,31.43,,1.79769313486232E+308,True,GTC,,,20201229 09:30:00 EST, 6324655≥+29.83, 6324655≥+22764,margin ≥+20
SCHL,DU3053535,11000,,36,1.79769313486232E+308,LMT,SELL,0,34.39,35.39,,1.79769313486232E+308,True,GTC,,
SCHL,DU3053535,11001,,36,1.79769313486232E+308,TRAIL LIMIT,SELL,2.38,0,24.87,,-12.44,True,GTC,,
OFC,DU3053535,10998,,36,1.79769313486232E+308,TRAIL LIMIT,SELL,1.29,0,26.06,,-13.03,True,GTC,,
SCHL,DU3053535,10999,,36,1.79769313486232E+308,LMT,BUY,0,27.79,28.79,,1.79769313486232E+308,True,GTC,,,20201229 09:30:00 EST, 274128≥+27.25, 274128≥+97909,margin ≥+20
PEBO,DU3053535,11004,,35,1.79769313486232E+308,TRAIL LIMIT,SELL,1.57,0,26.85,,-13.42,True,GTC,,
FITB,DU3053535,11005,,34,1.79769313486232E+308,LMT,BUY,0,29.56,30.56,,1.79769313486232E+308,True,GTC,,,20201229 09:30:00 EST, 269318≥+28.98, 269318≥+1625000,margin ≥+20
PEBO,DU3053535,11002,,35,1.79769313486232E+308,LMT,BUY,0,29,30,,1.79769313486232E+308,True,GTC,,,20201229 09:30:00 EST, 3655799≥+28.43, 3655799≥+31564,margin ≥+20
PEBO,DU3053535,11003,,35,1.79769313486232E+308,LMT,SELL,0,33.15,34.15,,1.79769313486232E+308,True,GTC,,
GVA,DU3053535,10960,,34,1.79769313486232E+308,LMT,BUY,0,29.46,30.46,,1.79769313486232E+308,True,GTC,,,20201229 09:30:00 EST, 2743636≥+28.88, 2743636≥+65400,margin ≥+20
GVA,DU3053535,10961,,34,1.79769313486232E+308,LMT,SELL,0,34.81,35.81,,1.79769313486232E+308,True,GTC,,
AIQ,DU3053535,10958,,36,1.79769313486232E+308,LMT,SELL,0,29.63,30.63,,1.79769313486232E+308,True,GTC,,
AIQ,DU3053535,10959,,36,1.79769313486232E+308,TRAIL LIMIT,SELL,0.67,0,26.94,,-13.47,True,GTC,,
NTCT,DU3053535,10964,,34,1.79769313486232E+308,LMT,SELL,0,33.82,34.82,,1.79769313486232E+308,True,GTC,,
NTCT,DU3053535,10965,,34,1.79769313486232E+308,TRAIL LIMIT,SELL,1.7,0,27.03,,-13.51,True,GTC,,
GVA,DU3053535,10962,,34,1.79769313486232E+308,TRAIL LIMIT,SELL,1.98,0,26.9,,-13.45,True,GTC,,
NTCT,DU3053535,10963,,34,1.79769313486232E+308,LMT,BUY,0,29.3,30.3,,1.79769313486232E+308,True,GTC,,,20201229 09:30:00 EST, 6525674≥+28.73, 6525674≥+285982,margin ≥+20
MFEM,DU3053535,10952,,36,1.79769313486232E+308,LMT,SELL,0,29.18,30.18,,1.79769313486232E+308,True,GTC,,
MFEM,DU3053535,10953,,36,1.79769313486232E+308,TRAIL LIMIT,SELL,0.63,0,26.67,,-13.34,True,GTC,,
CLOU,DU3053535,10950,,34,1.79769313486232E+308,TRAIL LIMIT,SELL,1.51,0,27.76,,-13.88,True,GTC,,
MFEM,DU3053535,10951,,36,1.79769313486232E+308,LMT,BUY,0,27.84,28.84,,1.79769313486232E+308,True,GTC,,,20201229 09:30:00 EST, 288231294≥+27.3, 288231294≥+34818,margin ≥+20
HTH,DU3053535,10956,,35,1.79769313486232E+308,TRAIL LIMIT,SELL,1.44,0,26.87,,-13.44,True,GTC,,
AIQ,DU3053535,10957,,36,1.79769313486232E+308,LMT,BUY,0,28.17,29.17,,1.79769313486232E+308,True,GTC,,,20201229 09:30:00 EST, 317792273≥+27.62, 317792273≥+64182,margin ≥+20
HTH,DU3053535,10954,,35,1.79769313486232E+308,LMT,BUY,0,28.88,29.88,,1.79769313486232E+308,True,GTC,,,20201229 09:30:00 EST, 45529420≥+28.31, 45529420≥+109873,margin ≥+20
HTH,DU3053535,10955,,35,1.79769313486232E+308,LMT,SELL,0,32.64,33.64,,1.79769313486232E+308,True,GTC,,
NGM,DU3053535,10976,,31,1.79769313486232E+308,LMT,SELL,0,41.37,42.37,,1.79769313486232E+308,True,GTC,,
NGM,DU3053535,10977,,31,1.79769313486232E+308,TRAIL LIMIT,SELL,3.1,0,28.99,,-14.5,True,GTC,,
BBAX,DU3053535,10974,,36,1.79769313486232E+308,TRAIL LIMIT,SELL,0.58,0,26.87,,-13.44,True,GTC,,
NGM,DU3053535,10975,,31,1.79769313486232E+308,LMT,BUY,0,32.73,33.73,,1.79769313486232E+308,True,GTC,,,20201229 09:30:00 EST, 359808548≥+32.08, 359808548≥+114818,margin ≥+20
HWM,DU3053535,10980,,34,1.79769313486232E+308,TRAIL LIMIT,SELL,1.91,0,26.98,,-13.49,True,GTC,,
HSBC,DU3053535,10981,,35,1.79769313486232E+308,LMT,BUY,0,28.34,29.34,,1.79769313486232E+308,True,GTC,,,20201229 09:30:00 EST, 4875668≥+27.78, 4875668≥+381218,margin ≥+20
HWM,DU3053535,10978,,34,1.79769313486232E+308,LMT,BUY,0,29.46,30.46,,1.79769313486232E+308,True,GTC,,,20201229 09:30:00 EST, 403121976≥+28.89, 403121976≥+1413145,margin ≥+20
HWM,DU3053535,10979,,34,1.79769313486232E+308,LMT,SELL,0,34.62,35.62,,1.79769313486232E+308,True,GTC,,
ZTO,DU3053535,10968,,33,1.79769313486232E+308,TRAIL LIMIT,SELL,1.87,0,27.74,,-13.87,True,GTC,,
HTA,DU3053535,10969,,35,1.79769313486232E+308,LMT,BUY,0,28.87,29.87,,1.79769313486232E+308,True,GTC,,,20201229 09:30:00 EST, 175833028≥+28.3, 175833028≥+639091,margin ≥+20
ZTO,DU3053535,10966,,33,1.79769313486232E+308,LMT,BUY,0,30.2,31.2,,1.79769313486232E+308,True,GTC,,,20201229 09:30:00 EST, 253210632≥+29.61, 253210632≥+934564,margin ≥+20
ZTO,DU3053535,10967,,33,1.79769313486232E+308,LMT,SELL,0,35.23,36.23,,1.79769313486232E+308,True,GTC,,
BBAX,DU3053535,10972,,36,1.79769313486232E+308,LMT,BUY,0,28,29,,1.79769313486232E+308,True,GTC,,,20201229 09:30:00 EST, 328860326≥+27.45, 328860326≥+99000,margin ≥+20
BBAX,DU3053535,10973,,36,1.79769313486232E+308,LMT,SELL,0,29.19,30.19,,1.79769313486232E+308,True,GTC,,
HTA,DU3053535,10970,,35,1.79769313486232E+308,LMT,SELL,0,31.94,32.94,,1.79769313486232E+308,True,GTC,,
HTA,DU3053535,10971,,35,1.79769313486232E+308,TRAIL LIMIT,SELL,1.21,0,27.09,,-13.55,True,GTC,,
ATLO,DU3053535,10928,,36,1.79769313486232E+308,LMT,SELL,0,34.92,35.92,,1.79769313486232E+308,True,GTC,,
ATLO,DU3053535,10929,,36,1.79769313486232E+308,TRAIL LIMIT,SELL,2.4,0,25.33,,-12.67,True,GTC,,
BBEU,DU3053535,10926,,37,1.79769313486232E+308,TRAIL LIMIT,SELL,0.64,0,26.07,,-13.03,True,GTC,,
ATLO,DU3053535,10927,,36,1.79769313486232E+308,LMT,BUY,0,28.28,29.28,,1.79769313486232E+308,True,GTC,,,20201229 09:30:00 EST, 30208161≥+27.72, 30208161≥+46418,margin ≥+20
CORT,DU3053535,10932,,35,1.79769313486232E+308,TRAIL LIMIT,SELL,1.94,0,26.45,,-13.22,True,GTC,,
BHFAN,DU3053535,10933,,37,1.79769313486232E+308,LMT,BUY,0,27.33,28.33,,1.79769313486232E+308,True,GTC,,,20201229 09:30:00 EST, 456711363≥+26.8, 456711363≥+23218,margin ≥+20
CORT,DU3053535,10930,,35,1.79769313486232E+308,LMT,BUY,0,28.97,29.97,,1.79769313486232E+308,True,GTC,,,20201229 09:30:00 EST, 28565190≥+28.4, 28565190≥+314527,margin ≥+20
CORT,DU3053535,10931,,35,1.79769313486232E+308,LMT,SELL,0,34.23,35.23,,1.79769313486232E+308,True,GTC,,
JYNT,DU3053535,10920,,35,1.79769313486232E+308,TRAIL LIMIT,SELL,2.09,0,26.04,,-13.02,True,GTC,,
CHUY,DU3053535,10921,,34,1.79769313486232E+308,LMT,BUY,0,29.56,30.56,,1.79769313486232E+308,True,GTC,,,20201229 09:30:00 EST, 111254042≥+28.98, 111254042≥+108018,margin ≥+20
JYNT,DU3053535,10918,,35,1.79769313486232E+308,LMT,BUY,0,28.69,29.69,,1.79769313486232E+308,True,GTC,,,20201229 09:30:00 EST, 173148149≥+28.13, 173148149≥+30145,margin ≥+20
JYNT,DU3053535,10919,,35,1.79769313486232E+308,LMT,SELL,0,34.4,35.4,,1.79769313486232E+308,True,GTC,,
BBEU,DU3053535,10924,,37,1.79769313486232E+308,LMT,BUY,0,27.25,28.25,,1.79769313486232E+308,True,GTC,,,20201229 09:30:00 EST, 321533901≥+26.72, 321533901≥+335745,margin ≥+20
BBEU,DU3053535,10925,,37,1.79769313486232E+308,LMT,SELL,0,28.65,29.65,,1.79769313486232E+308,True,GTC,,
CHUY,DU3053535,10922,,34,1.79769313486232E+308,LMT,SELL,0,36.76,37.76,,1.79769313486232E+308,True,GTC,,
CHUY,DU3053535,10923,,34,1.79769313486232E+308,TRAIL LIMIT,SELL,2.59,0,26.39,,-13.19,True,GTC,,
NSSC,DU3053535,10944,,34,1.79769313486232E+308,TRAIL LIMIT,SELL,2.26,0,26.43,,-13.22,True,GTC,,
EQC,DU3053535,10945,,36,1.79769313486232E+308,LMT,BUY,0,27.74,28.74,,1.79769313486232E+308,True,GTC,,,20201229 09:30:00 EST, 162225735≥+27.2, 162225735≥+328855,margin ≥+20
NSSC,DU3053535,10942,,34,1.79769313486232E+308,LMT,BUY,0,29.26,30.26,,1.79769313486232E+308,True,GTC,,,20201229 09:30:00 EST, 272545≥+28.68, 272545≥+44073,margin ≥+20
NSSC,DU3053535,10943,,34,1.79769313486232E+308,LMT,SELL,0,35.45,36.45,,1.79769313486232E+308,True,GTC,,
CLOU,DU3053535,10948,,34,1.79769313486232E+308,LMT,BUY,0,29.86,30.86,,1.79769313486232E+308,True,GTC,,,20201229 09:30:00 EST, 360975905≥+29.27, 360975905≥+170618,margin ≥+20
CLOU,DU3053535,10949,,34,1.79769313486232E+308,LMT,SELL,0,33.81,34.81,,1.79769313486232E+308,True,GTC,,
EQC,DU3053535,10946,,36,1.79769313486232E+308,LMT,SELL,0,29.3,30.3,,1.79769313486232E+308,True,GTC,,
EQC,DU3053535,10947,,36,1.79769313486232E+308,TRAIL LIMIT,SELL,0.7,0,26.5,,-13.25,True,GTC,,
HCSG,DU3053535,10936,,35,1.79769313486232E+308,LMT,BUY,0,28.85,29.85,,1.79769313486232E+308,True,GTC,,,20201229 09:30:00 EST, 270058≥+28.28, 270058≥+323255,margin ≥+20
HCSG,DU3053535,10937,,35,1.79769313486232E+308,LMT,SELL,0,33.39,34.39,,1.79769313486232E+308,True,GTC,,
BHFAN,DU3053535,10934,,37,1.79769313486232E+308,LMT,SELL,0,28.57,29.57,,1.79769313486232E+308,True,GTC,,
BHFAN,DU3053535,10935,,37,1.79769313486232E+308,TRAIL LIMIT,SELL,0.59,0,26.2,,-13.1,True,GTC,,
PBA,DU3053535,10940,,37,1.79769313486232E+308,LMT,SELL,0,31.65,32.65,,1.79769313486232E+308,True,GTC,,
PBA,DU3053535,10941,,37,1.79769313486232E+308,TRAIL LIMIT,SELL,1.61,0,25.21,,-12.6,True,GTC,,
HCSG,DU3053535,10938,,35,1.79769313486232E+308,TRAIL LIMIT,SELL,1.7,0,26.58,,-13.29,True,GTC,,
PBA,DU3053535,10939,,37,1.79769313486232E+308,LMT,BUY,0,27.36,28.36,,1.79769313486232E+308,True,GTC,,,20201229 09:30:00 EST, 105094305≥+26.82, 105094305≥+47200,margin ≥+20
VRP,DU3053535,10898,,37,1.79769313486232E+308,LMT,SELL,0,27.65,28.65,,1.79769313486232E+308,True,GTC,,
VRP,DU3053535,10899,,37,1.79769313486232E+308,TRAIL LIMIT,SELL,0.43,0,25.92,,-12.96,True,GTC,,
SEM,DU3053535,10902,,35,1.79769313486232E+308,TRAIL LIMIT,SELL,1.63,0,26.47,,-13.23,True,GTC,,
AMER,DU3053535,10903,,37,1.79769313486232E+308,LMT,BUY,0,27.32,28.32,,1.79769313486232E+308,True,GTC,,,20201229 09:30:00 EST, 450042692≥+26.78, 450042692≥+27291,margin ≥+20
SEM,DU3053535,10900,,35,1.79769313486232E+308,LMT,BUY,0,28.66,29.66,,1.79769313486232E+308,True,GTC,,,20201229 09:30:00 EST, 69114941≥+28.1, 69114941≥+226855,margin ≥+20
SEM,DU3053535,10901,,35,1.79769313486232E+308,LMT,SELL,0,32.98,33.98,,1.79769313486232E+308,True,GTC,,
TMHC,DU3053535,10892,,34,1.79769313486232E+308,LMT,SELL,0,36.84,37.84,,1.79769313486232E+308,True,GTC,,
TMHC,DU3053535,10893,,34,1.79769313486232E+308,TRAIL LIMIT,SELL,2.58,0,26.51,,-13.25,True,GTC,,
HPP,DU3053535,10887,,38,1.79769313486232E+308,TRAIL LIMIT,SELL,1.54,0,24.58,,-12.29,True,GTC,,
TMHC,DU3053535,10891,,34,1.79769313486232E+308,LMT,BUY,0,29.68,30.68,,1.79769313486232E+308,True,GTC,,,20201229 09:30:00 EST, 125483759≥+29.1, 125483759≥+349673,margin ≥+20
TRN,DU3053535,10896,,36,1.79769313486232E+308,TRAIL LIMIT,SELL,1.53,0,26.05,,-13.03,True,GTC,,
VRP,DU3053535,10897,,37,1.79769313486232E+308,LMT,BUY,0,26.88,27.88,,1.79769313486232E+308,True,GTC,,,20201229 09:30:00 EST, 319359428≥+26.35, 319359428≥+26982,margin ≥+20
TRN,DU3053535,10894,,36,1.79769313486232E+308,LMT,BUY,0,28.13,29.13,,1.79769313486232E+308,True,GTC,,,20201229 09:30:00 EST, 12974≥+27.58, 12974≥+398364,margin ≥+20
TRN,DU3053535,10895,,36,1.79769313486232E+308,LMT,SELL,0,32.17,33.17,,1.79769313486232E+308,True,GTC,,
FDP,DU3053535,10912,,37,1.79769313486232E+308,LMT,BUY,0,27.28,28.28,,1.79769313486232E+308,True,GTC,,,20201229 09:30:00 EST, 6478290≥+26.74, 6478290≥+153418,margin ≥+20
FDP,DU3053535,10913,,37,1.79769313486232E+308,LMT,SELL,0,31.1,32.1,,1.79769313486232E+308,True,GTC,,
MDU,DU3053535,10916,,37,1.79769313486232E+308,LMT,SELL,0,31.11,32.11,,1.79769313486232E+308,True,GTC,,
MDU,DU3053535,10917,,37,1.79769313486232E+308,TRAIL LIMIT,SELL,1.37,0,25.63,,-12.82,True,GTC,,
FDP,DU3053535,10914,,37,1.79769313486232E+308,TRAIL LIMIT,SELL,1.45,0,25.29,,-12.65,True,GTC,,
MDU,DU3053535,10915,,37,1.79769313486232E+308,LMT,BUY,0,27.54,28.54,,1.79769313486232E+308,True,GTC,,,20201229 09:30:00 EST, 9485≥+27, 9485≥+596782,margin ≥+20
DNB,DU3053535,10906,,35,1.79769313486232E+308,LMT,BUY,0,28.96,29.96,,1.79769313486232E+308,True,GTC,,,20201229 09:30:00 EST, 430360593≥+28.39, 430360593≥+468945,margin ≥+20
DNB,DU3053535,10907,,35,1.79769313486232E+308,LMT,SELL,0,33.7,34.7,,1.79769313486232E+308,True,GTC,,
AMER,DU3053535,10904,,37,1.79769313486232E+308,LMT,SELL,0,29.31,30.31,,1.79769313486232E+308,True,GTC,,
AMER,DU3053535,10905,,37,1.79769313486232E+308,TRAIL LIMIT,SELL,0.84,0,25.94,,-12.97,True,GTC,,
VICI,DU3053535,10910,,36,1.79769313486232E+308,LMT,SELL,0,31.43,32.43,,1.79769313486232E+308,True,GTC,,
VICI,DU3053535,10911,,36,1.79769313486232E+308,TRAIL LIMIT,SELL,1.38,0,25.9,,-12.95,True,GTC,,
DNB,DU3053535,10908,,35,1.79769313486232E+308,TRAIL LIMIT,SELL,1.77,0,26.62,,-13.31,True,GTC,,
VICI,DU3053535,10909,,36,1.79769313486232E+308,LMT,BUY,0,27.83,28.83,,1.79769313486232E+308,True,GTC,,,20201229 09:30:00 EST, 292080616≥+27.28, 292080616≥+2154455,margin ≥+20
WAFD,DU3053535,10862,,37,1.79769313486232E+308,LMT,SELL,0,31.45,32.45,,1.79769313486232E+308,True,GTC,,
WAFD,DU3053535,10863,,37,1.79769313486232E+308,TRAIL LIMIT,SELL,1.49,0,25.49,,-12.74,True,GTC,,
CLFD,DU3053535,10860,,35,1.79769313486232E+308,TRAIL LIMIT,SELL,2.54,0,25.44,,-12.72,True,GTC,,
WAFD,DU3053535,10861,,37,1.79769313486232E+308,LMT,BUY,0,27.52,28.52,,1.79769313486232E+308,True,GTC,,,20201229 09:30:00 EST, 276037≥+26.98, 276037≥+256582,margin ≥+20
TSEM,DU3053535,10866,,37,1.79769313486232E+308,TRAIL LIMIT,SELL,1.61,0,25.28,,-12.64,True,GTC,,
TSEM,DU3053535,10864,,37,1.79769313486232E+308,LMT,BUY,0,27.43,28.43,,1.79769313486232E+308,True,GTC,,,20201229 09:30:00 EST, 111792216≥+26.89, 111792216≥+34873,margin ≥+20
TSEM,DU3053535,10865,,37,1.79769313486232E+308,LMT,SELL,0,31.74,32.74,,1.79769313486232E+308,True,GTC,,
REC,DU3053535,10856,,39,1.79769313486232E+308,LMT,SELL,0,25.8,26.8,,1.79769313486232E+308,True,GTC,,
REC,DU3053535,10857,,39,1.79769313486232E+308,TRAIL LIMIT,SELL,0.13,0,25.28,,-12.64,True,GTC,,
DISCK,DU3053535,10854,,37,1.79769313486232E+308,TRAIL LIMIT,SELL,1.68,0,24.99,,-12.49,True,GTC,,
REC,DU3053535,10855,,39,1.79769313486232E+308,LMT,BUY,0,25.92,26.92,,1.79769313486232E+308,True,GTC,,,20201229 09:30:00 EST, 450042699≥+25.41, 450042699≥+54818,margin ≥+20
CLFD,DU3053535,10858,,35,1.79769313486232E+308,LMT,BUY,0,28.53,29.53,,1.79769313486232E+308,True,GTC,,,20201229 09:30:00 EST, 47965850≥+27.97, 47965850≥+44455,margin ≥+20
CLFD,DU3053535,10859,,35,1.79769313486232E+308,LMT,SELL,0,35.58,36.58,,1.79769313486232E+308,True,GTC,,
EQH,DU3053535,10881,,37,1.79769313486232E+308,TRAIL LIMIT,SELL,1.38,0,25.39,,-12.69,True,GTC,,
UFCS,DU3053535,10882,,37,1.79769313486232E+308,LMT,BUY,0,27.5,28.5,,1.79769313486232E+308,True,GTC,,,20201229 09:30:00 EST, 101780392≥+26.96, 101780392≥+81836,margin ≥+20
EQH,DU3053535,10879,,37,1.79769313486232E+308,LMT,BUY,0,27.31,28.31,,1.79769313486232E+308,True,GTC,,,20201229 09:30:00 EST, 398898580≥+26.77, 398898580≥+1393818,margin ≥+20
EQH,DU3053535,10880,,37,1.79769313486232E+308,LMT,SELL,0,30.92,31.92,,1.79769313486232E+308,True,GTC,,
HPP,DU3053535,10885,,38,1.79769313486232E+308,LMT,BUY,0,26.64,27.64,,1.79769313486232E+308,True,GTC,,,20201229 09:30:00 EST, 76649551≥+26.12, 76649551≥+614436,margin ≥+20
HPP,DU3053535,10886,,38,1.79769313486232E+308,LMT,SELL,0,30.73,31.73,,1.79769313486232E+308,True,GTC,,
UFCS,DU3053535,10883,,37,1.79769313486232E+308,LMT,SELL,0,33.53,34.53,,1.79769313486232E+308,True,GTC,,
UFCS,DU3053535,10884,,37,1.79769313486232E+308,TRAIL LIMIT,SELL,2.19,0,24.77,,-12.38,True,GTC,,
EVOP,DU3053535,10870,,34,1.79769313486232E+308,LMT,BUY,0,29.18,30.18,,1.79769313486232E+308,True,GTC,,,20201229 09:30:00 EST, 319017581≥+28.61, 319017581≥+165600,margin ≥+20
EVOP,DU3053535,10871,,34,1.79769313486232E+308,LMT,SELL,0,35.14,36.14,,1.79769313486232E+308,True,GTC,,
HBANO,DU3053535,10874,,38,1.79769313486232E+308,LMT,SELL,0,26.31,27.31,,1.79769313486232E+308,True,GTC,,
HBANO,DU3053535,10875,,38,1.79769313486232E+308,TRAIL LIMIT,SELL,0.14,0,25.74,,-12.87,True,GTC,,
EVOP,DU3053535,10872,,34,1.79769313486232E+308,TRAIL LIMIT,SELL,2.18,0,26.43,,-13.22,True,GTC,,
HBANO,DU3053535,10873,,38,1.79769313486232E+308,LMT,BUY,0,26.4,27.4,,1.79769313486232E+308,True,GTC,,,20201229 09:30:00 EST, 227561064≥+25.88, 227561064≥+28564,margin ≥+20
PSLV,DU3053535,6690,,107,1.79769313486232E+308,TRAIL LIMIT,SELL,0.53,13.29,8.89,,-4.4,True,GTC,,
PSLV,DU3053535,6689,,107,1.79769313486232E+308,LMT,SELL,0,10.67,1.79769313486232E+308,,1.79769313486232E+308,True,GTC,,
FBMS,DU3053535,11244,,31,1.79769313486232E+308,TRAIL LIMIT,SELL,1.79,0,29.75,,-14.87,True,GTC,,
HR,DU3053535,11245,,32,1.79769313486232E+308,LMT,BUY,0,31.62,32.62,,1.79769313486232E+308,True,GTC,,,20201229 09:30:00 EST, 8127≥+31, 8127≥+640309,margin ≥+20
FBMS,DU3053535,11242,,31,1.79769313486232E+308,LMT,BUY,0,32.17,33.17,,1.79769313486232E+308,True,GTC,,,20201229 09:30:00 EST, 30211079≥+31.54, 30211079≥+28291,margin ≥+20
FBMS,DU3053535,11243,,31,1.79769313486232E+308,LMT,SELL,0,36.9,37.9,,1.79769313486232E+308,True,GTC,,
HR,DU3053535,11246,,32,1.79769313486232E+308,LMT,SELL,0,35.14,36.14,,1.79769313486232E+308,True,GTC,,
HR,DU3053535,11247,,32,1.79769313486232E+308,TRAIL LIMIT,SELL,1.38,0,29.62,,-14.81,True,GTC,,
FCPT,DU3053535,11217,,31,1.79769313486232E+308,TRAIL LIMIT,SELL,1.84,0,29.42,,-14.71,True,GTC,,
GTY,DU3053535,11218,,32,1.79769313486232E+308,LMT,BUY,0,31.16,32.16,,1.79769313486232E+308,True,GTC,,,20201229 09:30:00 EST, 7855≥+30.55, 7855≥+165564,margin ≥+20
FCPT,DU3053535,11215,,31,1.79769313486232E+308,LMT,BUY,0,31.88,32.88,,1.79769313486232E+308,True,GTC,,,20201229 09:30:00 EST, 210810670≥+31.26, 210810670≥+162418,margin ≥+20
FCPT,DU3053535,11216,,31,1.79769313486232E+308,LMT,SELL,0,36.78,37.78,,1.79769313486232E+308,True,GTC,,
HMC,DU3053535,11221,,33,1.79769313486232E+308,LMT,BUY,0,30.88,31.88,,1.79769313486232E+308,True,GTC,,,20201229 09:30:00 EST, 8045≥+30.28, 8045≥+85636,margin ≥+20
HMC,DU3053535,11222,,33,1.79769313486232E+308,LMT,SELL,0,33.78,34.78,,1.79769313486232E+308,True,GTC,,
GTY,DU3053535,11219,,32,1.79769313486232E+308,LMT,SELL,0,35.38,36.38,,1.79769313486232E+308,True,GTC,,
GTY,DU3053535,11220,,32,1.79769313486232E+308,TRAIL LIMIT,SELL,1.61,0,28.95,,-14.48,True,GTC,,
WFC,DU3053535,11209,,31,1.79769313486232E+308,LMT,BUY,0,32.26,33.26,,1.79769313486232E+308,True,GTC,,,20201229 09:30:00 EST, 10375≥+31.63, 10375≥+10569145,margin ≥+20
WFC,DU3053535,11210,,31,1.79769313486232E+308,LMT,SELL,0,37.82,38.82,,1.79769313486232E+308,True,GTC,,
TPR,DU3053535,11207,,31,1.79769313486232E+308,LMT,SELL,0,39.33,40.33,,1.79769313486232E+308,True,GTC,,
TPR,DU3053535,11208,,31,1.79769313486232E+308,TRAIL LIMIT,SELL,2.38,0,29.82,,-14.91,True,GTC,,
SUN,DU3053535,11213,,32,1.79769313486232E+308,LMT,SELL,0,35.76,36.76,,1.79769313486232E+308,True,GTC,,
SUN,DU3053535,11214,,32,1.79769313486232E+308,TRAIL LIMIT,SELL,1.65,0,29.14,,-14.57,True,GTC,,
WFC,DU3053535,11211,,31,1.79769313486232E+308,TRAIL LIMIT,SELL,2.07,0,29.56,,-14.78,True,GTC,,
SUN,DU3053535,11212,,32,1.79769313486232E+308,LMT,BUY,0,31.41,32.41,,1.79769313486232E+308,True,GTC,,,20201229 09:30:00 EST, 171322358≥+30.8, 171322358≥+175618,margin ≥+20
PEAK,DU3053535,11236,,31,1.79769313486232E+308,LMT,BUY,0,31.89,32.89,,1.79769313486232E+308,True,GTC,,,20201229 09:30:00 EST, 389700396≥+31.26, 389700396≥+1621436,margin ≥+20
PEAK,DU3053535,11237,,31,1.79769313486232E+308,LMT,SELL,0,35.79,36.79,,1.79769313486232E+308,True,GTC,,
HERO,DU3053535,11234,,31,1.79769313486232E+308,LMT,SELL,0,36.31,37.31,,1.79769313486232E+308,True,GTC,,
HERO,DU3053535,11235,,31,1.79769313486232E+308,TRAIL LIMIT,SELL,1.42,0,30.65,,-15.33,True,GTC,,
WSBC,DU3053535,11240,,31,1.79769313486232E+308,LMT,SELL,0,37.24,38.24,,1.79769313486232E+308,True,GTC,,
WSBC,DU3053535,11241,,31,1.79769313486232E+308,TRAIL LIMIT,SELL,1.92,0,29.57,,-14.78,True,GTC,,
PEAK,DU3053535,11238,,31,1.79769313486232E+308,TRAIL LIMIT,SELL,1.51,0,29.75,,-14.87,True,GTC,,
WSBC,DU3053535,11239,,31,1.79769313486232E+308,LMT,BUY,0,32.12,33.12,,1.79769313486232E+308,True,GTC,,,20201229 09:30:00 EST, 276139≥+31.49, 276139≥+158600,margin ≥+20
PSXP,DU3053535,11225,,32,1.79769313486232E+308,LMT,SELL,0,38.62,39.62,,1.79769313486232E+308,True,GTC,,
PSXP,DU3053535,11226,,32,1.79769313486232E+308,TRAIL LIMIT,SELL,2.54,0,28.44,,-14.22,True,GTC,,
HMC,DU3053535,11223,,33,1.79769313486232E+308,TRAIL LIMIT,SELL,1.17,0,29.11,,-14.56,True,GTC,,
PSXP,DU3053535,11224,,32,1.79769313486232E+308,LMT,BUY,0,31.61,32.61,,1.79769313486232E+308,True,GTC,,,20201229 09:30:00 EST, 131343645≥+30.99, 131343645≥+277491,margin ≥+20
HEES,DU3053535,11232,,31,1.79769313486232E+308,TRAIL LIMIT,SELL,2.1,0,29.5,,-14.75,True,GTC,,
HERO,DU3053535,11233,,31,1.79769313486232E+308,LMT,BUY,0,32.7,33.7,,1.79769313486232E+308,True,GTC,,,20201229 09:30:00 EST, 389399755≥+32.06, 389399755≥+33000,margin ≥+20
HEES,DU3053535,11230,,31,1.79769313486232E+308,LMT,BUY,0,32.23,33.23,,1.79769313486232E+308,True,GTC,,,20201229 09:30:00 EST, 37597921≥+31.6, 37597921≥+95818,margin ≥+20
HEES,DU3053535,11231,,31,1.79769313486232E+308,LMT,SELL,0,37.89,38.89,,1.79769313486232E+308,True,GTC,,
INVH,DU3053535,11185,,32,1.79769313486232E+308,LMT,BUY,0,30.98,31.98,,1.79769313486232E+308,True,GTC,,,20201229 09:30:00 EST, 264405214≥+30.38, 264405214≥+1092691,margin ≥+20
INVH,DU3053535,11186,,32,1.79769313486232E+308,LMT,SELL,0,34.46,35.46,,1.79769313486232E+308,True,GTC,,
SBCF,DU3053535,11183,,32,1.79769313486232E+308,LMT,SELL,0,36.91,37.91,,1.79769313486232E+308,True,GTC,,
SBCF,DU3053535,11184,,32,1.79769313486232E+308,TRAIL LIMIT,SELL,1.99,0,28.93,,-14.46,True,GTC,,
IRM,DU3053535,11189,,32,1.79769313486232E+308,LMT,SELL,0,34.93,35.93,,1.79769313486232E+308,True,GTC,,
IRM,DU3053535,11190,,32,1.79769313486232E+308,TRAIL LIMIT,SELL,1.36,0,29.49,,-14.75,True,GTC,,
INVH,DU3053535,11187,,32,1.79769313486232E+308,TRAIL LIMIT,SELL,1.36,0,29.01,,-14.5,True,GTC,,
IRM,DU3053535,11188,,32,1.79769313486232E+308,LMT,BUY,0,31.47,32.47,,1.79769313486232E+308,True,GTC,,,20201229 09:30:00 EST, 180350774≥+30.85, 180350774≥+1210400,margin ≥+20
ILF,DU3053535,11177,,32,1.79769313486232E+308,LMT,SELL,0,34.33,35.33,,1.79769313486232E+308,True,GTC,,
ILF,DU3053535,11178,,32,1.79769313486232E+308,TRAIL LIMIT,SELL,1.27,0,29.25,,-14.62,True,GTC,,
EWI,DU3053535,11175,,33,1.79769313486232E+308,TRAIL LIMIT,SELL,0.79,0,29.2,,-14.6,True,GTC,,
ILF,DU3053535,11176,,32,1.79769313486232E+308,LMT,BUY,0,31.13,32.13,,1.79769313486232E+308,True,GTC,,,20201229 09:30:00 EST, 13648820≥+30.52, 13648820≥+327927,margin ≥+20
FHI,DU3053535,11181,,32,1.79769313486232E+308,TRAIL LIMIT,SELL,1.44,0,28.94,,-14.47,True,GTC,,
SBCF,DU3053535,11182,,32,1.79769313486232E+308,LMT,BUY,0,31.55,32.55,,1.79769313486232E+308,True,GTC,,,20201229 09:30:00 EST, 140006230≥+30.93, 140006230≥+329127,margin ≥+20
FHI,DU3053535,11179,,32,1.79769313486232E+308,LMT,BUY,0,30.98,31.98,,1.79769313486232E+308,True,GTC,,,20201229 09:30:00 EST, 6477744≥+30.38, 6477744≥+268255,margin ≥+20
FHI,DU3053535,11180,,32,1.79769313486232E+308,LMT,SELL,0,34.7,35.7,,1.79769313486232E+308,True,GTC,,
AAT,DU3053535,11201,,32,1.79769313486232E+308,LMT,SELL,0,36.03,37.03,,1.79769313486232E+308,True,GTC,,
AAT,DU3053535,11202,,32,1.79769313486232E+308,TRAIL LIMIT,SELL,1.83,0,28.73,,-14.36,True,GTC,,
CSV,DU3053535,11199,,31,1.79769313486232E+308,TRAIL LIMIT,SELL,1.88,0,30.12,,-15.06,True,GTC,,
AAT,DU3053535,11200,,32,1.79769313486232E+308,LMT,BUY,0,31.17,32.17,,1.79769313486232E+308,True,GTC,,,20201229 09:30:00 EST, 82819360≥+30.56, 82819360≥+272236,margin ≥+20
CRS,DU3053535,11205,,32,1.79769313486232E+308,TRAIL LIMIT,SELL,2.47,0,28.5,,-14.25,True,GTC,,
TPR,DU3053535,11206,,31,1.79769313486232E+308,LMT,BUY,0,32.84,33.84,,1.79769313486232E+308,True,GTC,,,20201229 09:30:00 EST, 292491487≥+32.2, 292491487≥+1213164,margin ≥+20
CRS,DU3053535,11203,,32,1.79769313486232E+308,LMT,BUY,0,31.59,32.59,,1.79769313486232E+308,True,GTC,,,20201229 09:30:00 EST, 6077≥+30.97, 6077≥+243418,margin ≥+20
CRS,DU3053535,11204,,32,1.79769313486232E+308,LMT,SELL,0,38.37,39.37,,1.79769313486232E+308,True,GTC,,
EWU,DU3053535,11193,,32,1.79769313486232E+308,TRAIL LIMIT,SELL,1.05,0,29.29,,-14.64,True,GTC,,
SEAS,DU3053535,11194,,30,1.79769313486232E+308,LMT,BUY,0,33.24,34.24,,1.79769313486232E+308,True,GTC,,,20201229 09:30:00 EST, 125846698≥+32.58, 125846698≥+171945,margin ≥+20
EWU,DU3053535,11191,,32,1.79769313486232E+308,LMT,BUY,0,30.94,31.94,,1.79769313486232E+308,True,GTC,,,20201229 09:30:00 EST, 253190561≥+30.34, 253190561≥+166527,margin ≥+20
EWU,DU3053535,11192,,32,1.79769313486232E+308,LMT,SELL,0,33.48,34.48,,1.79769313486232E+308,True,GTC,,
CSV,DU3053535,11197,,31,1.79769313486232E+308,LMT,BUY,0,32.64,33.64,,1.79769313486232E+308,True,GTC,,,20201229 09:30:00 EST, 6607664≥+32, 6607664≥+35473,margin ≥+20
CSV,DU3053535,11198,,31,1.79769313486232E+308,LMT,SELL,0,37.65,38.65,,1.79769313486232E+308,True,GTC,,
SEAS,DU3053535,11195,,30,1.79769313486232E+308,LMT,SELL,0,40.23,41.23,,1.79769313486232E+308,True,GTC,,
SEAS,DU3053535,11196,,30,1.79769313486232E+308,TRAIL LIMIT,SELL,2.55,0,30.04,,-15.02,True,GTC,,
ACLS,DU3053535,11153,,32,1.79769313486232E+308,LMT,SELL,0,36.06,37.06,,1.79769313486232E+308,True,GTC,,
ACLS,DU3053535,11154,,32,1.79769313486232E+308,TRAIL LIMIT,SELL,1.76,0,29.01,,-14.5,True,GTC,,
OBNK,DU3053535,11151,,33,1.79769313486232E+308,TRAIL LIMIT,SELL,2.29,0,27.79,,-13.9,True,GTC,,
ACLS,DU3053535,11152,,32,1.79769313486232E+308,LMT,BUY,0,31.39,32.39,,1.79769313486232E+308,True,GTC,,,20201229 09:30:00 EST, 239037320≥+30.78, 239037320≥+94636,margin ≥+20
KBR,DU3053535,11157,,32,1.79769313486232E+308,TRAIL LIMIT,SELL,1.53,0,29.1,,-14.55,True,GTC,,
FITBI,DU3053535,11158,,34,1.79769313486232E+308,LMT,BUY,0,29.98,30.98,,1.79769313486232E+308,True,GTC,,,20201229 09:30:00 EST, 140125011≥+29.4, 140125011≥+27691,margin ≥+20
KBR,DU3053535,11155,,32,1.79769313486232E+308,LMT,BUY,0,31.25,32.25,,1.79769313486232E+308,True,GTC,,,20201229 09:30:00 EST, 41552939≥+30.64, 41552939≥+434909,margin ≥+20
KBR,DU3053535,11156,,32,1.79769313486232E+308,LMT,SELL,0,35.24,36.24,,1.79769313486232E+308,True,GTC,,
CWEN A,DU3053535,11145,,31,1.79769313486232E+308,TRAIL LIMIT,SELL,1.62,0,29.71,,-14.86,True,GTC,,
CHSCO,DU3053535,11146,,34,1.79769313486232E+308,LMT,BUY,0,29.6,30.6,,1.79769313486232E+308,True,GTC,,,20201229 09:30:00 EST, 135578719≥+29.02, 135578719≥+22291,margin ≥+20
CWEN A,DU3053535,11143,,31,1.79769313486232E+308,LMT,BUY,0,31.95,32.95,,1.79769313486232E+308,True,GTC,,,20201229 09:30:00 EST, 332126688≥+31.33, 332126688≥+152236,margin ≥+20
CWEN A,DU3053535,11144,,31,1.79769313486232E+308,LMT,SELL,0,36.18,37.18,,1.79769313486232E+308,True,GTC,,
OBNK,DU3053535,11149,,33,1.79769313486232E+308,LMT,BUY,0,30.68,31.68,,1.79769313486232E+308,True,GTC,,,20201229 09:30:00 EST, 317116247≥+30.08, 317116247≥+30600,margin ≥+20
OBNK,DU3053535,11150,,33,1.79769313486232E+308,LMT,SELL,0,36.96,37.96,,1.79769313486232E+308,True,GTC,,
CHSCO,DU3053535,11147,,34,1.79769313486232E+308,LMT,SELL,0,30.73,31.73,,1.79769313486232E+308,True,GTC,,
CHSCO,DU3053535,11148,,34,1.79769313486232E+308,TRAIL LIMIT,SELL,0.57,0,28.44,,-14.22,True,GTC,,
HCM,DU3053535,11169,,32,1.79769313486232E+308,TRAIL LIMIT,SELL,2.21,0,28.74,,-14.37,True,GTC,,
BGS,DU3053535,11170,,31,1.79769313486232E+308,LMT,BUY,0,32.36,33.36,,1.79769313486232E+308,True,GTC,,,20201229 09:30:00 EST, 44216351≥+31.73, 44216351≥+574709,margin ≥+20
HCM,DU3053535,11167,,32,1.79769313486232E+308,LMT,BUY,0,31.57,32.57,,1.79769313486232E+308,True,GTC,,,20201229 09:30:00 EST, 225588434≥+30.95, 225588434≥+39345,margin ≥+20
HCM,DU3053535,11168,,32,1.79769313486232E+308,LMT,SELL,0,37.58,38.58,,1.79769313486232E+308,True,GTC,,
EWI,DU3053535,11173,,33,1.79769313486232E+308,LMT,BUY,0,30.59,31.59,,1.79769313486232E+308,True,GTC,,,20201229 09:30:00 EST, 253190540≥+29.99, 253190540≥+194182,margin ≥+20
EWI,DU3053535,11174,,33,1.79769313486232E+308,LMT,SELL,0,32.36,33.36,,1.79769313486232E+308,True,GTC,,
BGS,DU3053535,11171,,31,1.79769313486232E+308,LMT,SELL,0,37.05,38.05,,1.79769313486232E+308,True,GTC,,
BGS,DU3053535,11172,,31,1.79769313486232E+308,TRAIL LIMIT,SELL,1.77,0,29.95,,-14.97,True,GTC,,
AXTA,DU3053535,11161,,33,1.79769313486232E+308,LMT,BUY,0,30.61,31.61,,1.79769313486232E+308,True,GTC,,,20201229 09:30:00 EST, 173253787≥+30.01, 173253787≥+416527,margin ≥+20
AXTA,DU3053535,11162,,33,1.79769313486232E+308,LMT,SELL,0,33.91,34.91,,1.79769313486232E+308,True,GTC,,
FITBI,DU3053535,11159,,34,1.79769313486232E+308,LMT,SELL,0,31.03,32.03,,1.79769313486232E+308,True,GTC,,
FITBI,DU3053535,11160,,34,1.79769313486232E+308,TRAIL LIMIT,SELL,0.54,0,28.85,,-14.42,True,GTC,,
CCC,DU3053535,11165,,31,1.79769313486232E+308,LMT,SELL,0,36.12,37.12,,1.79769313486232E+308,True,GTC,,
CCC,DU3053535,11166,,31,1.79769313486232E+308,TRAIL LIMIT,SELL,1.54,0,29.95,,-14.97,True,GTC,,
AXTA,DU3053535,11163,,33,1.79769313486232E+308,TRAIL LIMIT,SELL,1.3,0,28.71,,-14.35,True,GTC,,
CCC,DU3053535,11164,,31,1.79769313486232E+308,LMT,BUY,0,32.12,33.12,,1.79769313486232E+308,True,GTC,,,20201229 09:30:00 EST, 365792551≥+31.49, 365792551≥+147855,margin ≥+20
XLF,DU3053535,11123,,33,1.79769313486232E+308,LMT,SELL,0,33.93,34.93,,1.79769313486232E+308,True,GTC,,
XLF,DU3053535,11124,,33,1.79769313486232E+308,TRAIL LIMIT,SELL,1.3,0,28.73,,-14.36,True,GTC,,
FOXA,DU3053535,11121,,33,1.79769313486232E+308,TRAIL LIMIT,SELL,1.7,0,28.39,,-14.19,True,GTC,,
XLF,DU3053535,11122,,33,1.79769313486232E+308,LMT,BUY,0,30.63,31.63,,1.79769313486232E+308,True,GTC,,,20201229 09:30:00 EST, 4215220≥+30.03, 4215220≥+69875945,margin ≥+20
KOP,DU3053535,11127,,32,1.79769313486232E+308,TRAIL LIMIT,SELL,2.46,0,28.44,,-14.22,True,GTC,,
KOP,DU3053535,11125,,32,1.79769313486232E+308,LMT,BUY,0,31.52,32.52,,1.79769313486232E+308,True,GTC,,,20201229 09:30:00 EST, 37655662≥+30.9, 37655662≥+158473,margin ≥+20
KOP,DU3053535,11126,,32,1.79769313486232E+308,LMT,SELL,0,38.29,39.29,,1.79769313486232E+308,True,GTC,,
BXMT,DU3053535,11115,,33,1.79769313486232E+308,TRAIL LIMIT,SELL,1.59,0,28.26,,-14.13,True,GTC,,
CHL,DU3053535,11116,,33,1.79769313486232E+308,LMT,BUY,0,30.56,31.56,,1.79769313486232E+308,True,GTC,,,20201229 09:30:00 EST, 5022638≥+29.96, 5022638≥+243818,margin ≥+20
BXMT,DU3053535,11113,,33,1.79769313486232E+308,LMT,BUY,0,30.44,31.44,,1.79769313486232E+308,True,GTC,,,20201229 09:30:00 EST, 127149807≥+29.85, 127149807≥+320655,margin ≥+20
BXMT,DU3053535,11114,,33,1.79769313486232E+308,LMT,SELL,0,34.61,35.61,,1.79769313486232E+308,True,GTC,,
FOXA,DU3053535,11119,,33,1.79769313486232E+308,LMT,BUY,0,30.69,31.69,,1.79769313486232E+308,True,GTC,,,20201229 09:30:00 EST, 356858008≥+30.09, 356858008≥+1730473,margin ≥+20
FOXA,DU3053535,11120,,33,1.79769313486232E+308,LMT,SELL,0,35.17,36.17,,1.79769313486232E+308,True,GTC,,
CHL,DU3053535,11117,,33,1.79769313486232E+308,LMT,SELL,0,34.02,35.02,,1.79769313486232E+308,True,GTC,,
CHL,DU3053535,11118,,33,1.79769313486232E+308,TRAIL LIMIT,SELL,1.35,0,28.61,,-14.31,True,GTC,,
SP,DU3053535,11137,,31,1.79769313486232E+308,LMT,BUY,0,31.98,32.98,,1.79769313486232E+308,True,GTC,,,20201229 09:30:00 EST, 139457850≥+31.36, 139457850≥+35982,margin ≥+20
SP,DU3053535,11138,,31,1.79769313486232E+308,LMT,SELL,0,39.39,40.39,,1.79769313486232E+308,True,GTC,,
HSII,DU3053535,11135,,32,1.79769313486232E+308,LMT,SELL,0,35.73,36.73,,1.79769313486232E+308,True,GTC,,
HSII,DU3053535,11136,,32,1.79769313486232E+308,TRAIL LIMIT,SELL,1.73,0,28.82,,-14.41,True,GTC,,
COOP,DU3053535,11141,,31,1.79769313486232E+308,LMT,SELL,0,38.62,39.62,,1.79769313486232E+308,True,GTC,,
COOP,DU3053535,11142,,31,1.79769313486232E+308,TRAIL LIMIT,SELL,2.26,0,29.58,,-14.79,True,GTC,,
SP,DU3053535,11139,,31,1.79769313486232E+308,TRAIL LIMIT,SELL,2.68,0,28.68,,-14.34,True,GTC,,
COOP,DU3053535,11140,,31,1.79769313486232E+308,LMT,BUY,0,32.48,33.48,,1.79769313486232E+308,True,GTC,,,20201229 09:30:00 EST, 336750583≥+31.84, 336750583≥+468109,margin ≥+20
BAC,DU3053535,11129,,32,1.79769313486232E+308,LMT,SELL,0,36.09,37.09,,1.79769313486232E+308,True,GTC,,
BAC,DU3053535,11130,,32,1.79769313486232E+308,TRAIL LIMIT,SELL,1.71,0,29.27,,-14.63,True,GTC,,
BAC,DU3053535,11128,,32,1.79769313486232E+308,LMT,BUY,0,31.6,32.6,,1.79769313486232E+308,True,GTC,,,20201229 09:30:00 EST, 10098≥+30.98, 10098≥+12161345,margin ≥+20
EPI,DU3053535,11133,,34,1.79769313486232E+308,TRAIL LIMIT,SELL,0.87,0,28.38,,-14.19,True,GTC,,
HSII,DU3053535,11134,,32,1.79769313486232E+308,LMT,BUY,0,31.16,32.16,,1.79769313486232E+308,True,GTC,,,20201229 09:30:00 EST, 6857640≥+30.55, 6857640≥+49855,margin ≥+20
EPI,DU3053535,11131,,34,1.79769313486232E+308,LMT,BUY,0,29.84,30.84,,1.79769313486232E+308,True,GTC,,,20201229 09:30:00 EST, 49284274≥+29.26, 49284274≥+50818,margin ≥+20
EPI,DU3053535,11132,,34,1.79769313486232E+308,LMT,SELL,0,31.88,32.88,,1.79769313486232E+308,True,GTC,,
